date;input flowrate (m3/s)
1-01-2022 00:00;16.12
1-01-2022 00:15;16.12
1-01-2022 00:30;15.87
1-01-2022 00:45;15.97
1-01-2022 01:00;15.74
1-01-2022 01:15;15.76
1-01-2022 01:30;15.61
1-01-2022 01:45;15.67
1-01-2022 02:00;15.57
1-01-2022 02:15;15.5
1-01-2022 02:30;15.68
1-01-2022 02:45;15.6
1-01-2022 03:00;16.42
1-01-2022 03:15;15.38
1-01-2022 03:30;15.03
1-01-2022 03:45;14.99
1-01-2022 04:00;15.07
1-01-2022 04:15;15.04
1-01-2022 04:30;15.09
1-01-2022 04:45;15.21
1-01-2022 05:00;15.47
1-01-2022 05:15;16.38
1-01-2022 05:30;16.44
1-01-2022 05:45;15.68
1-01-2022 06:00;15.54
1-01-2022 06:15;15.31
1-01-2022 06:30;15.27
1-01-2022 06:45;15.1
1-01-2022 07:00;15.21
1-01-2022 07:15;15.48
1-01-2022 07:30;14.5
1-01-2022 07:45;14.47
1-01-2022 08:00;14.55
1-01-2022 08:15;15.36
1-01-2022 08:30;14.7
1-01-2022 08:45;14.6
1-01-2022 09:00;14.33
1-01-2022 09:15;14.2
1-01-2022 09:30;13.86
1-01-2022 09:45;13.64
1-01-2022 10:00;13.41
1-01-2022 10:15;13.11
1-01-2022 10:30;12.91
1-01-2022 10:45;12.7
1-01-2022 11:00;12.5
1-01-2022 11:15;12.32
1-01-2022 11:30;12.13
1-01-2022 11:45;11.98
1-01-2022 12:00;11.94
1-01-2022 12:15;11.8
1-01-2022 12:30;11.65
1-01-2022 12:45;11.51
1-01-2022 13:00;11.49
1-01-2022 13:15;11.53
1-01-2022 13:30;11.52
1-01-2022 13:45;11.77
1-01-2022 14:00;11.95
1-01-2022 14:15;12.17
1-01-2022 14:30;12.46
1-01-2022 14:45;13.2
1-01-2022 15:00;13.28
1-01-2022 15:15;13.54
1-01-2022 15:30;13.92
1-01-2022 15:45;15.04
1-01-2022 16:00;14.66
1-01-2022 16:15;14.96
1-01-2022 16:30;15.74
1-01-2022 16:45;15.57
1-01-2022 17:00;15.37
1-01-2022 17:15;15.58
1-01-2022 17:30;15.76
1-01-2022 17:45;15.76
1-01-2022 18:00;15.72
1-01-2022 18:15;15.74
1-01-2022 18:30;15.61
1-01-2022 18:45;15.63
1-01-2022 19:00;15.66
1-01-2022 19:15;15.63
1-01-2022 19:30;15.69
1-01-2022 19:45;15.69
1-01-2022 20:00;15.77
1-01-2022 20:15;15.23
1-01-2022 20:30;15.38
1-01-2022 20:45;14.45
1-01-2022 21:00;13.89
1-01-2022 21:15;13.91
1-01-2022 21:30;14.21
1-01-2022 21:45;14.1
1-01-2022 22:00;13.6
1-01-2022 22:15;13.35
1-01-2022 22:30;13.05
1-01-2022 22:45;12.74
1-01-2022 23:00;12.95
1-01-2022 23:15;12.81
1-01-2022 23:30;12.79
1-01-2022 23:45;12.84
2-01-2022 00:00;12.88
2-01-2022 00:15;12.89
2-01-2022 00:30;12.89
2-01-2022 00:45;13.33
2-01-2022 01:00;13.28
2-01-2022 01:15;13.55
2-01-2022 01:30;13.59
2-01-2022 01:45;13.58
2-01-2022 02:00;13.54
2-01-2022 02:15;13.54
2-01-2022 02:30;13.46
2-01-2022 02:45;13.46
2-01-2022 03:00;13.34
2-01-2022 03:15;13.44
2-01-2022 03:30;13.47
2-01-2022 03:45;13.8
2-01-2022 04:00;13.78
2-01-2022 04:15;13.88
2-01-2022 04:30;13.92
2-01-2022 04:45;13.95
2-01-2022 05:00;13.87
2-01-2022 05:15;13.87
2-01-2022 05:30;13.65
2-01-2022 05:45;13.51
2-01-2022 06:00;13.24
2-01-2022 06:15;13.11
2-01-2022 06:30;12.86
2-01-2022 06:45;12.68
2-01-2022 07:00;12.42
2-01-2022 07:15;12.14
2-01-2022 07:30;12.02
2-01-2022 07:45;11.67
2-01-2022 08:00;11.29
2-01-2022 08:15;11.12
2-01-2022 08:30;10.82
2-01-2022 08:45;10.73
2-01-2022 09:00;10.39
2-01-2022 09:15;10.22
2-01-2022 09:30;10.33
2-01-2022 09:45;10.31
2-01-2022 10:00;10.3
2-01-2022 10:15;10.39
2-01-2022 10:30;10.36
2-01-2022 10:45;10.4
2-01-2022 11:00;10.34
2-01-2022 11:15;10.15
2-01-2022 11:30;10.01
2-01-2022 11:45;10.31
2-01-2022 12:00;10.81
2-01-2022 12:15;10.82
2-01-2022 12:30;11.22
2-01-2022 12:45;11.25
2-01-2022 13:00;11.46
2-01-2022 13:15;11.79
2-01-2022 13:30;12.03
2-01-2022 13:45;12.34
2-01-2022 14:00;12.6
2-01-2022 14:15;13.05
2-01-2022 14:30;13.34
2-01-2022 14:45;13.66
2-01-2022 15:00;14.05
2-01-2022 15:15;14.37
2-01-2022 15:30;14.62
2-01-2022 15:45;14.89
2-01-2022 16:00;15.1
2-01-2022 16:15;15.43
2-01-2022 16:30;15.64
2-01-2022 16:45;15.51
2-01-2022 17:00;15.55
2-01-2022 17:15;15.68
2-01-2022 17:30;15.82
2-01-2022 17:45;15.89
2-01-2022 18:00;16.08
2-01-2022 18:15;16.22
2-01-2022 18:30;16.23
2-01-2022 18:45;16.3
2-01-2022 19:00;16.25
2-01-2022 19:15;16.35
2-01-2022 19:30;16.44
2-01-2022 19:45;16.44
2-01-2022 20:00;16.49
2-01-2022 20:15;16.58
2-01-2022 20:30;16.81
2-01-2022 20:45;16.86
2-01-2022 21:00;17.37
2-01-2022 21:15;17.52
2-01-2022 21:30;17.61
2-01-2022 21:45;17.46
2-01-2022 22:00;17.44
2-01-2022 22:15;17.61
2-01-2022 22:30;17.56
2-01-2022 22:45;17.67
2-01-2022 23:00;17.33
2-01-2022 23:15;17.33
2-01-2022 23:30;17.17
2-01-2022 23:45;17.08
3-01-2022 00:00;17.06
3-01-2022 00:15;18.09
3-01-2022 00:30;18.31
3-01-2022 00:45;16.9
3-01-2022 01:00;15.55
3-01-2022 01:15;16.33
3-01-2022 01:30;16.09
3-01-2022 01:45;15.71
3-01-2022 02:00;15.77
3-01-2022 02:15;15.6
3-01-2022 02:30;15.2
3-01-2022 02:45;14.94
3-01-2022 03:00;14.82
3-01-2022 03:15;14.56
3-01-2022 03:30;14.45
3-01-2022 03:45;14.6
3-01-2022 04:00;15.04
3-01-2022 04:15;15.21
3-01-2022 04:30;15.55
3-01-2022 04:45;14.45
3-01-2022 05:00;11.89
3-01-2022 05:15;16.23
3-01-2022 05:30;14.33
3-01-2022 05:45;13.62
3-01-2022 06:00;13.69
3-01-2022 06:15;14.27
3-01-2022 06:30;14.43
3-01-2022 06:45;14.62
3-01-2022 07:00;14.87
3-01-2022 07:15;15.02
3-01-2022 07:30;14.93
3-01-2022 07:45;14.76
3-01-2022 08:00;14.65
3-01-2022 08:15;14.61
3-01-2022 08:30;14.54
3-01-2022 08:45;14.49
3-01-2022 09:00;14.41
3-01-2022 09:15;14.46
3-01-2022 09:30;14.25
3-01-2022 09:45;14.21
3-01-2022 10:00;14.03
3-01-2022 10:15;13.95
3-01-2022 10:30;13.94
3-01-2022 10:45;14.51
3-01-2022 11:00;14.18
3-01-2022 11:15;12.8
3-01-2022 11:30;11.16
3-01-2022 11:45;12.87
3-01-2022 12:00;12.67
3-01-2022 12:15;12.44
3-01-2022 12:30;13.12
3-01-2022 12:45;13.49
3-01-2022 13:00;14.18
3-01-2022 13:15;14.48
3-01-2022 13:30;16.06
3-01-2022 13:45;17.98
3-01-2022 14:00;18.48
3-01-2022 14:15;18.45
3-01-2022 14:30;20.04
3-01-2022 14:45;21
3-01-2022 15:00;20.88
3-01-2022 15:15;19.9
3-01-2022 15:30;20.01
3-01-2022 15:45;19.6
3-01-2022 16:00;20.03
3-01-2022 16:15;19.94
3-01-2022 16:30;19.98
3-01-2022 16:45;19.85
3-01-2022 17:00;20.52
3-01-2022 17:15;19.81
3-01-2022 17:30;20.5
3-01-2022 17:45;20.97
3-01-2022 18:00;20.95
3-01-2022 18:15;21.44
3-01-2022 18:30;19.96
3-01-2022 18:45;21.02
3-01-2022 19:00;22.38
3-01-2022 19:15;24.32
3-01-2022 19:30;26.64
3-01-2022 19:45;30.24
3-01-2022 20:00;35.54
3-01-2022 20:15;41.32
3-01-2022 20:30;42.69
3-01-2022 20:45;44.64
3-01-2022 21:00;43.71
3-01-2022 21:15;43.84
3-01-2022 21:30;43.13
3-01-2022 21:45;43.21
3-01-2022 22:00;42.68
3-01-2022 22:15;42.68
3-01-2022 22:30;41.13
3-01-2022 22:45;42.15
3-01-2022 23:00;43.03
3-01-2022 23:15;43.31
3-01-2022 23:30;41.93
3-01-2022 23:45;45.62
4-01-2022 00:00;45.16
4-01-2022 00:15;45.56
4-01-2022 00:30;45.34
4-01-2022 00:45;45.44
4-01-2022 01:00;45.32
4-01-2022 01:15;45.38
4-01-2022 01:30;45.31
4-01-2022 01:45;45.29
4-01-2022 02:00;45.76
4-01-2022 02:15;46.14
4-01-2022 02:30;46.89
4-01-2022 02:45;46.39
4-01-2022 03:00;47.6
4-01-2022 03:15;48.05
4-01-2022 03:30;48.3
4-01-2022 03:45;47.73
4-01-2022 04:00;47.83
4-01-2022 04:15;48.55
4-01-2022 04:30;47.45
4-01-2022 04:45;47.05
4-01-2022 05:00;46.64
4-01-2022 05:15;47.12
4-01-2022 05:30;47.09
4-01-2022 05:45;47.11
4-01-2022 06:00;46.8
4-01-2022 06:15;46.85
4-01-2022 06:30;46.65
4-01-2022 06:45;46.54
4-01-2022 07:00;46.2
4-01-2022 07:15;45.77
4-01-2022 07:30;45.23
4-01-2022 07:45;44.85
4-01-2022 08:00;44.65
4-01-2022 08:15;43.71
4-01-2022 08:30;43.75
4-01-2022 08:45;44.28
4-01-2022 09:00;44.03
4-01-2022 09:15;43.91
4-01-2022 09:30;43.79
4-01-2022 09:45;45.04
4-01-2022 10:00;45.27
4-01-2022 10:15;45.04
4-01-2022 10:30;44.85
4-01-2022 10:45;44.89
4-01-2022 11:00;44.75
4-01-2022 11:15;44.43
4-01-2022 11:30;44.23
4-01-2022 11:45;44.27
4-01-2022 12:00;44.07
4-01-2022 12:15;44.07
4-01-2022 12:30;43.93
4-01-2022 12:45;43.98
4-01-2022 13:00;44.01
4-01-2022 13:15;43.6
4-01-2022 13:30;43.65
4-01-2022 13:45;43.66
4-01-2022 14:00;43.36
4-01-2022 14:15;43.35
4-01-2022 14:30;43.14
4-01-2022 14:45;43.55
4-01-2022 15:00;42.96
4-01-2022 15:15;41.28
4-01-2022 15:30;39.41
4-01-2022 15:45;39.25
4-01-2022 16:00;38.81
4-01-2022 16:15;38.8
4-01-2022 16:30;38.9
4-01-2022 16:45;38.35
4-01-2022 17:00;37.92
4-01-2022 17:15;37.53
4-01-2022 17:30;35.59
4-01-2022 17:45;34.07
4-01-2022 18:00;33.36
4-01-2022 18:15;32.8
4-01-2022 18:30;31.54
4-01-2022 18:45;31.63
4-01-2022 19:00;31.34
4-01-2022 19:15;30.43
4-01-2022 19:30;30.35
4-01-2022 19:45;28.41
4-01-2022 20:00;27.03
4-01-2022 20:15;26.89
4-01-2022 20:30;25.64
4-01-2022 20:45;26.38
4-01-2022 21:00;26.2
4-01-2022 21:15;24.86
4-01-2022 21:30;24.81
4-01-2022 21:45;25.16
4-01-2022 22:00;25.18
4-01-2022 22:15;25.18
4-01-2022 22:30;25.17
4-01-2022 22:45;25.01
4-01-2022 23:00;25.19
4-01-2022 23:15;25.18
4-01-2022 23:30;24.96
4-01-2022 23:45;24.98
5-01-2022 00:00;25.07
5-01-2022 00:15;24.74
5-01-2022 00:30;24.74
5-01-2022 00:45;24.48
5-01-2022 01:00;24.42
5-01-2022 01:15;24.37
5-01-2022 01:30;24.36
5-01-2022 01:45;23.97
5-01-2022 02:00;23.93
5-01-2022 02:15;23.61
5-01-2022 02:30;23.66
5-01-2022 02:45;23.78
5-01-2022 03:00;23.9
5-01-2022 03:15;23.51
5-01-2022 03:30;23.66
5-01-2022 03:45;21.46
5-01-2022 04:00;21.15
5-01-2022 04:15;20.57
5-01-2022 04:30;20.06
5-01-2022 04:45;21.22
5-01-2022 05:00;20.13
5-01-2022 05:15;19.42
5-01-2022 05:30;18.94
5-01-2022 05:45;18.72
5-01-2022 06:00;18.49
5-01-2022 06:15;18.09
5-01-2022 06:30;17.87
5-01-2022 06:45;17.48
5-01-2022 07:00;17.33
5-01-2022 07:15;16.5
5-01-2022 07:30;16.38
5-01-2022 07:45;17.01
5-01-2022 08:00;17.57
5-01-2022 08:15;16.4
5-01-2022 08:30;16.01
5-01-2022 08:45;16.08
5-01-2022 09:00;16.22
5-01-2022 09:15;16.58
5-01-2022 09:30;16.64
5-01-2022 09:45;18
5-01-2022 10:00;17.06
5-01-2022 10:15;16.75
5-01-2022 10:30;17.12
5-01-2022 10:45;18.06
5-01-2022 11:00;18.62
5-01-2022 11:15;18.81
5-01-2022 11:30;19.19
5-01-2022 11:45;19.27
5-01-2022 12:00;19.42
5-01-2022 12:15;19.64
5-01-2022 12:30;19.88
5-01-2022 12:45;19.81
5-01-2022 13:00;19.76
5-01-2022 13:15;19.16
5-01-2022 13:30;18.83
5-01-2022 13:45;19.56
5-01-2022 14:00;20.01
5-01-2022 14:15;20.15
5-01-2022 14:30;20.28
5-01-2022 14:45;20.31
5-01-2022 15:00;20.69
5-01-2022 15:15;20.7
5-01-2022 15:30;20.63
5-01-2022 15:45;20.71
5-01-2022 16:00;20.75
5-01-2022 16:15;20.88
5-01-2022 16:30;20.96
5-01-2022 16:45;21.02
5-01-2022 17:00;21.71
5-01-2022 17:15;21.93
5-01-2022 17:30;20.94
5-01-2022 17:45;20.8
5-01-2022 18:00;21.12
5-01-2022 18:15;21.43
5-01-2022 18:30;20.39
5-01-2022 18:45;20.41
5-01-2022 19:00;20.26
5-01-2022 19:15;20.33
5-01-2022 19:30;19.87
5-01-2022 19:45;19.76
5-01-2022 20:00;19.68
5-01-2022 20:15;20.45
5-01-2022 20:30;20.63
5-01-2022 20:45;20.73
5-01-2022 21:00;20.04
5-01-2022 21:15;19.99
5-01-2022 21:30;20.24
5-01-2022 21:45;20.3
5-01-2022 22:00;20.37
5-01-2022 22:15;20.45
5-01-2022 22:30;20.93
5-01-2022 22:45;21.61
5-01-2022 23:00;20.8
5-01-2022 23:15;20.78
5-01-2022 23:30;20.93
5-01-2022 23:45;21.75
6-01-2022 00:00;20.7
6-01-2022 00:15;20.83
6-01-2022 00:30;21.14
6-01-2022 00:45;21.19
6-01-2022 01:00;21.13
6-01-2022 01:15;21.14
6-01-2022 01:30;21.49
6-01-2022 01:45;21.42
6-01-2022 02:00;21.32
6-01-2022 02:15;21.05
6-01-2022 02:30;21.17
6-01-2022 02:45;21.15
6-01-2022 03:00;21
6-01-2022 03:15;20.98
6-01-2022 03:30;21.05
6-01-2022 03:45;21
6-01-2022 04:00;20.84
6-01-2022 04:15;20.52
6-01-2022 04:30;20.29
6-01-2022 04:45;20.5
6-01-2022 05:00;20.51
6-01-2022 05:15;20.43
6-01-2022 05:30;20.46
6-01-2022 05:45;20.27
6-01-2022 06:00;19.7
6-01-2022 06:15;19.5
6-01-2022 06:30;20.92
6-01-2022 06:45;18.82
6-01-2022 07:00;17.41
6-01-2022 07:15;16.67
6-01-2022 07:30;17.47
6-01-2022 07:45;16.51
6-01-2022 08:00;15.82
6-01-2022 08:15;15.76
6-01-2022 08:30;14.31
6-01-2022 08:45;11.89
6-01-2022 09:00;11.88
6-01-2022 09:15;12.36
6-01-2022 09:30;12.59
6-01-2022 09:45;12.76
6-01-2022 10:00;14.36
6-01-2022 10:15;17.79
6-01-2022 10:30;15.51
6-01-2022 10:45;13.25
6-01-2022 11:00;13.46
6-01-2022 11:15;14.36
6-01-2022 11:30;14.68
6-01-2022 11:45;14.9
6-01-2022 12:00;15.16
6-01-2022 12:15;16.11
6-01-2022 12:30;20.12
6-01-2022 12:45;21.95
6-01-2022 13:00;21.86
6-01-2022 13:15;21.33
6-01-2022 13:30;22.05
6-01-2022 13:45;22.41
6-01-2022 14:00;21.57
6-01-2022 14:15;21.53
6-01-2022 14:30;21.52
6-01-2022 14:45;21.73
6-01-2022 15:00;21.6
6-01-2022 15:15;21.81
6-01-2022 15:30;20.25
6-01-2022 15:45;18.02
6-01-2022 16:00;17.39
6-01-2022 16:15;17.21
6-01-2022 16:30;17.2
6-01-2022 16:45;17.77
6-01-2022 17:00;18.17
6-01-2022 17:15;18.45
6-01-2022 17:30;18.3
6-01-2022 17:45;17.75
6-01-2022 18:00;17.22
6-01-2022 18:15;17.11
6-01-2022 18:30;17.19
6-01-2022 18:45;17.26
6-01-2022 19:00;17.08
6-01-2022 19:15;16.84
6-01-2022 19:30;17
6-01-2022 19:45;17.06
6-01-2022 20:00;17.31
6-01-2022 20:15;17.49
6-01-2022 20:30;17.54
6-01-2022 20:45;17.74
6-01-2022 21:00;17.74
6-01-2022 21:15;17.92
6-01-2022 21:30;17.94
6-01-2022 21:45;18.12
6-01-2022 22:00;18.2
6-01-2022 22:15;18.3
6-01-2022 22:30;18.49
6-01-2022 22:45;19.17
6-01-2022 23:00;18.37
6-01-2022 23:15;18.45
6-01-2022 23:30;18.9
6-01-2022 23:45;19.28
7-01-2022 00:00;19.34
7-01-2022 00:15;20.23
7-01-2022 00:30;20.3
7-01-2022 00:45;20.23
7-01-2022 01:00;20.31
7-01-2022 01:15;20.27
7-01-2022 01:30;20.25
7-01-2022 01:45;20.56
7-01-2022 02:00;20.61
7-01-2022 02:15;20.48
7-01-2022 02:30;20.53
7-01-2022 02:45;20.49
7-01-2022 03:00;20.48
7-01-2022 03:15;20.33
7-01-2022 03:30;20.3
7-01-2022 03:45;20.44
7-01-2022 04:00;20.4
7-01-2022 04:15;20.62
7-01-2022 04:30;21.56
7-01-2022 04:45;21.16
7-01-2022 05:00;20.92
7-01-2022 05:15;20.82
7-01-2022 05:30;20.72
7-01-2022 05:45;19.74
7-01-2022 06:00;18.76
7-01-2022 06:15;20.61
7-01-2022 06:30;20.48
7-01-2022 06:45;19.68
7-01-2022 07:00;18.52
7-01-2022 07:15;18.73
7-01-2022 07:30;18.98
7-01-2022 07:45;19.32
7-01-2022 08:00;18.87
7-01-2022 08:15;17.84
7-01-2022 08:30;17.69
7-01-2022 08:45;17.76
7-01-2022 09:00;17.53
7-01-2022 09:15;17.24
7-01-2022 09:30;17.71
7-01-2022 09:45;18.06
7-01-2022 10:00;18.77
7-01-2022 10:15;19.23
7-01-2022 10:30;18.34
7-01-2022 10:45;19.05
7-01-2022 11:00;18.69
7-01-2022 11:15;19.44
7-01-2022 11:30;20.18
7-01-2022 11:45;21.23
7-01-2022 12:00;21.97
7-01-2022 12:15;21.87
7-01-2022 12:30;22.21
7-01-2022 12:45;23.68
7-01-2022 13:00;25.15
7-01-2022 13:15;25.37
7-01-2022 13:30;25.86
7-01-2022 13:45;26.6
7-01-2022 14:00;26.57
7-01-2022 14:15;27
7-01-2022 14:30;26.86
7-01-2022 14:45;26.85
7-01-2022 15:00;27.04
7-01-2022 15:15;27.21
7-01-2022 15:30;27.2
7-01-2022 15:45;27.28
7-01-2022 16:00;27.2
7-01-2022 16:15;26.96
7-01-2022 16:30;26.64
7-01-2022 16:45;26.44
7-01-2022 17:00;27.9
7-01-2022 17:15;28.04
7-01-2022 17:30;26.39
7-01-2022 17:45;26.22
7-01-2022 18:00;26.1
7-01-2022 18:15;25.31
7-01-2022 18:30;25.93
7-01-2022 18:45;26.24
7-01-2022 19:00;26.57
7-01-2022 19:15;28.45
7-01-2022 19:30;25.92
7-01-2022 19:45;24.49
7-01-2022 20:00;25.42
7-01-2022 20:15;25.3
7-01-2022 20:30;25.56
7-01-2022 20:45;25.62
7-01-2022 21:00;25.37
7-01-2022 21:15;25.73
7-01-2022 21:30;26.21
7-01-2022 21:45;26.92
7-01-2022 22:00;27.81
7-01-2022 22:15;28.5
7-01-2022 22:30;29.14
7-01-2022 22:45;29.35
7-01-2022 23:00;32.64
7-01-2022 23:15;33.31
7-01-2022 23:30;33.68
7-01-2022 23:45;33.47
8-01-2022 00:00;33.65
8-01-2022 00:15;33.28
8-01-2022 00:30;33.26
8-01-2022 00:45;33.29
8-01-2022 01:00;33.22
8-01-2022 01:15;33.26
8-01-2022 01:30;31.76
8-01-2022 01:45;31.94
8-01-2022 02:00;30.88
8-01-2022 02:15;30.58
8-01-2022 02:30;29.2
8-01-2022 02:45;26.36
8-01-2022 03:00;25.19
8-01-2022 03:15;24.89
8-01-2022 03:30;24.69
8-01-2022 03:45;23.93
8-01-2022 04:00;23.86
8-01-2022 04:15;23.45
8-01-2022 04:30;23.06
8-01-2022 04:45;22
8-01-2022 05:00;21.38
8-01-2022 05:15;20.54
8-01-2022 05:30;19.54
8-01-2022 05:45;18.32
8-01-2022 06:00;17.19
8-01-2022 06:15;17.47
8-01-2022 06:30;17.05
8-01-2022 06:45;16.66
8-01-2022 07:00;16.43
8-01-2022 07:15;16.13
8-01-2022 07:30;15.83
8-01-2022 07:45;15.4
8-01-2022 08:00;15.05
8-01-2022 08:15;15.08
8-01-2022 08:30;15.34
8-01-2022 08:45;13.84
8-01-2022 09:00;11.66
8-01-2022 09:15;11.73
8-01-2022 09:30;13.06
8-01-2022 09:45;11.07
8-01-2022 10:00;10.85
8-01-2022 10:15;10.95
8-01-2022 10:30;11.16
8-01-2022 10:45;11.3
8-01-2022 11:00;11.32
8-01-2022 11:15;11.55
8-01-2022 11:30;11.91
8-01-2022 11:45;12.29
8-01-2022 12:00;12.59
8-01-2022 12:15;13.08
8-01-2022 12:30;13.92
8-01-2022 12:45;14.32
8-01-2022 13:00;15.62
8-01-2022 13:15;20.85
8-01-2022 13:30;21.01
8-01-2022 13:45;21.04
8-01-2022 14:00;21.49
8-01-2022 14:15;21.68
8-01-2022 14:30;22.29
8-01-2022 14:45;22.99
8-01-2022 15:00;24.01
8-01-2022 15:15;27.23
8-01-2022 15:30;31.49
8-01-2022 15:45;31.11
8-01-2022 16:00;30.74
8-01-2022 16:15;30.88
8-01-2022 16:30;32.27
8-01-2022 16:45;32.64
8-01-2022 17:00;34.86
8-01-2022 17:15;37.74
8-01-2022 17:30;39.37
8-01-2022 17:45;40.5
8-01-2022 18:00;41.09
8-01-2022 18:15;41.91
8-01-2022 18:30;44.39
8-01-2022 18:45;44.8
8-01-2022 19:00;45.1
8-01-2022 19:15;45.71
8-01-2022 19:30;46.69
8-01-2022 19:45;47.08
8-01-2022 20:00;45.6
8-01-2022 20:15;45.6
8-01-2022 20:30;45.76
8-01-2022 20:45;45.79
8-01-2022 21:00;45.68
8-01-2022 21:15;45.49
8-01-2022 21:30;45.12
8-01-2022 21:45;44.94
8-01-2022 22:00;45.16
8-01-2022 22:15;44.04
8-01-2022 22:30;42.89
8-01-2022 22:45;41.54
8-01-2022 23:00;42.87
8-01-2022 23:15;44.33
8-01-2022 23:30;43.8
8-01-2022 23:45;44.25
9-01-2022 00:00;43.93
9-01-2022 00:15;43.76
9-01-2022 00:30;43.78
9-01-2022 00:45;43.34
9-01-2022 01:00;43.13
9-01-2022 01:15;42.95
9-01-2022 01:30;42.87
9-01-2022 01:45;42.51
9-01-2022 02:00;42.39
9-01-2022 02:15;41.98
9-01-2022 02:30;41.58
9-01-2022 02:45;40.83
9-01-2022 03:00;40.76
9-01-2022 03:15;37.85
9-01-2022 03:30;38.18
9-01-2022 03:45;37.39
9-01-2022 04:00;36.18
9-01-2022 04:15;35.12
9-01-2022 04:30;34.65
9-01-2022 04:45;33.9
9-01-2022 05:00;33.48
9-01-2022 05:15;33.44
9-01-2022 05:30;34.43
9-01-2022 05:45;34.92
9-01-2022 06:00;35.21
9-01-2022 06:15;35.01
9-01-2022 06:30;35.27
9-01-2022 06:45;35.26
9-01-2022 07:00;35.58
9-01-2022 07:15;35.56
9-01-2022 07:30;35.59
9-01-2022 07:45;35.73
9-01-2022 08:00;35.94
9-01-2022 08:15;36.63
9-01-2022 08:30;36.85
9-01-2022 08:45;36.94
9-01-2022 09:00;37.11
9-01-2022 09:15;37.45
9-01-2022 09:30;35.04
9-01-2022 09:45;38.33
9-01-2022 10:00;40.34
9-01-2022 10:15;41.87
9-01-2022 10:30;45.28
9-01-2022 10:45;45.44
9-01-2022 11:00;45.86
9-01-2022 11:15;47
9-01-2022 11:30;47.27
9-01-2022 11:45;47.46
9-01-2022 12:00;46.54
9-01-2022 12:15;46.61
9-01-2022 12:30;46.03
9-01-2022 12:45;46.61
9-01-2022 13:00;45.62
9-01-2022 13:15;46.17
9-01-2022 13:30;46.31
9-01-2022 13:45;46.85
9-01-2022 14:00;46.62
9-01-2022 14:15;46.32
9-01-2022 14:30;45.66
9-01-2022 14:45;45.74
9-01-2022 15:00;45.23
9-01-2022 15:15;44.86
9-01-2022 15:30;44.32
9-01-2022 15:45;44.3
9-01-2022 16:00;43.67
9-01-2022 16:15;43.4
9-01-2022 16:30;42.92
9-01-2022 16:45;43.06
9-01-2022 17:00;43.46
9-01-2022 17:15;43.98
9-01-2022 17:30;43.62
9-01-2022 17:45;43.68
9-01-2022 18:00;43.51
9-01-2022 18:15;43.28
9-01-2022 18:30;43.21
9-01-2022 18:45;42.89
9-01-2022 19:00;42.88
9-01-2022 19:15;42.28
9-01-2022 19:30;42.34
9-01-2022 19:45;42.06
9-01-2022 20:00;42.25
9-01-2022 20:15;41.63
9-01-2022 20:30;41.53
9-01-2022 20:45;40.32
9-01-2022 21:00;38.69
9-01-2022 21:15;37.84
9-01-2022 21:30;38.48
9-01-2022 21:45;37.88
9-01-2022 22:00;37.88
9-01-2022 22:15;37.58
9-01-2022 22:30;36.72
9-01-2022 22:45;35.69
9-01-2022 23:00;35.24
9-01-2022 23:15;34.87
9-01-2022 23:30;34.33
9-01-2022 23:45;34.11
10-01-2022 00:00;33.54
10-01-2022 00:15;33.24
10-01-2022 00:30;32.61
10-01-2022 00:45;31.99
10-01-2022 01:00;31.57
10-01-2022 01:15;31.31
10-01-2022 01:30;29.24
10-01-2022 01:45;29.46
10-01-2022 02:00;29.47
10-01-2022 02:15;29.95
10-01-2022 02:30;27.76
10-01-2022 02:45;27.21
10-01-2022 03:00;25.34
10-01-2022 03:15;22.78
10-01-2022 03:30;20.57
10-01-2022 03:45;21.67
10-01-2022 04:00;19.17
10-01-2022 04:15;18.2
10-01-2022 04:30;18.07
10-01-2022 04:45;18.03
10-01-2022 05:00;17.46
10-01-2022 05:15;17.77
10-01-2022 05:30;17.47
10-01-2022 05:45;17.27
10-01-2022 06:00;17.12
10-01-2022 06:15;17.09
10-01-2022 06:30;17.02
10-01-2022 06:45;16.97
10-01-2022 07:00;17.09
10-01-2022 07:15;17.03
10-01-2022 07:30;16.89
10-01-2022 07:45;16.66
10-01-2022 08:00;16.79
10-01-2022 08:15;17.18
10-01-2022 08:30;17.2
10-01-2022 08:45;17.19
10-01-2022 09:00;15.19
10-01-2022 09:15;17.92
10-01-2022 09:30;17.92
10-01-2022 09:45;18.42
10-01-2022 10:00;19.31
10-01-2022 10:15;19.18
10-01-2022 10:30;18.27
10-01-2022 10:45;18.18
10-01-2022 11:00;18.31
10-01-2022 11:15;18.47
10-01-2022 11:30;18.76
10-01-2022 11:45;19.07
10-01-2022 12:00;19.46
10-01-2022 12:15;19.83
10-01-2022 12:30;20.07
10-01-2022 12:45;20.31
10-01-2022 13:00;20.72
10-01-2022 13:15;21.06
10-01-2022 13:30;21.02
10-01-2022 13:45;20.97
10-01-2022 14:00;20.99
10-01-2022 14:15;21.2
10-01-2022 14:30;22.45
10-01-2022 14:45;21.71
10-01-2022 15:00;21.95
10-01-2022 15:15;20.92
10-01-2022 15:30;19.55
10-01-2022 15:45;19.48
10-01-2022 16:00;19.33
10-01-2022 16:15;19.53
10-01-2022 16:30;19.64
10-01-2022 16:45;19.83
10-01-2022 17:00;19.84
10-01-2022 17:15;20.52
10-01-2022 17:30;20.54
10-01-2022 17:45;20.26
10-01-2022 18:00;20.4
10-01-2022 18:15;20.45
10-01-2022 18:30;20.56
10-01-2022 18:45;20.55
10-01-2022 19:00;20.75
10-01-2022 19:15;20.82
10-01-2022 19:30;20.88
10-01-2022 19:45;20.95
10-01-2022 20:00;21
10-01-2022 20:15;21.05
10-01-2022 20:30;20.96
10-01-2022 20:45;21.02
10-01-2022 21:00;21.02
10-01-2022 21:15;21.11
10-01-2022 21:30;21.19
10-01-2022 21:45;21.29
10-01-2022 22:00;21.5
10-01-2022 22:15;21.99
10-01-2022 22:30;21.47
10-01-2022 22:45;21.41
10-01-2022 23:00;21.51
10-01-2022 23:15;21.86
10-01-2022 23:30;21.33
10-01-2022 23:45;21.41
11-01-2022 00:00;21.36
11-01-2022 00:15;21.37
11-01-2022 00:30;21.65
11-01-2022 00:45;21.63
11-01-2022 01:00;21.33
11-01-2022 01:15;21.21
11-01-2022 01:30;21.44
11-01-2022 01:45;21.62
11-01-2022 02:00;21.03
11-01-2022 02:15;21.04
11-01-2022 02:30;20.87
11-01-2022 02:45;20.92
11-01-2022 03:00;20.96
11-01-2022 03:15;20.89
11-01-2022 03:30;20.94
11-01-2022 03:45;20.78
11-01-2022 04:00;20.72
11-01-2022 04:15;20.72
11-01-2022 04:30;20.6
11-01-2022 04:45;20.4
11-01-2022 05:00;20.27
11-01-2022 05:15;20.29
11-01-2022 05:30;20.27
11-01-2022 05:45;20.09
11-01-2022 06:00;19.98
11-01-2022 06:15;19.84
11-01-2022 06:30;19.7
11-01-2022 06:45;19.73
11-01-2022 07:00;19.82
11-01-2022 07:15;19.7
11-01-2022 07:30;19.05
11-01-2022 07:45;19.3
11-01-2022 08:00;17.86
11-01-2022 08:15;17.5
11-01-2022 08:30;16.67
11-01-2022 08:45;17.25
11-01-2022 09:00;18.41
11-01-2022 09:15;18.32
11-01-2022 09:30;18.96
11-01-2022 09:45;18.61
11-01-2022 10:00;18.43
11-01-2022 10:15;16.25
11-01-2022 10:30;15.95
11-01-2022 10:45;15.6
11-01-2022 11:00;16.13
11-01-2022 11:15;16.45
11-01-2022 11:30;16.61
11-01-2022 11:45;16.85
11-01-2022 12:00;16.97
11-01-2022 12:15;16.4
11-01-2022 12:30;16.67
11-01-2022 12:45;19.37
11-01-2022 13:00;21.44
11-01-2022 13:15;21.41
11-01-2022 13:30;21.98
11-01-2022 13:45;21.91
11-01-2022 14:00;20.97
11-01-2022 14:15;19.78
11-01-2022 14:30;19.08
11-01-2022 14:45;19.17
11-01-2022 15:00;19.22
11-01-2022 15:15;19.31
11-01-2022 15:30;16.94
11-01-2022 15:45;19.08
11-01-2022 16:00;19.46
11-01-2022 16:15;19.73
11-01-2022 16:30;19.81
11-01-2022 16:45;19.69
11-01-2022 17:00;19.77
11-01-2022 17:15;19.54
11-01-2022 17:30;19.07
11-01-2022 17:45;18.95
11-01-2022 18:00;19.08
11-01-2022 18:15;19.17
11-01-2022 18:30;19.35
11-01-2022 18:45;18.91
11-01-2022 19:00;18.56
11-01-2022 19:15;18.49
11-01-2022 19:30;18.6
11-01-2022 19:45;18.81
11-01-2022 20:00;19.03
11-01-2022 20:15;19.63
11-01-2022 20:30;19.75
11-01-2022 20:45;19.78
11-01-2022 21:00;19.81
11-01-2022 21:15;19.9
11-01-2022 21:30;19.92
11-01-2022 21:45;20.01
11-01-2022 22:00;20.09
11-01-2022 22:15;20.12
11-01-2022 22:30;20.5
11-01-2022 22:45;20.58
11-01-2022 23:00;20.67
11-01-2022 23:15;20.6
11-01-2022 23:30;20.68
11-01-2022 23:45;20.69
12-01-2022 00:00;20.7
12-01-2022 00:15;20.76
12-01-2022 00:30;20.69
12-01-2022 00:45;20.76
12-01-2022 01:00;20.7
12-01-2022 01:15;20.69
12-01-2022 01:30;20.62
12-01-2022 01:45;21.08
12-01-2022 02:00;20.8
12-01-2022 02:15;20.58
12-01-2022 02:30;20.71
12-01-2022 02:45;21.08
12-01-2022 03:00;20.96
12-01-2022 03:15;20.8
12-01-2022 03:30;20.91
12-01-2022 03:45;21.09
12-01-2022 04:00;20.96
12-01-2022 04:15;20.53
12-01-2022 04:30;20.66
12-01-2022 04:45;20.94
12-01-2022 05:00;21.33
12-01-2022 05:15;20.82
12-01-2022 05:30;20.78
12-01-2022 05:45;20.75
12-01-2022 06:00;20.75
12-01-2022 06:15;20.7
12-01-2022 06:30;20.38
12-01-2022 06:45;20.1
12-01-2022 07:00;19.66
12-01-2022 07:15;19.11
12-01-2022 07:30;18.55
12-01-2022 07:45;18.16
12-01-2022 08:00;17.81
12-01-2022 08:15;17.55
12-01-2022 08:30;17.75
12-01-2022 08:45;18.03
12-01-2022 09:00;18.04
12-01-2022 09:15;17.33
12-01-2022 09:30;17.35
12-01-2022 09:45;17.39
12-01-2022 10:00;16.87
12-01-2022 10:15;16.91
12-01-2022 10:30;17.24
12-01-2022 10:45;17.3
12-01-2022 11:00;17.45
12-01-2022 11:15;17.57
12-01-2022 11:30;17.67
12-01-2022 11:45;17.91
12-01-2022 12:00;18.19
12-01-2022 12:15;18.42
12-01-2022 12:30;18.53
12-01-2022 12:45;18.63
12-01-2022 13:00;19.14
12-01-2022 13:15;19.14
12-01-2022 13:30;19.14
12-01-2022 13:45;19.68
12-01-2022 14:00;19.92
12-01-2022 14:15;19.82
12-01-2022 14:30;20.15
12-01-2022 14:45;20.54
12-01-2022 15:00;21.96
12-01-2022 15:15;21.64
12-01-2022 15:30;21.56
12-01-2022 15:45;20.95
12-01-2022 16:00;21.31
12-01-2022 16:15;22.36
12-01-2022 16:30;20.56
12-01-2022 16:45;20.87
12-01-2022 17:00;20.22
12-01-2022 17:15;20.23
12-01-2022 17:30;20.14
12-01-2022 17:45;20.08
12-01-2022 18:00;20.02
12-01-2022 18:15;19.74
12-01-2022 18:30;19.39
12-01-2022 18:45;18.83
12-01-2022 19:00;18.67
12-01-2022 19:15;18.53
12-01-2022 19:30;18.46
12-01-2022 19:45;18.68
12-01-2022 20:00;19.2
12-01-2022 20:15;18.36
12-01-2022 20:30;18.21
12-01-2022 20:45;18.28
12-01-2022 21:00;18.3
12-01-2022 21:15;18.45
12-01-2022 21:30;18.47
12-01-2022 21:45;18.49
12-01-2022 22:00;18.63
12-01-2022 22:15;18.7
12-01-2022 22:30;18.84
12-01-2022 22:45;18.8
12-01-2022 23:00;18.91
12-01-2022 23:15;19.06
12-01-2022 23:30;19.19
12-01-2022 23:45;19.33
13-01-2022 00:00;19.39
13-01-2022 00:15;19.5
13-01-2022 00:30;19.46
13-01-2022 00:45;19.57
13-01-2022 01:00;19.56
13-01-2022 01:15;19.65
13-01-2022 01:30;19.55
13-01-2022 01:45;19.52
13-01-2022 02:00;19.48
13-01-2022 02:15;19.44
13-01-2022 02:30;19.41
13-01-2022 02:45;19.18
13-01-2022 03:00;18.94
13-01-2022 03:15;18.84
13-01-2022 03:30;18.54
13-01-2022 03:45;18.26
13-01-2022 04:00;18.03
13-01-2022 04:15;17.81
13-01-2022 04:30;18.09
13-01-2022 04:45;16.91
13-01-2022 05:00;16.32
13-01-2022 05:15;16.29
13-01-2022 05:30;16.12
13-01-2022 05:45;15.94
13-01-2022 06:00;15.66
13-01-2022 06:15;15.42
13-01-2022 06:30;15.2
13-01-2022 06:45;13.19
13-01-2022 07:00;12.21
13-01-2022 07:15;12.27
13-01-2022 07:30;12.45
13-01-2022 07:45;12.42
13-01-2022 08:00;12.58
13-01-2022 08:15;15.17
13-01-2022 08:30;15.64
13-01-2022 08:45;14.51
13-01-2022 09:00;13.88
13-01-2022 09:15;14.45
13-01-2022 09:30;15.12
13-01-2022 09:45;
13-01-2022 10:00;15.77
13-01-2022 10:15;15.79
13-01-2022 10:30;16.04
13-01-2022 10:45;16.46
13-01-2022 11:00;15.86
13-01-2022 11:15;16.07
13-01-2022 11:30;16.26
13-01-2022 11:45;16.7
13-01-2022 12:00;16.35
13-01-2022 12:15;16.43
13-01-2022 12:30;16.32
13-01-2022 12:45;16.32
13-01-2022 13:00;16.46
13-01-2022 13:15;16.45
13-01-2022 13:30;16.78
13-01-2022 13:45;15.75
13-01-2022 14:00;14.99
13-01-2022 14:15;13.71
13-01-2022 14:30;12.08
13-01-2022 14:45;13.27
13-01-2022 15:00;11.96
13-01-2022 15:15;11.77
13-01-2022 15:30;14.88
13-01-2022 15:45;12.42
13-01-2022 16:00;13.39
13-01-2022 16:15;14.26
13-01-2022 16:30;15.89
13-01-2022 16:45;20.11
13-01-2022 17:00;20.11
13-01-2022 17:15;18.03
13-01-2022 17:30;16.2
13-01-2022 17:45;16.84
13-01-2022 18:00;17.46
13-01-2022 18:15;17.52
13-01-2022 18:30;18.01
13-01-2022 18:45;18.98
13-01-2022 19:00;19.88
13-01-2022 19:15;19.33
13-01-2022 19:30;19.03
13-01-2022 19:45;18.71
13-01-2022 20:00;18.58
13-01-2022 20:15;18.63
13-01-2022 20:30;18.65
13-01-2022 20:45;19.06
13-01-2022 21:00;18.46
13-01-2022 21:15;19.11
13-01-2022 21:30;19.49
13-01-2022 21:45;19.58
13-01-2022 22:00;19.53
13-01-2022 22:15;19.58
13-01-2022 22:30;19.72
13-01-2022 22:45;19.62
13-01-2022 23:00;19.77
13-01-2022 23:15;19.61
13-01-2022 23:30;19.83
13-01-2022 23:45;20.11
14-01-2022 00:00;20.04
14-01-2022 00:15;20.11
14-01-2022 00:30;20.04
14-01-2022 00:45;20.26
14-01-2022 01:00;20.33
14-01-2022 01:15;20.06
14-01-2022 01:30;20.05
14-01-2022 01:45;19.65
14-01-2022 02:00;19.67
14-01-2022 02:15;19.77
14-01-2022 02:30;19.69
14-01-2022 02:45;19.67
14-01-2022 03:00;19.47
14-01-2022 03:15;19.41
14-01-2022 03:30;19.61
14-01-2022 03:45;19.99
14-01-2022 04:00;19.68
14-01-2022 04:15;19.7
14-01-2022 04:30;19.6
14-01-2022 04:45;19.21
14-01-2022 05:00;19.1
14-01-2022 05:15;19
14-01-2022 05:30;18.61
14-01-2022 05:45;18.18
14-01-2022 06:00;17.94
14-01-2022 06:15;17.57
14-01-2022 06:30;17.25
14-01-2022 06:45;16.68
14-01-2022 07:00;16.36
14-01-2022 07:15;16.03
14-01-2022 07:30;15.62
14-01-2022 07:45;15.15
14-01-2022 08:00;13.58
14-01-2022 08:15;11.15
14-01-2022 08:30;11.29
14-01-2022 08:45;11.47
14-01-2022 09:00;11.68
14-01-2022 09:15;11.8
14-01-2022 09:30;12.99
14-01-2022 09:45;14.22
14-01-2022 10:00;12.85
14-01-2022 10:15;12.97
14-01-2022 10:30;13.13
14-01-2022 10:45;13.42
14-01-2022 11:00;13.62
14-01-2022 11:15;13.89
14-01-2022 11:30;14.24
14-01-2022 11:45;14.53
14-01-2022 12:00;14.58
14-01-2022 12:15;15.74
14-01-2022 12:30;19.98
14-01-2022 12:45;19.36
14-01-2022 13:00;14
14-01-2022 13:15;11.37
14-01-2022 13:30;12.83
14-01-2022 13:45;13.32
14-01-2022 14:00;12.99
14-01-2022 14:15;13.86
14-01-2022 14:30;17.29
14-01-2022 14:45;18.66
14-01-2022 15:00;18.69
14-01-2022 15:15;18.98
14-01-2022 15:30;18.49
14-01-2022 15:45;18.74
14-01-2022 16:00;18.81
14-01-2022 16:15;18.98
14-01-2022 16:30;18.98
14-01-2022 16:45;19.34
14-01-2022 17:00;18.4
14-01-2022 17:15;18.37
14-01-2022 17:30;18.56
14-01-2022 17:45;18.76
14-01-2022 18:00;19.13
14-01-2022 18:15;19
14-01-2022 18:30;19.18
14-01-2022 18:45;19.2
14-01-2022 19:00;19.45
14-01-2022 19:15;19.44
14-01-2022 19:30;19.42
14-01-2022 19:45;19.38
14-01-2022 20:00;19.32
14-01-2022 20:15;19.28
14-01-2022 20:30;19.15
14-01-2022 20:45;19.04
14-01-2022 21:00;19.01
14-01-2022 21:15;19.17
14-01-2022 21:30;19.05
14-01-2022 21:45;19.06
14-01-2022 22:00;19.1
14-01-2022 22:15;19.06
14-01-2022 22:30;19.2
14-01-2022 22:45;19.05
14-01-2022 23:00;19.11
14-01-2022 23:15;19.08
14-01-2022 23:30;19.15
14-01-2022 23:45;19.09
15-01-2022 00:00;19.16
15-01-2022 00:15;19.11
15-01-2022 00:30;19.03
15-01-2022 00:45;19.02
15-01-2022 01:00;18.74
15-01-2022 01:15;18.71
15-01-2022 01:30;18.5
15-01-2022 01:45;18.43
15-01-2022 02:00;17.73
15-01-2022 02:15;16.44
15-01-2022 02:30;16.11
15-01-2022 02:45;16.22
15-01-2022 03:00;16.4
15-01-2022 03:15;15.59
15-01-2022 03:30;15.67
15-01-2022 03:45;15.63
15-01-2022 04:00;15.57
15-01-2022 04:15;15.34
15-01-2022 04:30;15.26
15-01-2022 04:45;15.17
15-01-2022 05:00;14.92
15-01-2022 05:15;14.77
15-01-2022 05:30;13.26
15-01-2022 05:45;12.36
15-01-2022 06:00;12.42
15-01-2022 06:15;12.61
15-01-2022 06:30;12.69
15-01-2022 06:45;12.6
15-01-2022 07:00;12.49
15-01-2022 07:15;12.37
15-01-2022 07:30;12.24
15-01-2022 07:45;12.17
15-01-2022 08:00;11.95
15-01-2022 08:15;11.88
15-01-2022 08:30;11.83
15-01-2022 08:45;11.78
15-01-2022 09:00;11.71
15-01-2022 09:15;11.77
15-01-2022 09:30;11.88
15-01-2022 09:45;12.2
15-01-2022 10:00;12.5
15-01-2022 10:15;12.51
15-01-2022 10:30;12.77
15-01-2022 10:45;12.78
15-01-2022 11:00;12.89
15-01-2022 11:15;12.97
15-01-2022 11:30;13.1
15-01-2022 11:45;13.19
15-01-2022 12:00;13.94
15-01-2022 12:15;17.52
15-01-2022 12:30;18.71
15-01-2022 12:45;19.09
15-01-2022 13:00;18.58
15-01-2022 13:15;18.5
15-01-2022 13:30;18.49
15-01-2022 13:45;18.36
15-01-2022 14:00;18.39
15-01-2022 14:15;18.41
15-01-2022 14:30;18.85
15-01-2022 14:45;19.28
15-01-2022 15:00;19.27
15-01-2022 15:15;19.25
15-01-2022 15:30;18.51
15-01-2022 15:45;17.73
15-01-2022 16:00;17.26
15-01-2022 16:15;16.74
15-01-2022 16:30;16.44
15-01-2022 16:45;16.19
15-01-2022 17:00;16.08
15-01-2022 17:15;16
15-01-2022 17:30;16.32
15-01-2022 17:45;16.63
15-01-2022 18:00;16.08
15-01-2022 18:15;16.18
15-01-2022 18:30;16.25
15-01-2022 18:45;16.53
15-01-2022 19:00;16.63
15-01-2022 19:15;16.74
15-01-2022 19:30;16.75
15-01-2022 19:45;16.93
15-01-2022 20:00;17.11
15-01-2022 20:15;17.12
15-01-2022 20:30;17.51
15-01-2022 20:45;18.1
15-01-2022 21:00;18.64
15-01-2022 21:15;18.63
15-01-2022 21:30;18.63
15-01-2022 21:45;18.65
15-01-2022 22:00;18.79
15-01-2022 22:15;18.96
15-01-2022 22:30;18.82
15-01-2022 22:45;18.82
15-01-2022 23:00;18.78
15-01-2022 23:15;18.79
15-01-2022 23:30;18.58
15-01-2022 23:45;18.64
16-01-2022 00:00;18.59
16-01-2022 00:15;18.57
16-01-2022 00:30;18.55
16-01-2022 00:45;18.38
16-01-2022 01:00;18.36
16-01-2022 01:15;18.24
16-01-2022 01:30;18.16
16-01-2022 01:45;18.01
16-01-2022 02:00;17.93
16-01-2022 02:15;17.93
16-01-2022 02:30;17.76
16-01-2022 02:45;17.73
16-01-2022 03:00;17.35
16-01-2022 03:15;17.27
16-01-2022 03:30;16.92
16-01-2022 03:45;16.73
16-01-2022 04:00;16.53
16-01-2022 04:15;16.34
16-01-2022 04:30;16.06
16-01-2022 04:45;15.79
16-01-2022 05:00;15.49
16-01-2022 05:15;15.18
16-01-2022 05:30;15
16-01-2022 05:45;14.82
16-01-2022 06:00;14.96
16-01-2022 06:15;13.09
16-01-2022 06:30;11.61
16-01-2022 06:45;11.81
16-01-2022 07:00;12.07
16-01-2022 07:15;12.02
16-01-2022 07:30;12.14
16-01-2022 07:45;12.1
16-01-2022 08:00;11.65
16-01-2022 08:15;11.83
16-01-2022 08:30;11.85
16-01-2022 08:45;11.79
16-01-2022 09:00;11.75
16-01-2022 09:15;11.73
16-01-2022 09:30;11.74
16-01-2022 09:45;11.55
16-01-2022 10:00;11.51
16-01-2022 10:15;11.39
16-01-2022 10:30;11.42
16-01-2022 10:45;11.52
16-01-2022 11:00;11.8
16-01-2022 11:15;12.4
16-01-2022 11:30;12.57
16-01-2022 11:45;12.89
16-01-2022 12:00;13.21
16-01-2022 12:15;13.21
16-01-2022 12:30;13.53
16-01-2022 12:45;13.75
16-01-2022 13:00;13.93
16-01-2022 13:15;14.16
16-01-2022 13:30;14.38
16-01-2022 13:45;17.74
16-01-2022 14:00;19.35
16-01-2022 14:15;19.27
16-01-2022 14:30;19.11
16-01-2022 14:45;18.85
16-01-2022 15:00;18.4
16-01-2022 15:15;18.02
16-01-2022 15:30;17.91
16-01-2022 15:45;17.75
16-01-2022 16:00;17.7
16-01-2022 16:15;17.85
16-01-2022 16:30;18.01
16-01-2022 16:45;18.13
16-01-2022 17:00;18.17
16-01-2022 17:15;18.29
16-01-2022 17:30;18.51
16-01-2022 17:45;19.05
16-01-2022 18:00;18.94
16-01-2022 18:15;18.99
16-01-2022 18:30;18.94
16-01-2022 18:45;17.64
16-01-2022 19:00;17.56
16-01-2022 19:15;17.42
16-01-2022 19:30;17.53
16-01-2022 19:45;17.58
16-01-2022 20:00;17.62
16-01-2022 20:15;17.68
16-01-2022 20:30;17.77
16-01-2022 20:45;18.02
16-01-2022 21:00;18
16-01-2022 21:15;18.29
16-01-2022 21:30;18.47
16-01-2022 21:45;18.74
16-01-2022 22:00;18.82
16-01-2022 22:15;18.77
16-01-2022 22:30;18.83
16-01-2022 22:45;18.93
16-01-2022 23:00;19.02
16-01-2022 23:15;19.04
16-01-2022 23:30;19.19
16-01-2022 23:45;19.35
17-01-2022 00:00;19.45
17-01-2022 00:15;19.42
17-01-2022 00:30;19.48
17-01-2022 00:45;19.49
17-01-2022 01:00;19.37
17-01-2022 01:15;19.4
17-01-2022 01:30;19.23
17-01-2022 01:45;19.18
17-01-2022 02:00;19.12
17-01-2022 02:15;18.92
17-01-2022 02:30;18.71
17-01-2022 02:45;18.6
17-01-2022 03:00;18.37
17-01-2022 03:15;18.15
17-01-2022 03:30;17.87
17-01-2022 03:45;17.77
17-01-2022 04:00;18.15
17-01-2022 04:15;18.07
17-01-2022 04:30;18.32
17-01-2022 04:45;18.29
17-01-2022 05:00;18.15
17-01-2022 05:15;17.85
17-01-2022 05:30;17.76
17-01-2022 05:45;17.75
17-01-2022 06:00;17.46
17-01-2022 06:15;17.35
17-01-2022 06:30;17.14
17-01-2022 06:45;17.14
17-01-2022 07:00;15.92
17-01-2022 07:15;15.56
17-01-2022 07:30;15.29
17-01-2022 07:45;14.8
17-01-2022 08:00;12.42
17-01-2022 08:15;11.97
17-01-2022 08:30;12.27
17-01-2022 08:45;12.38
17-01-2022 09:00;12.5
17-01-2022 09:15;12.45
17-01-2022 09:30;12.62
17-01-2022 09:45;12.68
17-01-2022 10:00;13.69
17-01-2022 10:15;14.03
17-01-2022 10:30;14.22
17-01-2022 10:45;15.24
17-01-2022 11:00;19.34
17-01-2022 11:15;19.43
17-01-2022 11:30;19.23
17-01-2022 11:45;19.26
17-01-2022 12:00;19.01
17-01-2022 12:15;18.77
17-01-2022 12:30;18.6
17-01-2022 12:45;18.43
17-01-2022 13:00;18.45
17-01-2022 13:15;18.46
17-01-2022 13:30;18.45
17-01-2022 13:45;18.81
17-01-2022 14:00;19.45
17-01-2022 14:15;19.07
17-01-2022 14:30;19.62
17-01-2022 14:45;19.72
17-01-2022 15:00;17.98
17-01-2022 15:15;19.28
17-01-2022 15:30;19.52
17-01-2022 15:45;19.19
17-01-2022 16:00;19.08
17-01-2022 16:15;18.92
17-01-2022 16:30;18.72
17-01-2022 16:45;18.72
17-01-2022 17:00;18.42
17-01-2022 17:15;17.45
17-01-2022 17:30;17.08
17-01-2022 17:45;16.85
17-01-2022 18:00;16.51
17-01-2022 18:15;15.86
17-01-2022 18:30;15.16
17-01-2022 18:45;14.45
17-01-2022 19:00;11.84
17-01-2022 19:15;10.89
17-01-2022 19:30;11.31
17-01-2022 19:45;11.44
17-01-2022 20:00;12.67
17-01-2022 20:15;14.54
17-01-2022 20:30;15.13
17-01-2022 20:45;15.62
17-01-2022 21:00;15.75
17-01-2022 21:15;16.57
17-01-2022 21:30;17.35
17-01-2022 21:45;17.67
17-01-2022 22:00;17.61
17-01-2022 22:15;17.71
17-01-2022 22:30;17.88
17-01-2022 22:45;18.11
17-01-2022 23:00;18.21
17-01-2022 23:15;18.33
17-01-2022 23:30;18.52
17-01-2022 23:45;18.88
18-01-2022 00:00;19.04
18-01-2022 00:15;20.03
18-01-2022 00:30;20.85
18-01-2022 00:45;21.1
18-01-2022 01:00;21.26
18-01-2022 01:15;21.3
18-01-2022 01:30;21.15
18-01-2022 01:45;21.01
18-01-2022 02:00;20.83
18-01-2022 02:15;20.89
18-01-2022 02:30;20.56
18-01-2022 02:45;20.28
18-01-2022 03:00;20.04
18-01-2022 03:15;19.2
18-01-2022 03:30;18.45
18-01-2022 03:45;17.85
18-01-2022 04:00;17.5
18-01-2022 04:15;16.94
18-01-2022 04:30;16.2
18-01-2022 04:45;15.76
18-01-2022 05:00;15.36
18-01-2022 05:15;14.96
18-01-2022 05:30;14.72
18-01-2022 05:45;11.86
18-01-2022 06:00;10.82
18-01-2022 06:15;11.17
18-01-2022 06:30;11.24
18-01-2022 06:45;11.24
18-01-2022 07:00;11.89
18-01-2022 07:15;13.84
18-01-2022 07:30;12.08
18-01-2022 07:45;11.88
18-01-2022 08:00;11.98
18-01-2022 08:15;12.01
18-01-2022 08:30;12.2
18-01-2022 08:45;12.33
18-01-2022 09:00;12.53
18-01-2022 09:15;12.96
18-01-2022 09:30;13.06
18-01-2022 09:45;13.43
18-01-2022 10:00;15.07
18-01-2022 10:15;18.2
18-01-2022 10:30;18.36
18-01-2022 10:45;17.86
18-01-2022 11:00;17.88
18-01-2022 11:15;17.8
18-01-2022 11:30;17.39
18-01-2022 11:45;17.73
18-01-2022 12:00;17.86
18-01-2022 12:15;17.79
18-01-2022 12:30;17.86
18-01-2022 12:45;17.9
18-01-2022 13:00;18.01
18-01-2022 13:15;18.07
18-01-2022 13:30;18.12
18-01-2022 13:45;18.02
18-01-2022 14:00;16.73
18-01-2022 14:15;16.53
18-01-2022 14:30;16.96
18-01-2022 14:45;16.96
18-01-2022 15:00;16.95
18-01-2022 15:15;17.24
18-01-2022 15:30;17.37
18-01-2022 15:45;17.7
18-01-2022 16:00;17.83
18-01-2022 16:15;18.28
18-01-2022 16:30;18.2
18-01-2022 16:45;19.55
18-01-2022 17:00;19.95
18-01-2022 17:15;20.18
18-01-2022 17:30;20.12
18-01-2022 17:45;19.87
18-01-2022 18:00;19.77
18-01-2022 18:15;19.56
18-01-2022 18:30;19.44
18-01-2022 18:45;19.03
18-01-2022 19:00;18.98
18-01-2022 19:15;18.66
18-01-2022 19:30;18.83
18-01-2022 19:45;18.3
18-01-2022 20:00;17
18-01-2022 20:15;16.46
18-01-2022 20:30;16.27
18-01-2022 20:45;16.28
18-01-2022 21:00;16.31
18-01-2022 21:15;16.5
18-01-2022 21:30;16.6
18-01-2022 21:45;16.85
18-01-2022 22:00;16.96
18-01-2022 22:15;17.06
18-01-2022 22:30;17.21
18-01-2022 22:45;17.19
18-01-2022 23:00;17.23
18-01-2022 23:15;17.17
18-01-2022 23:30;17.17
18-01-2022 23:45;17.09
19-01-2022 00:00;17.13
19-01-2022 00:15;17.03
19-01-2022 00:30;16.98
19-01-2022 00:45;17
19-01-2022 01:00;16.93
19-01-2022 01:15;16.96
19-01-2022 01:30;16.82
19-01-2022 01:45;16.83
19-01-2022 02:00;16.66
19-01-2022 02:15;16.62
19-01-2022 02:30;16.47
19-01-2022 02:45;16.6
19-01-2022 03:00;16.78
19-01-2022 03:15;17.06
19-01-2022 03:30;17.24
19-01-2022 03:45;16.92
19-01-2022 04:00;16.84
19-01-2022 04:15;16.52
19-01-2022 04:30;16.22
19-01-2022 04:45;15.48
19-01-2022 05:00;15
19-01-2022 05:15;14.67
19-01-2022 05:30;14.32
19-01-2022 05:45;14.08
19-01-2022 06:00;13.83
19-01-2022 06:15;13.92
19-01-2022 06:30;14.05
19-01-2022 06:45;14.21
19-01-2022 07:00;14.49
19-01-2022 07:15;14.57
19-01-2022 07:30;14.55
19-01-2022 07:45;11.95
19-01-2022 08:00;13.23
19-01-2022 08:15;12.42
19-01-2022 08:30;12.09
19-01-2022 08:45;12.3
19-01-2022 09:00;12.54
19-01-2022 09:15;13.09
19-01-2022 09:30;13.59
19-01-2022 09:45;13.66
19-01-2022 10:00;14.01
19-01-2022 10:15;14.16
19-01-2022 10:30;13.95
19-01-2022 10:45;14.65
19-01-2022 11:00;15.48
19-01-2022 11:15;18.17
19-01-2022 11:30;19.2
19-01-2022 11:45;19.96
19-01-2022 12:00;19.24
19-01-2022 12:15;18.88
19-01-2022 12:30;18.5
19-01-2022 12:45;18.15
19-01-2022 13:00;18.09
19-01-2022 13:15;18.11
19-01-2022 13:30;18.1
19-01-2022 13:45;17.98
19-01-2022 14:00;17.84
19-01-2022 14:15;17.99
19-01-2022 14:30;17.89
19-01-2022 14:45;18.3
19-01-2022 15:00;18.19
19-01-2022 15:15;18.52
19-01-2022 15:30;18.44
19-01-2022 15:45;18.82
19-01-2022 16:00;19.08
19-01-2022 16:15;19.02
19-01-2022 16:30;19.14
19-01-2022 16:45;18.98
19-01-2022 17:00;19.17
19-01-2022 17:15;18.84
19-01-2022 17:30;19.11
19-01-2022 17:45;18.84
19-01-2022 18:00;18.98
19-01-2022 18:15;18.93
19-01-2022 18:30;18.99
19-01-2022 18:45;18.81
19-01-2022 19:00;18.24
19-01-2022 19:15;18.08
19-01-2022 19:30;17.97
19-01-2022 19:45;18.1
19-01-2022 20:00;18.06
19-01-2022 20:15;18.34
19-01-2022 20:30;18.4
19-01-2022 20:45;18.15
19-01-2022 21:00;18.26
19-01-2022 21:15;18.24
19-01-2022 21:30;18.24
19-01-2022 21:45;18.28
19-01-2022 22:00;18.16
19-01-2022 22:15;18
19-01-2022 22:30;18.22
19-01-2022 22:45;18.7
19-01-2022 23:00;18.57
19-01-2022 23:15;18.22
19-01-2022 23:30;18.1
19-01-2022 23:45;18.13
20-01-2022 00:00;17.5
20-01-2022 00:15;16.83
20-01-2022 00:30;16.75
20-01-2022 00:45;17.06
20-01-2022 01:00;17.67
20-01-2022 01:15;17.47
20-01-2022 01:30;18.15
20-01-2022 01:45;18.33
20-01-2022 02:00;18.11
20-01-2022 02:15;17.88
20-01-2022 02:30;17.89
20-01-2022 02:45;17.94
20-01-2022 03:00;17.91
20-01-2022 03:15;17.95
20-01-2022 03:30;17.58
20-01-2022 03:45;17.54
20-01-2022 04:00;17.26
20-01-2022 04:15;17.28
20-01-2022 04:30;17.07
20-01-2022 04:45;16.9
20-01-2022 05:00;16.56
20-01-2022 05:15;16.18
20-01-2022 05:30;16.22
20-01-2022 05:45;16.13
20-01-2022 06:00;17.6
20-01-2022 06:15;18.61
20-01-2022 06:30;18.32
20-01-2022 06:45;18.14
20-01-2022 07:00;18.38
20-01-2022 07:15;18.01
20-01-2022 07:30;17.92
20-01-2022 07:45;17.43
20-01-2022 08:00;17.13
20-01-2022 08:15;17.08
20-01-2022 08:30;16.96
20-01-2022 08:45;16.97
20-01-2022 09:00;16.29
20-01-2022 09:15;16.08
20-01-2022 09:30;16.53
20-01-2022 09:45;16.83
20-01-2022 10:00;17.03
20-01-2022 10:15;17.06
20-01-2022 10:30;17.21
20-01-2022 10:45;17.29
20-01-2022 11:00;17.02
20-01-2022 11:15;17.39
20-01-2022 11:30;17.63
20-01-2022 11:45;17.68
20-01-2022 12:00;17.66
20-01-2022 12:15;17.74
20-01-2022 12:30;17.88
20-01-2022 12:45;17.59
20-01-2022 13:00;18.27
20-01-2022 13:15;18.41
20-01-2022 13:30;18.7
20-01-2022 13:45;18.62
20-01-2022 14:00;18.95
20-01-2022 14:15;18.99
20-01-2022 14:30;18.97
20-01-2022 14:45;18.74
20-01-2022 15:00;19.29
20-01-2022 15:15;20.34
20-01-2022 15:30;20.17
20-01-2022 15:45;20.16
20-01-2022 16:00;19.7
20-01-2022 16:15;19.11
20-01-2022 16:30;19.03
20-01-2022 16:45;18.01
20-01-2022 17:00;17.35
20-01-2022 17:15;17.33
20-01-2022 17:30;17.51
20-01-2022 17:45;16.55
20-01-2022 18:00;16.45
20-01-2022 18:15;16.85
20-01-2022 18:30;16.96
20-01-2022 18:45;17.12
20-01-2022 19:00;17.1
20-01-2022 19:15;17.14
20-01-2022 19:30;17.22
20-01-2022 19:45;17.32
20-01-2022 20:00;17.28
20-01-2022 20:15;17.47
20-01-2022 20:30;17.52
20-01-2022 20:45;17.71
20-01-2022 21:00;17.79
20-01-2022 21:15;17.81
20-01-2022 21:30;17.91
20-01-2022 21:45;18
20-01-2022 22:00;18.13
20-01-2022 22:15;18.05
20-01-2022 22:30;18.18
20-01-2022 22:45;18.2
20-01-2022 23:00;18.29
20-01-2022 23:15;18.36
20-01-2022 23:30;18.32
20-01-2022 23:45;18.4
21-01-2022 00:00;18.37
21-01-2022 00:15;18.45
21-01-2022 00:30;18.32
21-01-2022 00:45;18.45
21-01-2022 01:00;18.38
21-01-2022 01:15;18.51
21-01-2022 01:30;18.59
21-01-2022 01:45;18.54
21-01-2022 02:00;18.49
21-01-2022 02:15;18.4
21-01-2022 02:30;18.61
21-01-2022 02:45;18.49
21-01-2022 03:00;18.45
21-01-2022 03:15;18.29
21-01-2022 03:30;18.55
21-01-2022 03:45;18.27
21-01-2022 04:00;18.29
21-01-2022 04:15;18.3
21-01-2022 04:30;18.23
21-01-2022 04:45;18.2
21-01-2022 05:00;17.87
21-01-2022 05:15;18.27
21-01-2022 05:30;18.33
21-01-2022 05:45;18.35
21-01-2022 06:00;16.76
21-01-2022 06:15;16.63
21-01-2022 06:30;16.8
21-01-2022 06:45;16.79
21-01-2022 07:00;16.4
21-01-2022 07:15;15.67
21-01-2022 07:30;15.19
21-01-2022 07:45;14.73
21-01-2022 08:00;14.35
21-01-2022 08:15;14.27
21-01-2022 08:30;14.05
21-01-2022 08:45;13.8
21-01-2022 09:00;13.75
21-01-2022 09:15;13.98
21-01-2022 09:30;14.1
21-01-2022 09:45;14.86
21-01-2022 10:00;14.49
21-01-2022 10:15;14.29
21-01-2022 10:30;14.03
21-01-2022 10:45;14.37
21-01-2022 11:00;14.47
21-01-2022 11:15;14.22
21-01-2022 11:30;13.02
21-01-2022 11:45;13.21
21-01-2022 12:00;13.22
21-01-2022 12:15;13.78
21-01-2022 12:30;14.77
21-01-2022 12:45;18.5
21-01-2022 13:00;19
21-01-2022 13:15;19.05
21-01-2022 13:30;18.86
21-01-2022 13:45;18.35
21-01-2022 14:00;17.94
21-01-2022 14:15;18.05
21-01-2022 14:30;17.98
21-01-2022 14:45;17.62
21-01-2022 15:00;17.09
21-01-2022 15:15;16.66
21-01-2022 15:30;16.69
21-01-2022 15:45;16.55
21-01-2022 16:00;17.36
21-01-2022 16:15;16.02
21-01-2022 16:30;16.03
21-01-2022 16:45;16.12
21-01-2022 17:00;16.42
21-01-2022 17:15;16.95
21-01-2022 17:30;16.97
21-01-2022 17:45;15.82
21-01-2022 18:00;13.96
21-01-2022 18:15;12.66
21-01-2022 18:30;11.85
21-01-2022 18:45;12.04
21-01-2022 19:00;12.25
21-01-2022 19:15;12.66
21-01-2022 19:30;12.76
21-01-2022 19:45;12.85
21-01-2022 20:00;13.09
21-01-2022 20:15;13.33
21-01-2022 20:30;13.31
21-01-2022 20:45;13.45
21-01-2022 21:00;13.59
21-01-2022 21:15;13.85
21-01-2022 21:30;13.86
21-01-2022 21:45;13.77
21-01-2022 22:00;13.91
21-01-2022 22:15;14.16
21-01-2022 22:30;14.37
21-01-2022 22:45;14.48
21-01-2022 23:00;15.03
21-01-2022 23:15;17.56
21-01-2022 23:30;17.09
21-01-2022 23:45;17.11
22-01-2022 00:00;16.95
22-01-2022 00:15;16.91
22-01-2022 00:30;16.97
22-01-2022 00:45;16.96
22-01-2022 01:00;16.99
22-01-2022 01:15;16.83
22-01-2022 01:30;16.91
22-01-2022 01:45;16.87
22-01-2022 02:00;16.88
22-01-2022 02:15;16.78
22-01-2022 02:30;16.71
22-01-2022 02:45;16.59
22-01-2022 03:00;16.57
22-01-2022 03:15;16.64
22-01-2022 03:30;16.43
22-01-2022 03:45;16.16
22-01-2022 04:00;15.79
22-01-2022 04:15;15.8
22-01-2022 04:30;15.87
22-01-2022 04:45;15.84
22-01-2022 05:00;16.03
22-01-2022 05:15;16.64
22-01-2022 05:30;16.68
22-01-2022 05:45;16.4
22-01-2022 06:00;16.53
22-01-2022 06:15;16.55
22-01-2022 06:30;16.9
22-01-2022 06:45;16.45
22-01-2022 07:00;16.2
22-01-2022 07:15;15.84
22-01-2022 07:30;15.64
22-01-2022 07:45;15.94
22-01-2022 08:00;15.96
22-01-2022 08:15;15.96
22-01-2022 08:30;15.66
22-01-2022 08:45;15.49
22-01-2022 09:00;15.36
22-01-2022 09:15;15.72
22-01-2022 09:30;15.71
22-01-2022 09:45;15.58
22-01-2022 10:00;15.2
22-01-2022 10:15;14.86
22-01-2022 10:30;14.99
22-01-2022 10:45;14.88
22-01-2022 11:00;14.91
22-01-2022 11:15;14.78
22-01-2022 11:30;14.51
22-01-2022 11:45;14.6
22-01-2022 12:00;14.74
22-01-2022 12:15;14.75
22-01-2022 12:30;14.82
22-01-2022 12:45;14.86
22-01-2022 13:00;14.88
22-01-2022 13:15;15.03
22-01-2022 13:30;15.2
22-01-2022 13:45;15.19
22-01-2022 14:00;15.08
22-01-2022 14:15;15.03
22-01-2022 14:30;15.11
22-01-2022 14:45;15.37
22-01-2022 15:00;15.72
22-01-2022 15:15;15.95
22-01-2022 15:30;16.43
22-01-2022 15:45;16.54
22-01-2022 16:00;16.55
22-01-2022 16:15;16.78
22-01-2022 16:30;17.07
22-01-2022 16:45;17.22
22-01-2022 17:00;17.37
22-01-2022 17:15;17.52
22-01-2022 17:30;17.43
22-01-2022 17:45;17.71
22-01-2022 18:00;17.68
22-01-2022 18:15;17.37
22-01-2022 18:30;17.52
22-01-2022 18:45;17.94
22-01-2022 19:00;16.85
22-01-2022 19:15;16.83
22-01-2022 19:30;16.93
22-01-2022 19:45;17.04
22-01-2022 20:00;17.1
22-01-2022 20:15;17.2
22-01-2022 20:30;17.33
22-01-2022 20:45;17.35
22-01-2022 21:00;17.42
22-01-2022 21:15;17.41
22-01-2022 21:30;17.54
22-01-2022 21:45;17.53
22-01-2022 22:00;17.65
22-01-2022 22:15;17.63
22-01-2022 22:30;17.6
22-01-2022 22:45;17.72
22-01-2022 23:00;17.71
22-01-2022 23:15;19.13
22-01-2022 23:30;18.64
22-01-2022 23:45;18.54
23-01-2022 00:00;18.44
23-01-2022 00:15;18.34
23-01-2022 00:30;18.29
23-01-2022 00:45;18.08
23-01-2022 01:00;18.12
23-01-2022 01:15;18.01
23-01-2022 01:30;17.94
23-01-2022 01:45;17.75
23-01-2022 02:00;17.61
23-01-2022 02:15;17.19
23-01-2022 02:30;16.95
23-01-2022 02:45;16.23
23-01-2022 03:00;16.11
23-01-2022 03:15;15.73
23-01-2022 03:30;14.67
23-01-2022 03:45;14.68
23-01-2022 04:00;14.71
23-01-2022 04:15;14.67
23-01-2022 04:30;14.54
23-01-2022 04:45;14.43
23-01-2022 05:00;14.28
23-01-2022 05:15;14.13
23-01-2022 05:30;13.14
23-01-2022 05:45;11.63
23-01-2022 06:00;12.01
23-01-2022 06:15;12
23-01-2022 06:30;11.99
23-01-2022 06:45;11.87
23-01-2022 07:00;11.78
23-01-2022 07:15;11.76
23-01-2022 07:30;11.72
23-01-2022 07:45;11.74
23-01-2022 08:00;12.25
23-01-2022 08:15;12.56
23-01-2022 08:30;12.88
23-01-2022 08:45;13.05
23-01-2022 09:00;13.24
23-01-2022 09:15;13.24
23-01-2022 09:30;13.57
23-01-2022 09:45;13.7
23-01-2022 10:00;13.33
23-01-2022 10:15;13.04
23-01-2022 10:30;12.93
23-01-2022 10:45;12.72
23-01-2022 11:00;12.81
23-01-2022 11:15;12.76
23-01-2022 11:30;13.9
23-01-2022 11:45;15.75
23-01-2022 12:00;15.51
23-01-2022 12:15;15.4
23-01-2022 12:30;15.67
23-01-2022 12:45;15.65
23-01-2022 13:00;15.41
23-01-2022 13:15;15.47
23-01-2022 13:30;15.51
23-01-2022 13:45;15.71
23-01-2022 14:00;15.87
23-01-2022 14:15;16.11
23-01-2022 14:30;16.49
23-01-2022 14:45;16.74
23-01-2022 15:00;16.79
23-01-2022 15:15;16.67
23-01-2022 15:30;16.68
23-01-2022 15:45;16.85
23-01-2022 16:00;17.17
23-01-2022 16:15;17.24
23-01-2022 16:30;16.93
23-01-2022 16:45;16.57
23-01-2022 17:00;16.79
23-01-2022 17:15;16.68
23-01-2022 17:30;16.61
23-01-2022 17:45;16.67
23-01-2022 18:00;16.72
23-01-2022 18:15;16.97
23-01-2022 18:30;17.04
23-01-2022 18:45;17.21
23-01-2022 19:00;17.32
23-01-2022 19:15;17.46
23-01-2022 19:30;17.7
23-01-2022 19:45;18.08
23-01-2022 20:00;18.25
23-01-2022 20:15;18.1
23-01-2022 20:30;18.17
23-01-2022 20:45;18.08
23-01-2022 21:00;18.44
23-01-2022 21:15;18.49
23-01-2022 21:30;18.54
23-01-2022 21:45;18.59
23-01-2022 22:00;18.73
23-01-2022 22:15;19.02
23-01-2022 22:30;19.02
23-01-2022 22:45;19.1
23-01-2022 23:00;18.97
23-01-2022 23:15;19.13
23-01-2022 23:30;19.07
23-01-2022 23:45;19.31
24-01-2022 00:00;19.15
24-01-2022 00:15;18.92
24-01-2022 00:30;18.88
24-01-2022 00:45;19.1
24-01-2022 01:00;18.97
24-01-2022 01:15;18.15
24-01-2022 01:30;18.21
24-01-2022 01:45;18.42
24-01-2022 02:00;19.09
24-01-2022 02:15;18.31
24-01-2022 02:30;18.34
24-01-2022 02:45;18.12
24-01-2022 03:00;17.93
24-01-2022 03:15;17.78
24-01-2022 03:30;17.49
24-01-2022 03:45;17.24
24-01-2022 04:00;16.92
24-01-2022 04:15;16.79
24-01-2022 04:30;16.49
24-01-2022 04:45;16.28
24-01-2022 05:00;16.12
24-01-2022 05:15;15.84
24-01-2022 05:30;15.62
24-01-2022 05:45;15.28
24-01-2022 06:00;15.2
24-01-2022 06:15;14.82
24-01-2022 06:30;14.82
24-01-2022 06:45;14.78
24-01-2022 07:00;14.68
24-01-2022 07:15;14.16
24-01-2022 07:30;11.63
24-01-2022 07:45;11.65
24-01-2022 08:00;11.57
24-01-2022 08:15;11.73
24-01-2022 08:30;11.64
24-01-2022 08:45;11.58
24-01-2022 09:00;11.5
24-01-2022 09:15;11.34
24-01-2022 09:30;11.08
24-01-2022 09:45;11.33
24-01-2022 10:00;11.65
24-01-2022 10:15;12.09
24-01-2022 10:30;11.87
24-01-2022 10:45;12.35
24-01-2022 11:00;12.11
24-01-2022 11:15;11.92
24-01-2022 11:30;11.64
24-01-2022 11:45;11.8
24-01-2022 12:00;12.11
24-01-2022 12:15;12.61
24-01-2022 12:30;12.86
24-01-2022 12:45;12.93
24-01-2022 13:00;13.6
24-01-2022 13:15;13.75
24-01-2022 13:30;13.98
24-01-2022 13:45;15.04
24-01-2022 14:00;17.65
24-01-2022 14:15;17.99
24-01-2022 14:30;16.33
24-01-2022 14:45;16.42
24-01-2022 15:00;16.37
24-01-2022 15:15;17.58
24-01-2022 15:30;17.34
24-01-2022 15:45;17.34
24-01-2022 16:00;17.42
24-01-2022 16:15;17.35
24-01-2022 16:30;17.01
24-01-2022 16:45;16.77
24-01-2022 17:00;16.84
24-01-2022 17:15;16.74
24-01-2022 17:30;16.81
24-01-2022 17:45;16.93
24-01-2022 18:00;16.94
24-01-2022 18:15;15.96
24-01-2022 18:30;15.75
24-01-2022 18:45;15.76
24-01-2022 19:00;15.19
24-01-2022 19:15;15.93
24-01-2022 19:30;15.77
24-01-2022 19:45;15.86
24-01-2022 20:00;15.95
24-01-2022 20:15;16.07
24-01-2022 20:30;16.44
24-01-2022 20:45;17.86
24-01-2022 21:00;17.89
24-01-2022 21:15;17.71
24-01-2022 21:30;17.76
24-01-2022 21:45;17.7
24-01-2022 22:00;18.02
24-01-2022 22:15;18.53
24-01-2022 22:30;18.54
24-01-2022 22:45;18.5
24-01-2022 23:00;18.48
24-01-2022 23:15;18.61
24-01-2022 23:30;18.52
24-01-2022 23:45;18.72
25-01-2022 00:00;18.57
25-01-2022 00:15;18.66
25-01-2022 00:30;18.57
25-01-2022 00:45;18.7
25-01-2022 01:00;18.66
25-01-2022 01:15;18.58
25-01-2022 01:30;18.57
25-01-2022 01:45;18.56
25-01-2022 02:00;18.63
25-01-2022 02:15;18.42
25-01-2022 02:30;18.49
25-01-2022 02:45;18.31
25-01-2022 03:00;18.17
25-01-2022 03:15;18.16
25-01-2022 03:30;18.05
25-01-2022 03:45;17.89
25-01-2022 04:00;18.63
25-01-2022 04:15;19.32
25-01-2022 04:30;18.81
25-01-2022 04:45;18.7
25-01-2022 05:00;18.74
25-01-2022 05:15;18.5
25-01-2022 05:30;18.26
25-01-2022 05:45;18.18
25-01-2022 06:00;18.06
25-01-2022 06:15;17.75
25-01-2022 06:30;17.19
25-01-2022 06:45;16.67
25-01-2022 07:00;16.43
25-01-2022 07:15;15.97
25-01-2022 07:30;15.61
25-01-2022 07:45;15.27
25-01-2022 08:00;15.01
25-01-2022 08:15;14.84
25-01-2022 08:30;14.71
25-01-2022 08:45;14.94
25-01-2022 09:00;14.97
25-01-2022 09:15;15.3
25-01-2022 09:30;15.21
25-01-2022 09:45;15.5
25-01-2022 10:00;16.16
25-01-2022 10:15;17.05
25-01-2022 10:30;16.95
25-01-2022 10:45;16.48
25-01-2022 11:00;14.88
25-01-2022 11:15;15.42
25-01-2022 11:30;15.17
25-01-2022 11:45;15.49
25-01-2022 12:00;14.22
25-01-2022 12:15;11.29
25-01-2022 12:30;11.67
25-01-2022 12:45;12.12
25-01-2022 13:00;12.8
25-01-2022 13:15;13.03
25-01-2022 13:30;13.39
25-01-2022 13:45;13.69
25-01-2022 14:00;13.96
25-01-2022 14:15;14.37
25-01-2022 14:30;15.28
25-01-2022 14:45;19.66
25-01-2022 15:00;20.25
25-01-2022 15:15;20.07
25-01-2022 15:30;19.35
25-01-2022 15:45;18.67
25-01-2022 16:00;18.52
25-01-2022 16:15;17.43
25-01-2022 16:30;16.91
25-01-2022 16:45;17.1
25-01-2022 17:00;17
25-01-2022 17:15;16.65
25-01-2022 17:30;16.73
25-01-2022 17:45;16.7
25-01-2022 18:00;16.34
25-01-2022 18:15;15.57
25-01-2022 18:30;15.42
25-01-2022 18:45;15.44
25-01-2022 19:00;15.19
25-01-2022 19:15;15.02
25-01-2022 19:30;13.14
25-01-2022 19:45;12.66
25-01-2022 20:00;12.9
25-01-2022 20:15;13.43
25-01-2022 20:30;13.53
25-01-2022 20:45;13.62
25-01-2022 21:00;13.87
25-01-2022 21:15;14.07
25-01-2022 21:30;15.43
25-01-2022 21:45;16.9
25-01-2022 22:00;16.33
25-01-2022 22:15;16.25
25-01-2022 22:30;16.4
25-01-2022 22:45;16.47
25-01-2022 23:00;16.5
25-01-2022 23:15;16.55
25-01-2022 23:30;16.61
25-01-2022 23:45;16.8
26-01-2022 00:00;16.82
26-01-2022 00:15;16.87
26-01-2022 00:30;16.82
26-01-2022 00:45;16.98
26-01-2022 01:00;16.97
26-01-2022 01:15;17.02
26-01-2022 01:30;16.96
26-01-2022 01:45;16.87
26-01-2022 02:00;16.88
26-01-2022 02:15;16.92
26-01-2022 02:30;17.65
26-01-2022 02:45;18.18
26-01-2022 03:00;17.98
26-01-2022 03:15;17.82
26-01-2022 03:30;17.8
26-01-2022 03:45;18.37
26-01-2022 04:00;18.84
26-01-2022 04:15;19.34
26-01-2022 04:30;19.14
26-01-2022 04:45;18.97
26-01-2022 05:00;18.73
26-01-2022 05:15;18.65
26-01-2022 05:30;18.43
26-01-2022 05:45;18.18
26-01-2022 06:00;17.87
26-01-2022 06:15;17.65
26-01-2022 06:30;17.19
26-01-2022 06:45;16.92
26-01-2022 07:00;16.73
26-01-2022 07:15;16.24
26-01-2022 07:30;16.07
26-01-2022 07:45;15.84
26-01-2022 08:00;14.79
26-01-2022 08:15;14.65
26-01-2022 08:30;14.48
26-01-2022 08:45;15.11
26-01-2022 09:00;16.04
26-01-2022 09:15;16.7
26-01-2022 09:30;16.73
26-01-2022 09:45;16.87
26-01-2022 10:00;16.45
26-01-2022 10:15;16.49
26-01-2022 10:30;16.26
26-01-2022 10:45;15.53
26-01-2022 11:00;15.9
26-01-2022 11:15;16.02
26-01-2022 11:30;16.13
26-01-2022 11:45;16.33
26-01-2022 12:00;16.58
26-01-2022 12:15;16.65
26-01-2022 12:30;16.71
26-01-2022 12:45;16.92
26-01-2022 13:00;17.18
26-01-2022 13:15;17.58
26-01-2022 13:30;17.62
26-01-2022 13:45;17.75
26-01-2022 14:00;17.95
26-01-2022 14:15;18.19
26-01-2022 14:30;18.42
26-01-2022 14:45;19.86
26-01-2022 15:00;20.36
26-01-2022 15:15;19.96
26-01-2022 15:30;19.88
26-01-2022 15:45;19.78
26-01-2022 16:00;19.73
26-01-2022 16:15;18.91
26-01-2022 16:30;18.64
26-01-2022 16:45;18.2
26-01-2022 17:00;17.99
26-01-2022 17:15;17.98
26-01-2022 17:30;17.75
26-01-2022 17:45;17.85
26-01-2022 18:00;17.73
26-01-2022 18:15;17.97
26-01-2022 18:30;17.57
26-01-2022 18:45;17.57
26-01-2022 19:00;17.23
26-01-2022 19:15;17.01
26-01-2022 19:30;17.17
26-01-2022 19:45;17.12
26-01-2022 20:00;17.17
26-01-2022 20:15;17.23
26-01-2022 20:30;17.54
26-01-2022 20:45;17.48
26-01-2022 21:00;17.74
26-01-2022 21:15;17.68
26-01-2022 21:30;17.82
26-01-2022 21:45;18.04
26-01-2022 22:00;18.04
26-01-2022 22:15;18.16
26-01-2022 22:30;18.24
26-01-2022 22:45;18.42
26-01-2022 23:00;18.41
26-01-2022 23:15;18.64
26-01-2022 23:30;18.47
26-01-2022 23:45;18.18
27-01-2022 00:00;17.82
27-01-2022 00:15;17.47
27-01-2022 00:30;17.47
27-01-2022 00:45;17.4
27-01-2022 01:00;17.45
27-01-2022 01:15;17.32
27-01-2022 01:30;17.36
27-01-2022 01:45;17.26
27-01-2022 02:00;17.32
27-01-2022 02:15;17.19
27-01-2022 02:30;17
27-01-2022 02:45;16.95
27-01-2022 03:00;17.04
27-01-2022 03:15;17.28
27-01-2022 03:30;16.55
27-01-2022 03:45;16.57
27-01-2022 04:00;16.7
27-01-2022 04:15;17.86
27-01-2022 04:30;17.43
27-01-2022 04:45;17.21
27-01-2022 05:00;17.13
27-01-2022 05:15;16.97
27-01-2022 05:30;16.87
27-01-2022 05:45;16.86
27-01-2022 06:00;16.74
27-01-2022 06:15;16.43
27-01-2022 06:30;16.05
27-01-2022 06:45;15.92
27-01-2022 07:00;15.62
27-01-2022 07:15;15.33
27-01-2022 07:30;14.9
27-01-2022 07:45;14.55
27-01-2022 08:00;12.01
27-01-2022 08:15;10.54
27-01-2022 08:30;10.66
27-01-2022 08:45;10.81
27-01-2022 09:00;10.88
27-01-2022 09:15;11.03
27-01-2022 09:30;11.19
27-01-2022 09:45;11.31
27-01-2022 10:00;11.46
27-01-2022 10:15;11.69
27-01-2022 10:30;12.12
27-01-2022 10:45;12.18
27-01-2022 11:00;12.45
27-01-2022 11:15;13.35
27-01-2022 11:30;13.75
27-01-2022 11:45;13.96
27-01-2022 12:00;14.18
27-01-2022 12:15;14.14
27-01-2022 12:30;14.3
27-01-2022 12:45;14.52
27-01-2022 13:00;14.46
27-01-2022 13:15;14.51
27-01-2022 13:30;14.58
27-01-2022 13:45;16.46
27-01-2022 14:00;19.21
27-01-2022 14:15;18.99
27-01-2022 14:30;18.63
27-01-2022 14:45;18.57
27-01-2022 15:00;18.45
27-01-2022 15:15;18.43
27-01-2022 15:30;18.45
27-01-2022 15:45;18.48
27-01-2022 16:00;18.56
27-01-2022 16:15;18.7
27-01-2022 16:30;17.64
27-01-2022 16:45;17.22
27-01-2022 17:00;17.45
27-01-2022 17:15;17.4
27-01-2022 17:30;17.78
27-01-2022 17:45;17.71
27-01-2022 18:00;17.54
27-01-2022 18:15;17.32
27-01-2022 18:30;17.37
27-01-2022 18:45;17.53
27-01-2022 19:00;17.42
27-01-2022 19:15;17.32
27-01-2022 19:30;17.49
27-01-2022 19:45;17.4
27-01-2022 20:00;17.82
27-01-2022 20:15;19.06
27-01-2022 20:30;17.7
27-01-2022 20:45;17.67
27-01-2022 21:00;17.92
27-01-2022 21:15;17.85
27-01-2022 21:30;18.05
27-01-2022 21:45;18.05
27-01-2022 22:00;18.22
27-01-2022 22:15;18.26
27-01-2022 22:30;18.33
27-01-2022 22:45;18.22
27-01-2022 23:00;18.05
27-01-2022 23:15;18.13
27-01-2022 23:30;17.46
27-01-2022 23:45;17.57
28-01-2022 00:00;17.85
28-01-2022 00:15;17.75
28-01-2022 00:30;17.94
28-01-2022 00:45;17.75
28-01-2022 01:00;17.83
28-01-2022 01:15;17.74
28-01-2022 01:30;17.81
28-01-2022 01:45;17.8
28-01-2022 02:00;17.89
28-01-2022 02:15;17.79
28-01-2022 02:30;17.81
28-01-2022 02:45;17.65
28-01-2022 03:00;17.62
28-01-2022 03:15;17.63
28-01-2022 03:30;17.47
28-01-2022 03:45;17.38
28-01-2022 04:00;17.27
28-01-2022 04:15;17.82
28-01-2022 04:30;17.59
28-01-2022 04:45;17.45
28-01-2022 05:00;17.23
28-01-2022 05:15;17.45
28-01-2022 05:30;17.67
28-01-2022 05:45;17.42
28-01-2022 06:00;17.34
28-01-2022 06:15;17.05
28-01-2022 06:30;16.92
28-01-2022 06:45;16.74
28-01-2022 07:00;16.33
28-01-2022 07:15;16.05
28-01-2022 07:30;15.77
28-01-2022 07:45;15.88
28-01-2022 08:00;15.89
28-01-2022 08:15;16.01
28-01-2022 08:30;17.06
28-01-2022 08:45;16.86
28-01-2022 09:00;16.39
28-01-2022 09:15;16.61
28-01-2022 09:30;16.83
28-01-2022 09:45;16.94
28-01-2022 10:00;16.79
28-01-2022 10:15;16.54
28-01-2022 10:30;16.29
28-01-2022 10:45;16.22
28-01-2022 11:00;15.84
28-01-2022 11:15;15.68
28-01-2022 11:30;15.82
28-01-2022 11:45;16.08
28-01-2022 12:00;16.45
28-01-2022 12:15;17.8
28-01-2022 12:30;17.39
28-01-2022 12:45;17.02
28-01-2022 13:00;16.68
28-01-2022 13:15;17.06
28-01-2022 13:30;16.87
28-01-2022 13:45;17.05
28-01-2022 14:00;17.07
28-01-2022 14:15;17.01
28-01-2022 14:30;17.05
28-01-2022 14:45;17.33
28-01-2022 15:00;18.38
28-01-2022 15:15;19.03
28-01-2022 15:30;19.36
28-01-2022 15:45;19.04
28-01-2022 16:00;19.79
28-01-2022 16:15;20.01
28-01-2022 16:30;19.89
28-01-2022 16:45;19.94
28-01-2022 17:00;19.92
28-01-2022 17:15;20
28-01-2022 17:30;20.58
28-01-2022 17:45;21.13
28-01-2022 18:00;20.77
28-01-2022 18:15;21.17
28-01-2022 18:30;20.72
28-01-2022 18:45;20.37
28-01-2022 19:00;20.72
28-01-2022 19:15;20.34
28-01-2022 19:30;20.11
28-01-2022 19:45;19.39
28-01-2022 20:00;19.51
28-01-2022 20:15;18.79
28-01-2022 20:30;18.67
28-01-2022 20:45;18.93
28-01-2022 21:00;17.5
28-01-2022 21:15;16.88
28-01-2022 21:30;16.55
28-01-2022 21:45;16.51
28-01-2022 22:00;16.66
28-01-2022 22:15;16.79
28-01-2022 22:30;16.89
28-01-2022 22:45;16.88
28-01-2022 23:00;16.97
28-01-2022 23:15;17.14
28-01-2022 23:30;17.22
28-01-2022 23:45;17.24
29-01-2022 00:00;17.26
29-01-2022 00:15;17.37
29-01-2022 00:30;17.55
29-01-2022 00:45;17.45
29-01-2022 01:00;17.51
29-01-2022 01:15;17.86
29-01-2022 01:30;18.05
29-01-2022 01:45;17.92
29-01-2022 02:00;17.95
29-01-2022 02:15;17.97
29-01-2022 02:30;17.7
29-01-2022 02:45;17.71
29-01-2022 03:00;17.66
29-01-2022 03:15;17.54
29-01-2022 03:30;17.46
29-01-2022 03:45;17.25
29-01-2022 04:00;17.21
29-01-2022 04:15;16.98
29-01-2022 04:30;16.64
29-01-2022 04:45;16.54
29-01-2022 05:00;16.42
29-01-2022 05:15;16.09
29-01-2022 05:30;15.94
29-01-2022 05:45;15.6
29-01-2022 06:00;15.3
29-01-2022 06:15;15.07
29-01-2022 06:30;14.94
29-01-2022 06:45;14.59
29-01-2022 07:00;14.45
29-01-2022 07:15;14.29
29-01-2022 07:30;15.02
29-01-2022 07:45;14.59
29-01-2022 08:00;14.2
29-01-2022 08:15;12.27
29-01-2022 08:30;10.98
29-01-2022 08:45;11
29-01-2022 09:00;11.15
29-01-2022 09:15;11.37
29-01-2022 09:30;11.53
29-01-2022 09:45;11.75
29-01-2022 10:00;11.72
29-01-2022 10:15;12.41
29-01-2022 10:30;12.9
29-01-2022 10:45;12.97
29-01-2022 11:00;13.06
29-01-2022 11:15;13.32
29-01-2022 11:30;13.52
29-01-2022 11:45;13.65
29-01-2022 12:00;13.84
29-01-2022 12:15;14.02
29-01-2022 12:30;14.07
29-01-2022 12:45;14.2
29-01-2022 13:00;14.97
29-01-2022 13:15;18.79
29-01-2022 13:30;19.07
29-01-2022 13:45;18.58
29-01-2022 14:00;18.25
29-01-2022 14:15;18.48
29-01-2022 14:30;18.26
29-01-2022 14:45;18.52
29-01-2022 15:00;18.62
29-01-2022 15:15;19.21
29-01-2022 15:30;20.3
29-01-2022 15:45;20.03
29-01-2022 16:00;20.06
29-01-2022 16:15;20.18
29-01-2022 16:30;20.48
29-01-2022 16:45;20.38
29-01-2022 17:00;20.72
29-01-2022 17:15;20.57
29-01-2022 17:30;20.43
29-01-2022 17:45;20.31
29-01-2022 18:00;20.13
29-01-2022 18:15;19.93
29-01-2022 18:30;19.61
29-01-2022 18:45;19.63
29-01-2022 19:00;19.44
29-01-2022 19:15;19.79
29-01-2022 19:30;19.64
29-01-2022 19:45;19.61
29-01-2022 20:00;19.62
29-01-2022 20:15;19.62
29-01-2022 20:30;19.48
29-01-2022 20:45;19.64
29-01-2022 21:00;19.47
29-01-2022 21:15;19.04
29-01-2022 21:30;18.8
29-01-2022 21:45;18.49
29-01-2022 22:00;18.59
29-01-2022 22:15;18.63
29-01-2022 22:30;18.68
29-01-2022 22:45;18.88
29-01-2022 23:00;18.81
29-01-2022 23:15;18.69
29-01-2022 23:30;18.64
29-01-2022 23:45;18.8
30-01-2022 00:00;18.67
30-01-2022 00:15;18.75
30-01-2022 00:30;18.54
30-01-2022 00:45;18.5
30-01-2022 01:00;18.46
30-01-2022 01:15;18.36
30-01-2022 01:30;18.38
30-01-2022 01:45;18.24
30-01-2022 02:00;18.12
30-01-2022 02:15;18
30-01-2022 02:30;17.97
30-01-2022 02:45;17.72
30-01-2022 03:00;17.55
30-01-2022 03:15;17.43
30-01-2022 03:30;17.15
30-01-2022 03:45;17.53
30-01-2022 04:00;15.94
30-01-2022 04:15;15.46
30-01-2022 04:30;15.74
30-01-2022 04:45;16.05
30-01-2022 05:00;16.01
30-01-2022 05:15;15.93
30-01-2022 05:30;15.95
30-01-2022 05:45;15.66
30-01-2022 06:00;15.65
30-01-2022 06:15;15.28
30-01-2022 06:30;14.94
30-01-2022 06:45;14.86
30-01-2022 07:00;14.96
30-01-2022 07:15;14.73
30-01-2022 07:30;14.59
30-01-2022 07:45;14.35
30-01-2022 08:00;14.31
30-01-2022 08:15;14.21
30-01-2022 08:30;14.1
30-01-2022 08:45;13.94
30-01-2022 09:00;13.8
30-01-2022 09:15;13.93
30-01-2022 09:30;13.75
30-01-2022 09:45;13.85
30-01-2022 10:00;13.99
30-01-2022 10:15;14
30-01-2022 10:30;13.92
30-01-2022 10:45;13.94
30-01-2022 11:00;13.92
30-01-2022 11:15;14.02
30-01-2022 11:30;14
30-01-2022 11:45;14.2
30-01-2022 12:00;14.27
30-01-2022 12:15;14.26
30-01-2022 12:30;14.16
30-01-2022 12:45;14.02
30-01-2022 13:00;13.93
30-01-2022 13:15;13.92
30-01-2022 13:30;13.81
30-01-2022 13:45;14.17
30-01-2022 14:00;14.36
30-01-2022 14:15;14.5
30-01-2022 14:30;14.92
30-01-2022 14:45;15.26
30-01-2022 15:00;15.28
30-01-2022 15:15;15.35
30-01-2022 15:30;15.92
30-01-2022 15:45;16.13
30-01-2022 16:00;17.04
30-01-2022 16:15;18.17
30-01-2022 16:30;17.28
30-01-2022 16:45;17.35
30-01-2022 17:00;17.36
30-01-2022 17:15;17.52
30-01-2022 17:30;17.61
30-01-2022 17:45;17.89
30-01-2022 18:00;17.95
30-01-2022 18:15;18.11
30-01-2022 18:30;18.41
30-01-2022 18:45;18.5
30-01-2022 19:00;18.76
30-01-2022 19:15;18.79
30-01-2022 19:30;19
30-01-2022 19:45;19.01
30-01-2022 20:00;19.3
30-01-2022 20:15;19.13
30-01-2022 20:30;20.31
30-01-2022 20:45;20.27
30-01-2022 21:00;18
30-01-2022 21:15;17.92
30-01-2022 21:30;18.08
30-01-2022 21:45;18.55
30-01-2022 22:00;18.33
30-01-2022 22:15;18.76
30-01-2022 22:30;19.03
30-01-2022 22:45;19.53
30-01-2022 23:00;19.71
30-01-2022 23:15;19.54
30-01-2022 23:30;19.62
30-01-2022 23:45;19.67
31-01-2022 00:00;19.75
31-01-2022 00:15;20.02
31-01-2022 00:30;20.07
31-01-2022 00:45;20.2
31-01-2022 01:00;20.07
31-01-2022 01:15;20.02
31-01-2022 01:30;19.73
31-01-2022 01:45;19.83
31-01-2022 02:00;19.5
31-01-2022 02:15;19.85
31-01-2022 02:30;19.37
31-01-2022 02:45;19.34
31-01-2022 03:00;18.44
31-01-2022 03:15;17.98
31-01-2022 03:30;17.67
31-01-2022 03:45;17.44
31-01-2022 04:00;17.5
31-01-2022 04:15;17.05
31-01-2022 04:30;17.2
31-01-2022 04:45;17.02
31-01-2022 05:00;18
31-01-2022 05:15;18.35
31-01-2022 05:30;18.19
31-01-2022 05:45;17.93
31-01-2022 06:00;17.5
31-01-2022 06:15;17.45
31-01-2022 06:30;17.23
31-01-2022 06:45;17.16
31-01-2022 07:00;16.89
31-01-2022 07:15;16.67
31-01-2022 07:30;16.43
31-01-2022 07:45;16.15
31-01-2022 08:00;15.92
31-01-2022 08:15;15.71
31-01-2022 08:30;15.85
31-01-2022 08:45;16.07
31-01-2022 09:00;15.6
31-01-2022 09:15;15.54
31-01-2022 09:30;17.23
31-01-2022 09:45;16.89
31-01-2022 10:00;16.96
31-01-2022 10:15;16.91
31-01-2022 10:30;17.69
31-01-2022 10:45;16.92
31-01-2022 11:00;16.74
31-01-2022 11:15;17.01
31-01-2022 11:30;17.56
31-01-2022 11:45;17.9
31-01-2022 12:00;19.46
31-01-2022 12:15;20
31-01-2022 12:30;19.5
31-01-2022 12:45;19.67
31-01-2022 13:00;19.94
31-01-2022 13:15;20.19
31-01-2022 13:30;20.65
31-01-2022 13:45;21.06
31-01-2022 14:00;20.54
31-01-2022 14:15;20.43
31-01-2022 14:30;20.7
31-01-2022 14:45;20.51
31-01-2022 15:00;20.81
31-01-2022 15:15;21.02
31-01-2022 15:30;21.32
31-01-2022 15:45;20.86
31-01-2022 16:00;21.11
31-01-2022 16:15;20.94
31-01-2022 16:30;21.05
31-01-2022 16:45;20.86
31-01-2022 17:00;21.11
31-01-2022 17:15;20.99
31-01-2022 17:30;21.16
31-01-2022 17:45;21.04
31-01-2022 18:00;20.58
31-01-2022 18:15;20.57
31-01-2022 18:30;20.7
31-01-2022 18:45;21.16
31-01-2022 19:00;20.5
31-01-2022 19:15;20.24
31-01-2022 19:30;20.12
31-01-2022 19:45;19.95
31-01-2022 20:00;19.59
31-01-2022 20:15;18.65
31-01-2022 20:30;18.79
31-01-2022 20:45;18.98
31-01-2022 21:00;18.13
31-01-2022 21:15;18.13
31-01-2022 21:30;16.97
31-01-2022 21:45;17.28
31-01-2022 22:00;17.83
31-01-2022 22:15;17.94
31-01-2022 22:30;18.03
31-01-2022 22:45;18.2
31-01-2022 23:00;18.45
31-01-2022 23:15;18.55
31-01-2022 23:30;18.67
31-01-2022 23:45;17.93
1-02-2022 00:00;17.89
1-02-2022 00:15;18.2
1-02-2022 00:30;18.49
1-02-2022 00:45;18.52
1-02-2022 01:00;18.53
1-02-2022 01:15;18.65
1-02-2022 01:30;18.58
1-02-2022 01:45;19.35
1-02-2022 02:00;19.07
1-02-2022 02:15;18.9
1-02-2022 02:30;18.81
1-02-2022 02:45;18.71
1-02-2022 03:00;18.7
1-02-2022 03:15;18.66
1-02-2022 03:30;18.63
1-02-2022 03:45;17.65
1-02-2022 04:00;18.34
1-02-2022 04:15;19.41
1-02-2022 04:30;18.89
1-02-2022 04:45;18.58
1-02-2022 05:00;18.71
1-02-2022 05:15;19.07
1-02-2022 05:30;18.98
1-02-2022 05:45;19.15
1-02-2022 06:00;18.88
1-02-2022 06:15;18.54
1-02-2022 06:30;18.49
1-02-2022 06:45;18.65
1-02-2022 07:00;18.36
1-02-2022 07:15;18.22
1-02-2022 07:30;18.12
1-02-2022 07:45;18.14
1-02-2022 08:00;17.78
1-02-2022 08:15;17.28
1-02-2022 08:30;17.04
1-02-2022 08:45;16.73
1-02-2022 09:00;16.48
1-02-2022 09:15;16.08
1-02-2022 09:30;15.17
1-02-2022 09:45;14.72
1-02-2022 10:00;14.5
1-02-2022 10:15;14.6
1-02-2022 10:30;14.69
1-02-2022 10:45;14.77
1-02-2022 11:00;14.73
1-02-2022 11:15;15.05
1-02-2022 11:30;15.22
1-02-2022 11:45;14.76
1-02-2022 12:00;14.99
1-02-2022 12:15;15.3
1-02-2022 12:30;15.58
1-02-2022 12:45;15.88
1-02-2022 13:00;17.52
1-02-2022 13:15;18.06
1-02-2022 13:30;18.39
1-02-2022 13:45;19.91
1-02-2022 14:00;21.03
1-02-2022 14:15;20.23
1-02-2022 14:30;20.13
1-02-2022 14:45;20.1
1-02-2022 15:00;20.34
1-02-2022 15:15;20.4
1-02-2022 15:30;20.21
1-02-2022 15:45;20.16
1-02-2022 16:00;20.31
1-02-2022 16:15;20.88
1-02-2022 16:30;20.22
1-02-2022 16:45;20.05
1-02-2022 17:00;19.48
1-02-2022 17:15;19.65
1-02-2022 17:30;20.31
1-02-2022 17:45;20.75
1-02-2022 18:00;20.72
1-02-2022 18:15;20.34
1-02-2022 18:30;19.97
1-02-2022 18:45;19.94
1-02-2022 19:00;19.49
1-02-2022 19:15;18.86
1-02-2022 19:30;18.89
1-02-2022 19:45;18.8
1-02-2022 20:00;18.98
1-02-2022 20:15;18.79
1-02-2022 20:30;18.66
1-02-2022 20:45;18.65
1-02-2022 21:00;18.6
1-02-2022 21:15;18.73
1-02-2022 21:30;18.78
1-02-2022 21:45;18.75
1-02-2022 22:00;18.55
1-02-2022 22:15;18.71
1-02-2022 22:30;18.98
1-02-2022 22:45;19.07
1-02-2022 23:00;18.76
1-02-2022 23:15;18.9
1-02-2022 23:30;18.91
1-02-2022 23:45;18.97
2-02-2022 00:00;19.07
2-02-2022 00:15;19.18
2-02-2022 00:30;19.01
2-02-2022 00:45;19.16
2-02-2022 01:00;19.17
2-02-2022 01:15;19.19
2-02-2022 01:30;19.08
2-02-2022 01:45;19.2
2-02-2022 02:00;19.16
2-02-2022 02:15;19.12
2-02-2022 02:30;19.01
2-02-2022 02:45;18.91
2-02-2022 03:00;18.83
2-02-2022 03:15;18.77
2-02-2022 03:30;18.63
2-02-2022 03:45;18.51
2-02-2022 04:00;18.3
2-02-2022 04:15;18.25
2-02-2022 04:30;18.13
2-02-2022 04:45;17.67
2-02-2022 05:00;18.12
2-02-2022 05:15;19.01
2-02-2022 05:30;18.97
2-02-2022 05:45;18.45
2-02-2022 06:00;18.09
2-02-2022 06:15;17.91
2-02-2022 06:30;17.73
2-02-2022 06:45;17.73
2-02-2022 07:00;17.64
2-02-2022 07:15;17.16
2-02-2022 07:30;17.04
2-02-2022 07:45;16.88
2-02-2022 08:00;16.11
2-02-2022 08:15;15.72
2-02-2022 08:30;15.29
2-02-2022 08:45;15.24
2-02-2022 09:00;14.99
2-02-2022 09:15;14.94
2-02-2022 09:30;14.69
2-02-2022 09:45;15.05
2-02-2022 10:00;15.94
2-02-2022 10:15;15.72
2-02-2022 10:30;15.37
2-02-2022 10:45;15.01
2-02-2022 11:00;14.22
2-02-2022 11:15;14.6
2-02-2022 11:30;14.78
2-02-2022 11:45;14.89
2-02-2022 12:00;14.18
2-02-2022 12:15;13.92
2-02-2022 12:30;15.83
2-02-2022 12:45;16.49
2-02-2022 13:00;16.5
2-02-2022 13:15;16.57
2-02-2022 13:30;16.82
2-02-2022 13:45;17.07
2-02-2022 14:00;17.55
2-02-2022 14:15;17.8
2-02-2022 14:30;17.92
2-02-2022 14:45;18.04
2-02-2022 15:00;18.38
2-02-2022 15:15;18.57
2-02-2022 15:30;18.38
2-02-2022 15:45;18.35
2-02-2022 16:00;18.51
2-02-2022 16:15;18.95
2-02-2022 16:30;17.75
2-02-2022 16:45;17.75
2-02-2022 17:00;18.29
2-02-2022 17:15;18.55
2-02-2022 17:30;18.43
2-02-2022 17:45;18.59
2-02-2022 18:00;20.41
2-02-2022 18:15;20.93
2-02-2022 18:30;19.02
2-02-2022 18:45;18.27
2-02-2022 19:00;18.53
2-02-2022 19:15;18.75
2-02-2022 19:30;18.5
2-02-2022 19:45;18.02
2-02-2022 20:00;17.57
2-02-2022 20:15;17.52
2-02-2022 20:30;17.67
2-02-2022 20:45;17.78
2-02-2022 21:00;17.96
2-02-2022 21:15;18.28
2-02-2022 21:30;18.16
2-02-2022 21:45;18.18
2-02-2022 22:00;18.23
2-02-2022 22:15;18.42
2-02-2022 22:30;18.52
2-02-2022 22:45;18.53
2-02-2022 23:00;18.74
2-02-2022 23:15;19.4
2-02-2022 23:30;19.77
2-02-2022 23:45;19.9
3-02-2022 00:00;19.83
3-02-2022 00:15;20
3-02-2022 00:30;19.99
3-02-2022 00:45;19.96
3-02-2022 01:00;19.96
3-02-2022 01:15;20.06
3-02-2022 01:30;19.99
3-02-2022 01:45;19.83
3-02-2022 02:00;19.82
3-02-2022 02:15;19.77
3-02-2022 02:30;19.54
3-02-2022 02:45;19.62
3-02-2022 03:00;20.07
3-02-2022 03:15;19.71
3-02-2022 03:30;19.8
3-02-2022 03:45;19.62
3-02-2022 04:00;19.42
3-02-2022 04:15;19.23
3-02-2022 04:30;20.3
3-02-2022 04:45;21.31
3-02-2022 05:00;21.01
3-02-2022 05:15;20.46
3-02-2022 05:30;19.2
3-02-2022 05:45;17.21
3-02-2022 06:00;16.48
3-02-2022 06:15;16.11
3-02-2022 06:30;15.9
3-02-2022 06:45;15.51
3-02-2022 07:00;15.13
3-02-2022 07:15;15.17
3-02-2022 07:30;14.75
3-02-2022 07:45;14.13
3-02-2022 08:00;13.67
3-02-2022 08:15;13.72
3-02-2022 08:30;14.27
3-02-2022 08:45;15.12
3-02-2022 09:00;15.73
3-02-2022 09:15;16.22
3-02-2022 09:30;15.68
3-02-2022 09:45;15.71
3-02-2022 10:00;16.15
3-02-2022 10:15;16.77
3-02-2022 10:30;16.79
3-02-2022 10:45;16.67
3-02-2022 11:00;17.65
3-02-2022 11:15;17.28
3-02-2022 11:30;17.42
3-02-2022 11:45;17.49
3-02-2022 12:00;17.91
3-02-2022 12:15;19.39
3-02-2022 12:30;19.6
3-02-2022 12:45;19.55
3-02-2022 13:00;19.66
3-02-2022 13:15;20.14
3-02-2022 13:30;20.56
3-02-2022 13:45;20.42
3-02-2022 14:00;20.51
3-02-2022 14:15;20.08
3-02-2022 14:30;19.82
3-02-2022 14:45;19.23
3-02-2022 15:00;19.64
3-02-2022 15:15;19.52
3-02-2022 15:30;19.53
3-02-2022 15:45;19.78
3-02-2022 16:00;19.51
3-02-2022 16:15;20.12
3-02-2022 16:30;19.57
3-02-2022 16:45;19.68
3-02-2022 17:00;19.62
3-02-2022 17:15;19.87
3-02-2022 17:30;19.66
3-02-2022 17:45;21.21
3-02-2022 18:00;21.34
3-02-2022 18:15;20.57
3-02-2022 18:30;19.83
3-02-2022 18:45;18.59
3-02-2022 19:00;17.46
3-02-2022 19:15;17.51
3-02-2022 19:30;17.53
3-02-2022 19:45;18.43
3-02-2022 20:00;19.86
3-02-2022 20:15;19.65
3-02-2022 20:30;19.03
3-02-2022 20:45;17.79
3-02-2022 21:00;15.77
3-02-2022 21:15;15.71
3-02-2022 21:30;15.77
3-02-2022 21:45;16.35
3-02-2022 22:00;17.72
3-02-2022 22:15;17.78
3-02-2022 22:30;17.73
3-02-2022 22:45;17.69
3-02-2022 23:00;17.08
3-02-2022 23:15;16.05
3-02-2022 23:30;16.21
3-02-2022 23:45;16.44
4-02-2022 00:00;16.74
4-02-2022 00:15;16.97
4-02-2022 00:30;17.04
4-02-2022 00:45;17.1
4-02-2022 01:00;17.2
4-02-2022 01:15;17.25
4-02-2022 01:30;17.26
4-02-2022 01:45;17.27
4-02-2022 02:00;17.23
4-02-2022 02:15;17.22
4-02-2022 02:30;17.59
4-02-2022 02:45;17.53
4-02-2022 03:00;17.43
4-02-2022 03:15;17.39
4-02-2022 03:30;17.32
4-02-2022 03:45;17.27
4-02-2022 04:00;16.99
4-02-2022 04:15;17.1
4-02-2022 04:30;16.95
4-02-2022 04:45;16.73
4-02-2022 05:00;16.33
4-02-2022 05:15;16.01
4-02-2022 05:30;15.9
4-02-2022 05:45;16.03
4-02-2022 06:00;15.93
4-02-2022 06:15;15.74
4-02-2022 06:30;15.52
4-02-2022 06:45;15.34
4-02-2022 07:00;16.02
4-02-2022 07:15;15.82
4-02-2022 07:30;15.26
4-02-2022 07:45;14.74
4-02-2022 08:00;13.35
4-02-2022 08:15;12.94
4-02-2022 08:30;12.88
4-02-2022 08:45;13.05
4-02-2022 09:00;13.59
4-02-2022 09:15;14.19
4-02-2022 09:30;14.17
4-02-2022 09:45;14.29
4-02-2022 10:00;13.72
4-02-2022 10:15;13.33
4-02-2022 10:30;13.54
4-02-2022 10:45;13.82
4-02-2022 11:00;14.21
4-02-2022 11:15;15.31
4-02-2022 11:30;16.66
4-02-2022 11:45;16.82
4-02-2022 12:00;16.8
4-02-2022 12:15;16.06
4-02-2022 12:30;15.3
4-02-2022 12:45;15.67
4-02-2022 13:00;16.19
4-02-2022 13:15;16.69
4-02-2022 13:30;16.92
4-02-2022 13:45;17.36
4-02-2022 14:00;17.82
4-02-2022 14:15;18.17
4-02-2022 14:30;18.28
4-02-2022 14:45;18.25
4-02-2022 15:00;18.84
4-02-2022 15:15;18.93
4-02-2022 15:30;18.87
4-02-2022 15:45;18.16
4-02-2022 16:00;18.46
4-02-2022 16:15;18.23
4-02-2022 16:30;17.8
4-02-2022 16:45;17.22
4-02-2022 17:00;16.94
4-02-2022 17:15;16.89
4-02-2022 17:30;16.33
4-02-2022 17:45;16.27
4-02-2022 18:00;16.14
4-02-2022 18:15;16.16
4-02-2022 18:30;15.83
4-02-2022 18:45;15.84
4-02-2022 19:00;15.91
4-02-2022 19:15;16.09
4-02-2022 19:30;16.37
4-02-2022 19:45;16.36
4-02-2022 20:00;17.17
4-02-2022 20:15;18.88
4-02-2022 20:30;18.86
4-02-2022 20:45;18.43
4-02-2022 21:00;18.14
4-02-2022 21:15;16.59
4-02-2022 21:30;16.66
4-02-2022 21:45;17.32
4-02-2022 22:00;17.76
4-02-2022 22:15;19.6
4-02-2022 22:30;19.57
4-02-2022 22:45;19.37
4-02-2022 23:00;18.58
4-02-2022 23:15;17.44
4-02-2022 23:30;17.55
4-02-2022 23:45;17.85
5-02-2022 00:00;18.29
5-02-2022 00:15;18.36
5-02-2022 00:30;20.13
5-02-2022 00:45;20.75
5-02-2022 01:00;20.32
5-02-2022 01:15;19.84
5-02-2022 01:30;18.06
5-02-2022 01:45;17.25
5-02-2022 02:00;17.23
5-02-2022 02:15;17.4
5-02-2022 02:30;17.64
5-02-2022 02:45;18.1
5-02-2022 03:00;18.05
5-02-2022 03:15;18.12
5-02-2022 03:30;17.89
5-02-2022 03:45;18.06
5-02-2022 04:00;17.82
5-02-2022 04:15;16.85
5-02-2022 04:30;16.56
5-02-2022 04:45;16.22
5-02-2022 05:00;16
5-02-2022 05:15;15.58
5-02-2022 05:30;15.41
5-02-2022 05:45;15.09
5-02-2022 06:00;15.11
5-02-2022 06:15;15.19
5-02-2022 06:30;15.06
5-02-2022 06:45;15.18
5-02-2022 07:00;15.04
5-02-2022 07:15;14.98
5-02-2022 07:30;14.69
5-02-2022 07:45;14.66
5-02-2022 08:00;14.56
5-02-2022 08:15;14.58
5-02-2022 08:30;14.45
5-02-2022 08:45;14.36
5-02-2022 09:00;14.2
5-02-2022 09:15;14.56
5-02-2022 09:30;15.48
5-02-2022 09:45;15.45
5-02-2022 10:00;15.27
5-02-2022 10:15;14.38
5-02-2022 10:30;13.38
5-02-2022 10:45;13.31
5-02-2022 11:00;13.34
5-02-2022 11:15;13.68
5-02-2022 11:30;14.62
5-02-2022 11:45;14.7
5-02-2022 12:00;14.66
5-02-2022 12:15;14.32
5-02-2022 12:30;13.19
5-02-2022 12:45;13.14
5-02-2022 13:00;13.51
5-02-2022 13:15;13.9
5-02-2022 13:30;14.44
5-02-2022 13:45;16.31
5-02-2022 14:00;16.83
5-02-2022 14:15;16.8
5-02-2022 14:30;16.56
5-02-2022 14:45;15.31
5-02-2022 15:00;14.92
5-02-2022 15:15;15.15
5-02-2022 15:30;15.71
5-02-2022 15:45;15.92
5-02-2022 16:00;16.04
5-02-2022 16:15;16.52
5-02-2022 16:30;16.77
5-02-2022 16:45;16.88
5-02-2022 17:00;17.4
5-02-2022 17:15;18.87
5-02-2022 17:30;19.34
5-02-2022 17:45;19.57
5-02-2022 18:00;19.98
5-02-2022 18:15;20.15
5-02-2022 18:30;20.46
5-02-2022 18:45;20.18
5-02-2022 19:00;20.38
5-02-2022 19:15;20.28
5-02-2022 19:30;20.29
5-02-2022 19:45;20.03
5-02-2022 20:00;20.08
5-02-2022 20:15;20.13
5-02-2022 20:30;19.94
5-02-2022 20:45;19.77
5-02-2022 21:00;19.56
5-02-2022 21:15;18.46
5-02-2022 21:30;17.74
5-02-2022 21:45;17.43
5-02-2022 22:00;17.29
5-02-2022 22:15;17.34
5-02-2022 22:30;18.63
5-02-2022 22:45;18.54
5-02-2022 23:00;18.26
5-02-2022 23:15;17.62
5-02-2022 23:30;16.2
5-02-2022 23:45;15.29
6-02-2022 00:00;15.48
6-02-2022 00:15;15.77
6-02-2022 00:30;16.96
6-02-2022 00:45;17.55
6-02-2022 01:00;17.33
6-02-2022 01:15;17.09
6-02-2022 01:30;16.14
6-02-2022 01:45;15.07
6-02-2022 02:00;15.15
6-02-2022 02:15;15.3
6-02-2022 02:30;15.3
6-02-2022 02:45;15.4
6-02-2022 03:00;16.56
6-02-2022 03:15;16.81
6-02-2022 03:30;16.55
6-02-2022 03:45;16.55
6-02-2022 04:00;15.29
6-02-2022 04:15;14.66
6-02-2022 04:30;14.89
6-02-2022 04:45;15.49
6-02-2022 05:00;16.14
6-02-2022 05:15;16.22
6-02-2022 05:30;16.35
6-02-2022 05:45;16.43
6-02-2022 06:00;16.41
6-02-2022 06:15;16.31
6-02-2022 06:30;16.12
6-02-2022 06:45;16.09
6-02-2022 07:00;16.05
6-02-2022 07:15;15.6
6-02-2022 07:30;15.25
6-02-2022 07:45;14.96
6-02-2022 08:00;14.51
6-02-2022 08:15;14.06
6-02-2022 08:30;13.65
6-02-2022 08:45;13.37
6-02-2022 09:00;13.06
6-02-2022 09:15;12.75
6-02-2022 09:30;12.39
6-02-2022 09:45;12.25
6-02-2022 10:00;12.03
6-02-2022 10:15;11.69
6-02-2022 10:30;11.4
6-02-2022 10:45;11.28
6-02-2022 11:00;11.26
6-02-2022 11:15;11.24
6-02-2022 11:30;11.19
6-02-2022 11:45;11.59
6-02-2022 12:00;11.83
6-02-2022 12:15;12.14
6-02-2022 12:30;12.45
6-02-2022 12:45;12.29
6-02-2022 13:00;12.6
6-02-2022 13:15;13.53
6-02-2022 13:30;14.57
6-02-2022 13:45;16.79
6-02-2022 14:00;18.19
6-02-2022 14:15;18.62
6-02-2022 14:30;18.87
6-02-2022 14:45;17.62
6-02-2022 15:00;18.03
6-02-2022 15:15;18.68
6-02-2022 15:30;20.07
6-02-2022 15:45;20.31
6-02-2022 16:00;21.38
6-02-2022 16:15;23.66
6-02-2022 16:30;23.09
6-02-2022 16:45;24.14
6-02-2022 17:00;25.05
6-02-2022 17:15;26.34
6-02-2022 17:30;25.66
6-02-2022 17:45;23.54
6-02-2022 18:00;23.12
6-02-2022 18:15;22.93
6-02-2022 18:30;23.12
6-02-2022 18:45;24.09
6-02-2022 19:00;24.54
6-02-2022 19:15;25.63
6-02-2022 19:30;28.24
6-02-2022 19:45;28.44
6-02-2022 20:00;28
6-02-2022 20:15;28.66
6-02-2022 20:30;28.49
6-02-2022 20:45;29.39
6-02-2022 21:00;29.66
6-02-2022 21:15;29.55
6-02-2022 21:30;30.04
6-02-2022 21:45;31.02
6-02-2022 22:00;32.11
6-02-2022 22:15;32.57
6-02-2022 22:30;33.06
6-02-2022 22:45;33.35
6-02-2022 23:00;34.57
6-02-2022 23:15;35.94
6-02-2022 23:30;36.22
6-02-2022 23:45;36.41
7-02-2022 00:00;37.49
7-02-2022 00:15;37.73
7-02-2022 00:30;39.43
7-02-2022 00:45;40.12
7-02-2022 01:00;39.71
7-02-2022 01:15;39.68
7-02-2022 01:30;39.33
7-02-2022 01:45;39.07
7-02-2022 02:00;38.02
7-02-2022 02:15;36.21
7-02-2022 02:30;36.22
7-02-2022 02:45;35.13
7-02-2022 03:00;32.02
7-02-2022 03:15;31.87
7-02-2022 03:30;32.06
7-02-2022 03:45;32.01
7-02-2022 04:00;31.7
7-02-2022 04:15;31.33
7-02-2022 04:30;30.68
7-02-2022 04:45;30.17
7-02-2022 05:00;29.42
7-02-2022 05:15;28.72
7-02-2022 05:30;27.08
7-02-2022 05:45;27.18
7-02-2022 06:00;27.7
7-02-2022 06:15;26.59
7-02-2022 06:30;25.32
7-02-2022 06:45;23.94
7-02-2022 07:00;19.34
7-02-2022 07:15;17.93
7-02-2022 07:30;18.22
7-02-2022 07:45;18.41
7-02-2022 08:00;17.99
7-02-2022 08:15;18.29
7-02-2022 08:30;18.7
7-02-2022 08:45;18.66
7-02-2022 09:00;18.18
7-02-2022 09:15;17.05
7-02-2022 09:30;17.29
7-02-2022 09:45;16.83
7-02-2022 10:00;16.74
7-02-2022 10:15;16.59
7-02-2022 10:30;16.5
7-02-2022 10:45;16.45
7-02-2022 11:00;16.69
7-02-2022 11:15;17.4
7-02-2022 11:30;17.67
7-02-2022 11:45;17.81
7-02-2022 12:00;18.78
7-02-2022 12:15;20.07
7-02-2022 12:30;19.04
7-02-2022 12:45;17.32
7-02-2022 13:00;16.45
7-02-2022 13:15;16.75
7-02-2022 13:30;16.73
7-02-2022 13:45;16.5
7-02-2022 14:00;16.28
7-02-2022 14:15;16.67
7-02-2022 14:30;17.05
7-02-2022 14:45;17.38
7-02-2022 15:00;17.83
7-02-2022 15:15;19.6
7-02-2022 15:30;19.89
7-02-2022 15:45;19.75
7-02-2022 16:00;19.64
7-02-2022 16:15;18.52
7-02-2022 16:30;19.37
7-02-2022 16:45;18.53
7-02-2022 17:00;18.67
7-02-2022 17:15;18.84
7-02-2022 17:30;19.08
7-02-2022 17:45;19.35
7-02-2022 18:00;19.49
7-02-2022 18:15;20.64
7-02-2022 18:30;20.71
7-02-2022 18:45;20.37
7-02-2022 19:00;20.24
7-02-2022 19:15;18.88
7-02-2022 19:30;18.76
7-02-2022 19:45;18.91
7-02-2022 20:00;18.95
7-02-2022 20:15;18.55
7-02-2022 20:30;18.02
7-02-2022 20:45;17.88
7-02-2022 21:00;17.92
7-02-2022 21:15;17.95
7-02-2022 21:30;18.01
7-02-2022 21:45;18.05
7-02-2022 22:00;17.79
7-02-2022 22:15;16.57
7-02-2022 22:30;15.93
7-02-2022 22:45;15.82
7-02-2022 23:00;15.88
7-02-2022 23:15;15.88
7-02-2022 23:30;16
7-02-2022 23:45;16.06
8-02-2022 00:00;16.23
8-02-2022 00:15;16.14
8-02-2022 00:30;16.24
8-02-2022 00:45;16.29
8-02-2022 01:00;16.33
8-02-2022 01:15;16.32
8-02-2022 01:30;16.27
8-02-2022 01:45;16.36
8-02-2022 02:00;16.26
8-02-2022 02:15;16.33
8-02-2022 02:30;17
8-02-2022 02:45;17.1
8-02-2022 03:00;16.95
8-02-2022 03:15;16.89
8-02-2022 03:30;16.74
8-02-2022 03:45;16.59
8-02-2022 04:00;16.42
8-02-2022 04:15;16.7
8-02-2022 04:30;17.14
8-02-2022 04:45;16.78
8-02-2022 05:00;16.27
8-02-2022 05:15;15.42
8-02-2022 05:30;14.45
8-02-2022 05:45;14.2
8-02-2022 06:00;13.99
8-02-2022 06:15;14.14
8-02-2022 06:30;15.12
8-02-2022 06:45;15.67
8-02-2022 07:00;15.61
8-02-2022 07:15;15.23
8-02-2022 07:30;14.13
8-02-2022 07:45;13.69
8-02-2022 08:00;13.5
8-02-2022 08:15;13.86
8-02-2022 08:30;14.51
8-02-2022 08:45;14.39
8-02-2022 09:00;14.41
8-02-2022 09:15;13.62
8-02-2022 09:30;12.77
8-02-2022 09:45;12.72
8-02-2022 10:00;12.63
8-02-2022 10:15;12.75
8-02-2022 10:30;12.81
8-02-2022 10:45;12.87
8-02-2022 11:00;12.99
8-02-2022 11:15;13.24
8-02-2022 11:30;13.38
8-02-2022 11:45;13.67
8-02-2022 12:00;13.95
8-02-2022 12:15;14.46
8-02-2022 12:30;14.64
8-02-2022 12:45;14.83
8-02-2022 13:00;15.02
8-02-2022 13:15;15.19
8-02-2022 13:30;15.62
8-02-2022 13:45;15.49
8-02-2022 14:00;16.03
8-02-2022 14:15;16.86
8-02-2022 14:30;17.33
8-02-2022 14:45;17.65
8-02-2022 15:00;17.8
8-02-2022 15:15;18.11
8-02-2022 15:30;18.26
8-02-2022 15:45;18.29
8-02-2022 16:00;17.91
8-02-2022 16:15;17.71
8-02-2022 16:30;17.55
8-02-2022 16:45;17.58
8-02-2022 17:00;17.53
8-02-2022 17:15;17.44
8-02-2022 17:30;17.11
8-02-2022 17:45;15.53
8-02-2022 18:00;15.11
8-02-2022 18:15;15.08
8-02-2022 18:30;15.15
8-02-2022 18:45;15.02
8-02-2022 19:00;15.02
8-02-2022 19:15;15.08
8-02-2022 19:30;15.17
8-02-2022 19:45;15.22
8-02-2022 20:00;15.21
8-02-2022 20:15;15.3
8-02-2022 20:30;15.39
8-02-2022 20:45;15.45
8-02-2022 21:00;15.48
8-02-2022 21:15;15.64
8-02-2022 21:30;15.82
8-02-2022 21:45;15.83
8-02-2022 22:00;15.86
8-02-2022 22:15;15.9
8-02-2022 22:30;16.03
8-02-2022 22:45;16.15
8-02-2022 23:00;16.12
8-02-2022 23:15;16.17
8-02-2022 23:30;16.44
8-02-2022 23:45;16.44
9-02-2022 00:00;16.53
9-02-2022 00:15;17.24
9-02-2022 00:30;17.57
9-02-2022 00:45;17.53
9-02-2022 01:00;17.54
9-02-2022 01:15;17.61
9-02-2022 01:30;17.59
9-02-2022 01:45;17.65
9-02-2022 02:00;17.5
9-02-2022 02:15;17.56
9-02-2022 02:30;17.45
9-02-2022 02:45;17.39
9-02-2022 03:00;17.29
9-02-2022 03:15;17.14
9-02-2022 03:30;16.86
9-02-2022 03:45;16.32
9-02-2022 04:00;16.01
9-02-2022 04:15;16.14
9-02-2022 04:30;16.22
9-02-2022 04:45;16.17
9-02-2022 05:00;15.87
9-02-2022 05:15;15.71
9-02-2022 05:30;15.85
9-02-2022 05:45;16.18
9-02-2022 06:00;16.04
9-02-2022 06:15;15.8
9-02-2022 06:30;15.4
9-02-2022 06:45;15.56
9-02-2022 07:00;15.56
9-02-2022 07:15;14.46
9-02-2022 07:30;15.01
9-02-2022 07:45;14.88
9-02-2022 08:00;14.69
9-02-2022 08:15;14.35
9-02-2022 08:30;14.17
9-02-2022 08:45;14
9-02-2022 09:00;14.09
9-02-2022 09:15;14.12
9-02-2022 09:30;14.49
9-02-2022 09:45;15.97
9-02-2022 10:00;16.64
9-02-2022 10:15;16.22
9-02-2022 10:30;15.01
9-02-2022 10:45;15.03
9-02-2022 11:00;15.43
9-02-2022 11:15;15.78
9-02-2022 11:30;16.01
9-02-2022 11:45;16.14
9-02-2022 12:00;16.37
9-02-2022 12:15;16.52
9-02-2022 12:30;16.47
9-02-2022 12:45;16.36
9-02-2022 13:00;16.26
9-02-2022 13:15;16.3
9-02-2022 13:30;16.41
9-02-2022 13:45;16.55
9-02-2022 14:00;16.71
9-02-2022 14:15;16.69
9-02-2022 14:30;16.72
9-02-2022 14:45;16.74
9-02-2022 15:00;17.07
9-02-2022 15:15;17.83
9-02-2022 15:30;18.02
9-02-2022 15:45;17.85
9-02-2022 16:00;17.65
9-02-2022 16:15;17.38
9-02-2022 16:30;17.43
9-02-2022 16:45;17.35
9-02-2022 17:00;17.47
9-02-2022 17:15;17.6
9-02-2022 17:30;17.7
9-02-2022 17:45;17.84
9-02-2022 18:00;17.96
9-02-2022 18:15;18.12
9-02-2022 18:30;18.1
9-02-2022 18:45;18.22
9-02-2022 19:00;18.25
9-02-2022 19:15;18.34
9-02-2022 19:30;18.28
9-02-2022 19:45;18.25
9-02-2022 20:00;18.37
9-02-2022 20:15;18.35
9-02-2022 20:30;18.42
9-02-2022 20:45;18.43
9-02-2022 21:00;18.52
9-02-2022 21:15;18.54
9-02-2022 21:30;18.64
9-02-2022 21:45;18.73
9-02-2022 22:00;18.76
9-02-2022 22:15;18.95
9-02-2022 22:30;18.93
9-02-2022 22:45;19.01
9-02-2022 23:00;18.98
9-02-2022 23:15;18.92
9-02-2022 23:30;18.87
9-02-2022 23:45;19.06
10-02-2022 00:00;19.2
10-02-2022 00:15;19.22
10-02-2022 00:30;19.32
10-02-2022 00:45;19.21
10-02-2022 01:00;19.32
10-02-2022 01:15;19.11
10-02-2022 01:30;19.21
10-02-2022 01:45;19.01
10-02-2022 02:00;18.83
10-02-2022 02:15;18.81
10-02-2022 02:30;18.63
10-02-2022 02:45;18.54
10-02-2022 03:00;18.28
10-02-2022 03:15;18.11
10-02-2022 03:30;17.89
10-02-2022 03:45;17.62
10-02-2022 04:00;17.22
10-02-2022 04:15;16.99
10-02-2022 04:30;16.75
10-02-2022 04:45;16.47
10-02-2022 05:00;16.3
10-02-2022 05:15;15.98
10-02-2022 05:30;15.71
10-02-2022 05:45;15.47
10-02-2022 06:00;16.26
10-02-2022 06:15;15.98
10-02-2022 06:30;15.59
10-02-2022 06:45;15.1
10-02-2022 07:00;13.69
10-02-2022 07:15;13.39
10-02-2022 07:30;13.72
10-02-2022 07:45;13.77
10-02-2022 08:00;13.85
10-02-2022 08:15;13.48
10-02-2022 08:30;13.12
10-02-2022 08:45;13.97
10-02-2022 09:00;14.1
10-02-2022 09:15;14.13
10-02-2022 09:30;13.93
10-02-2022 09:45;13
10-02-2022 10:00;13.02
10-02-2022 10:15;13.12
10-02-2022 10:30;13.22
10-02-2022 10:45;13.3
10-02-2022 11:00;13.44
10-02-2022 11:15;13.88
10-02-2022 11:30;13.99
10-02-2022 11:45;14.57
10-02-2022 12:00;14.92
10-02-2022 12:15;15.25
10-02-2022 12:30;15.83
10-02-2022 12:45;16.11
10-02-2022 13:00;16.34
10-02-2022 13:15;16.62
10-02-2022 13:30;16.84
10-02-2022 13:45;17.09
10-02-2022 14:00;17.53
10-02-2022 14:15;17.63
10-02-2022 14:30;17.99
10-02-2022 14:45;17.98
10-02-2022 15:00;18.18
10-02-2022 15:15;18.12
10-02-2022 15:30;18.14
10-02-2022 15:45;17.98
10-02-2022 16:00;18.04
10-02-2022 16:15;18.4
10-02-2022 16:30;18.31
10-02-2022 16:45;18.18
10-02-2022 17:00;18.03
10-02-2022 17:15;18.27
10-02-2022 17:30;18.12
10-02-2022 17:45;18.03
10-02-2022 18:00;18
10-02-2022 18:15;18.15
10-02-2022 18:30;18.12
10-02-2022 18:45;17.97
10-02-2022 19:00;18.09
10-02-2022 19:15;18.34
10-02-2022 19:30;18.68
10-02-2022 19:45;18.48
10-02-2022 20:00;18.71
10-02-2022 20:15;19.01
10-02-2022 20:30;19.21
10-02-2022 20:45;19.21
10-02-2022 21:00;19.42
10-02-2022 21:15;20.01
10-02-2022 21:30;19.96
10-02-2022 21:45;19.83
10-02-2022 22:00;19.72
10-02-2022 22:15;19.73
10-02-2022 22:30;19.91
10-02-2022 22:45;20.01
10-02-2022 23:00;20.71
10-02-2022 23:15;20.86
10-02-2022 23:30;21.28
10-02-2022 23:45;22.01
11-02-2022 00:00;21.61
11-02-2022 00:15;21.04
11-02-2022 00:30;20.85
11-02-2022 00:45;21.49
11-02-2022 01:00;21.36
11-02-2022 01:15;20.51
11-02-2022 01:30;20.4
11-02-2022 01:45;20.23
11-02-2022 02:00;20.44
11-02-2022 02:15;20.43
11-02-2022 02:30;20.97
11-02-2022 02:45;20.65
11-02-2022 03:00;19.91
11-02-2022 03:15;20
11-02-2022 03:30;20.02
11-02-2022 03:45;20.29
11-02-2022 04:00;20.12
11-02-2022 04:15;19.98
11-02-2022 04:30;20.06
11-02-2022 04:45;20.39
11-02-2022 05:00;19.85
11-02-2022 05:15;19.13
11-02-2022 05:30;17.14
11-02-2022 05:45;16.45
11-02-2022 06:00;16.46
11-02-2022 06:15;16.04
11-02-2022 06:30;14.87
11-02-2022 06:45;14.39
11-02-2022 07:00;14.43
11-02-2022 07:15;14.84
11-02-2022 07:30;14.87
11-02-2022 07:45;14.81
11-02-2022 08:00;14.76
11-02-2022 08:15;15.88
11-02-2022 08:30;16.77
11-02-2022 08:45;16.92
11-02-2022 09:00;16.95
11-02-2022 09:15;16.06
11-02-2022 09:30;15.72
11-02-2022 09:45;15.97
11-02-2022 10:00;16.15
11-02-2022 10:15;16.04
11-02-2022 10:30;16.67
11-02-2022 10:45;17.26
11-02-2022 11:00;17.3
11-02-2022 11:15;17.15
11-02-2022 11:30;17.45
11-02-2022 11:45;16.44
11-02-2022 12:00;15.59
11-02-2022 12:15;15.58
11-02-2022 12:30;15.55
11-02-2022 12:45;15.75
11-02-2022 13:00;15.89
11-02-2022 13:15;16.32
11-02-2022 13:30;16.47
11-02-2022 13:45;16.65
11-02-2022 14:00;16.81
11-02-2022 14:15;17.27
11-02-2022 14:30;17.17
11-02-2022 14:45;17.37
11-02-2022 15:00;17.43
11-02-2022 15:15;17.62
11-02-2022 15:30;17.77
11-02-2022 15:45;17.72
11-02-2022 16:00;17.62
11-02-2022 16:15;17.69
11-02-2022 16:30;17.68
11-02-2022 16:45;17.74
11-02-2022 17:00;18.02
11-02-2022 17:15;17.99
11-02-2022 17:30;18
11-02-2022 17:45;18.03
11-02-2022 18:00;17.15
11-02-2022 18:15;17.29
11-02-2022 18:30;17.44
11-02-2022 18:45;17.56
11-02-2022 19:00;17.45
11-02-2022 19:15;17.62
11-02-2022 19:30;17.66
11-02-2022 19:45;17.8
11-02-2022 20:00;17.8
11-02-2022 20:15;18.02
11-02-2022 20:30;18.22
11-02-2022 20:45;18.04
11-02-2022 21:00;17.97
11-02-2022 21:15;18.05
11-02-2022 21:30;18.57
11-02-2022 21:45;18.7
11-02-2022 22:00;18.65
11-02-2022 22:15;18.72
11-02-2022 22:30;18.8
11-02-2022 22:45;18.86
11-02-2022 23:00;18.83
11-02-2022 23:15;19.05
11-02-2022 23:30;18.99
11-02-2022 23:45;18.96
12-02-2022 00:00;18.9
12-02-2022 00:15;18.94
12-02-2022 00:30;18.86
12-02-2022 00:45;18.67
12-02-2022 01:00;18.46
12-02-2022 01:15;18.39
12-02-2022 01:30;18.35
12-02-2022 01:45;18.15
12-02-2022 02:00;18.15
12-02-2022 02:15;18.01
12-02-2022 02:30;17.98
12-02-2022 02:45;17.88
12-02-2022 03:00;17.76
12-02-2022 03:15;17.59
12-02-2022 03:30;17.4
12-02-2022 03:45;17.1
12-02-2022 04:00;16.79
12-02-2022 04:15;16.73
12-02-2022 04:30;16.36
12-02-2022 04:45;16.08
12-02-2022 05:00;15.86
12-02-2022 05:15;15.49
12-02-2022 05:30;15.3
12-02-2022 05:45;14.95
12-02-2022 06:00;14.62
12-02-2022 06:15;14.61
12-02-2022 06:30;14.56
12-02-2022 06:45;14.23
12-02-2022 07:00;13.96
12-02-2022 07:15;13.59
12-02-2022 07:30;13.3
12-02-2022 07:45;13.09
12-02-2022 08:00;12.88
12-02-2022 08:15;12.66
12-02-2022 08:30;12.59
12-02-2022 08:45;12.55
12-02-2022 09:00;12.55
12-02-2022 09:15;12.65
12-02-2022 09:30;13.31
12-02-2022 09:45;12.87
12-02-2022 10:00;13.19
12-02-2022 10:15;12.55
12-02-2022 10:30;12.27
12-02-2022 10:45;12.37
12-02-2022 11:00;12.65
12-02-2022 11:15;14.45
12-02-2022 11:30;14.49
12-02-2022 11:45;15.28
12-02-2022 12:00;14.56
12-02-2022 12:15;14.87
12-02-2022 12:30;14.52
12-02-2022 12:45;14.25
12-02-2022 13:00;14.48
12-02-2022 13:15;14.61
12-02-2022 13:30;14.96
12-02-2022 13:45;15
12-02-2022 14:00;15.33
12-02-2022 14:15;15.61
12-02-2022 14:30;16
12-02-2022 14:45;16.31
12-02-2022 15:00;16.44
12-02-2022 15:15;16.39
12-02-2022 15:30;16.29
12-02-2022 15:45;16.53
12-02-2022 16:00;16.59
12-02-2022 16:15;16.93
12-02-2022 16:30;16.98
12-02-2022 16:45;17.22
12-02-2022 17:00;17.61
12-02-2022 17:15;17.52
12-02-2022 17:30;17.55
12-02-2022 17:45;17.59
12-02-2022 18:00;17.64
12-02-2022 18:15;17.18
12-02-2022 18:30;16.91
12-02-2022 18:45;16.63
12-02-2022 19:00;16.63
12-02-2022 19:15;16.72
12-02-2022 19:30;16.62
12-02-2022 19:45;16.68
12-02-2022 20:00;16.61
12-02-2022 20:15;16.89
12-02-2022 20:30;16.76
12-02-2022 20:45;16.8
12-02-2022 21:00;16.75
12-02-2022 21:15;16.96
12-02-2022 21:30;16.87
12-02-2022 21:45;16.84
12-02-2022 22:00;16.82
12-02-2022 22:15;16.82
12-02-2022 22:30;16.89
12-02-2022 22:45;16.76
12-02-2022 23:00;16.81
12-02-2022 23:15;16.8
12-02-2022 23:30;16.78
12-02-2022 23:45;16.65
13-02-2022 00:00;16.57
13-02-2022 00:15;16.64
13-02-2022 00:30;16.55
13-02-2022 00:45;16.52
13-02-2022 01:00;16.43
13-02-2022 01:15;16.42
13-02-2022 01:30;16.36
13-02-2022 01:45;16.28
13-02-2022 02:00;16.11
13-02-2022 02:15;15.86
13-02-2022 02:30;15.86
13-02-2022 02:45;15.69
13-02-2022 03:00;15.57
13-02-2022 03:15;15.44
13-02-2022 03:30;15.32
13-02-2022 03:45;15.2
13-02-2022 04:00;14.91
13-02-2022 04:15;14.73
13-02-2022 04:30;14.46
13-02-2022 04:45;14.35
13-02-2022 05:00;13.96
13-02-2022 05:15;13.84
13-02-2022 05:30;13.68
13-02-2022 05:45;13.94
13-02-2022 06:00;14.1
13-02-2022 06:15;14.1
13-02-2022 06:30;14.29
13-02-2022 06:45;14.51
13-02-2022 07:00;14.34
13-02-2022 07:15;14.18
13-02-2022 07:30;14
13-02-2022 07:45;13.76
13-02-2022 08:00;13.55
13-02-2022 08:15;13.37
13-02-2022 08:30;13.23
13-02-2022 08:45;13.15
13-02-2022 09:00;13.33
13-02-2022 09:15;13.01
13-02-2022 09:30;12.43
13-02-2022 09:45;12.18
13-02-2022 10:00;12.63
13-02-2022 10:15;12.53
13-02-2022 10:30;12.51
13-02-2022 10:45;12.48
13-02-2022 11:00;12.52
13-02-2022 11:15;12.65
13-02-2022 11:30;13.01
13-02-2022 11:45;12.8
13-02-2022 12:00;13.24
13-02-2022 12:15;12.84
13-02-2022 12:30;12.93
13-02-2022 12:45;13.08
13-02-2022 13:00;13.58
13-02-2022 13:15;13.98
13-02-2022 13:30;14.25
13-02-2022 13:45;14.7
13-02-2022 14:00;15.06
13-02-2022 14:15;15.18
13-02-2022 14:30;15.18
13-02-2022 14:45;15.31
13-02-2022 15:00;15.48
13-02-2022 15:15;15.95
13-02-2022 15:30;16.91
13-02-2022 15:45;17.11
13-02-2022 16:00;17.66
13-02-2022 16:15;18.05
13-02-2022 16:30;18.29
13-02-2022 16:45;18.81
13-02-2022 17:00;18.92
13-02-2022 17:15;18.9
13-02-2022 17:30;18.94
13-02-2022 17:45;19.12
13-02-2022 18:00;19.14
13-02-2022 18:15;19.2
13-02-2022 18:30;18.86
13-02-2022 18:45;18.85
13-02-2022 19:00;18.56
13-02-2022 19:15;17.78
13-02-2022 19:30;17.75
13-02-2022 19:45;18.05
13-02-2022 20:00;17.98
13-02-2022 20:15;17.83
13-02-2022 20:30;18.12
13-02-2022 20:45;18.97
13-02-2022 21:00;19.64
13-02-2022 21:15;18.86
13-02-2022 21:30;19.09
13-02-2022 21:45;19.09
13-02-2022 22:00;19.11
13-02-2022 22:15;19.02
13-02-2022 22:30;19.38
13-02-2022 22:45;19.36
13-02-2022 23:00;19.41
13-02-2022 23:15;19.13
13-02-2022 23:30;19.67
13-02-2022 23:45;19.51
14-02-2022 00:00;19.59
14-02-2022 00:15;19.4
14-02-2022 00:30;19.64
14-02-2022 00:45;19.45
14-02-2022 01:00;19.41
14-02-2022 01:15;19.17
14-02-2022 01:30;19.15
14-02-2022 01:45;18.86
14-02-2022 02:00;18.19
14-02-2022 02:15;18.03
14-02-2022 02:30;17.81
14-02-2022 02:45;17.64
14-02-2022 03:00;17.41
14-02-2022 03:15;17.2
14-02-2022 03:30;16.93
14-02-2022 03:45;16.73
14-02-2022 04:00;16.78
14-02-2022 04:15;16.45
14-02-2022 04:30;15.72
14-02-2022 04:45;14.7
14-02-2022 05:00;14.77
14-02-2022 05:15;14.95
14-02-2022 05:30;16.36
14-02-2022 05:45;16.44
14-02-2022 06:00;16.24
14-02-2022 06:15;16.03
14-02-2022 06:30;15.7
14-02-2022 06:45;15.56
14-02-2022 07:00;15.8
14-02-2022 07:15;15.83
14-02-2022 07:30;15.66
14-02-2022 07:45;15.46
14-02-2022 08:00;15.19
14-02-2022 08:15;15.02
14-02-2022 08:30;14.95
14-02-2022 08:45;14.97
14-02-2022 09:00;15.01
14-02-2022 09:15;15.24
14-02-2022 09:30;15.6
14-02-2022 09:45;15.94
14-02-2022 10:00;16.3
14-02-2022 10:15;16.74
14-02-2022 10:30;15.92
14-02-2022 10:45;14.35
14-02-2022 11:00;15.65
14-02-2022 11:15;18.04
14-02-2022 11:30;18.62
14-02-2022 11:45;19.41
14-02-2022 12:00;19.28
14-02-2022 12:15;19.44
14-02-2022 12:30;17.04
14-02-2022 12:45;15.16
14-02-2022 13:00;15.14
14-02-2022 13:15;15.7
14-02-2022 13:30;16.98
14-02-2022 13:45;17.26
14-02-2022 14:00;17.42
14-02-2022 14:15;17.86
14-02-2022 14:30;18.31
14-02-2022 14:45;18.35
14-02-2022 15:00;18.31
14-02-2022 15:15;18.45
14-02-2022 15:30;18.12
14-02-2022 15:45;16.18
14-02-2022 16:00;16.45
14-02-2022 16:15;16.42
14-02-2022 16:30;16.54
14-02-2022 16:45;17.39
14-02-2022 17:00;18.13
14-02-2022 17:15;18.39
14-02-2022 17:30;19.6
14-02-2022 17:45;19.5
14-02-2022 18:00;18.86
14-02-2022 18:15;18.85
14-02-2022 18:30;19.53
14-02-2022 18:45;20.1
14-02-2022 19:00;20.47
14-02-2022 19:15;20.9
14-02-2022 19:30;21.3
14-02-2022 19:45;22.41
14-02-2022 20:00;23.27
14-02-2022 20:15;24.46
14-02-2022 20:30;25.22
14-02-2022 20:45;27.86
14-02-2022 21:00;31.31
14-02-2022 21:15;31.33
14-02-2022 21:30;30.23
14-02-2022 21:45;31.06
14-02-2022 22:00;31.04
14-02-2022 22:15;28.29
14-02-2022 22:30;28.17
14-02-2022 22:45;28.21
14-02-2022 23:00;28.33
14-02-2022 23:15;28.02
14-02-2022 23:30;27.89
14-02-2022 23:45;27.62
15-02-2022 00:00;27.7
15-02-2022 00:15;27.42
15-02-2022 00:30;27.22
15-02-2022 00:45;26.92
15-02-2022 01:00;26.9
15-02-2022 01:15;26.67
15-02-2022 01:30;26.16
15-02-2022 01:45;26.24
15-02-2022 02:00;25.89
15-02-2022 02:15;25.39
15-02-2022 02:30;24.89
15-02-2022 02:45;23.12
15-02-2022 03:00;22.01
15-02-2022 03:15;21.91
15-02-2022 03:30;21.87
15-02-2022 03:45;21.8
15-02-2022 04:00;21.65
15-02-2022 04:15;21.28
15-02-2022 04:30;20.85
15-02-2022 04:45;19.79
15-02-2022 05:00;19.49
15-02-2022 05:15;18.37
15-02-2022 05:30;18.04
15-02-2022 05:45;17.03
15-02-2022 06:00;16.68
15-02-2022 06:15;16.56
15-02-2022 06:30;16.25
15-02-2022 06:45;15.49
15-02-2022 07:00;14.78
15-02-2022 07:15;14.42
15-02-2022 07:30;13.87
15-02-2022 07:45;13.96
15-02-2022 08:00;12.8
15-02-2022 08:15;12.63
15-02-2022 08:30;12.75
15-02-2022 08:45;12.85
15-02-2022 09:00;12.91
15-02-2022 09:15;12.83
15-02-2022 09:30;12.44
15-02-2022 09:45;12.32
15-02-2022 10:00;12.3
15-02-2022 10:15;11.39
15-02-2022 10:30;12.3
15-02-2022 10:45;12.66
15-02-2022 11:00;12.92
15-02-2022 11:15;13.53
15-02-2022 11:30;14.05
15-02-2022 11:45;14.48
15-02-2022 12:00;14.82
15-02-2022 12:15;15.25
15-02-2022 12:30;15.39
15-02-2022 12:45;15.64
15-02-2022 13:00;16.06
15-02-2022 13:15;16.02
15-02-2022 13:30;15.95
15-02-2022 13:45;15.33
15-02-2022 14:00;13.87
15-02-2022 14:15;13.9
15-02-2022 14:30;14.54
15-02-2022 14:45;14.41
15-02-2022 15:00;14.91
15-02-2022 15:15;15.53
15-02-2022 15:30;15.69
15-02-2022 15:45;16.82
15-02-2022 16:00;17.07
15-02-2022 16:15;16.65
15-02-2022 16:30;16.63
15-02-2022 16:45;16.78
15-02-2022 17:00;17.05
15-02-2022 17:15;17.09
15-02-2022 17:30;17.13
15-02-2022 17:45;17.37
15-02-2022 18:00;17.06
15-02-2022 18:15;16.67
15-02-2022 18:30;16.82
15-02-2022 18:45;16.95
15-02-2022 19:00;16.99
15-02-2022 19:15;16.86
15-02-2022 19:30;16.93
15-02-2022 19:45;16.99
15-02-2022 20:00;16.97
15-02-2022 20:15;16.87
15-02-2022 20:30;16.81
15-02-2022 20:45;16.75
15-02-2022 21:00;16.88
15-02-2022 21:15;16.84
15-02-2022 21:30;17.17
15-02-2022 21:45;17.27
15-02-2022 22:00;17.19
15-02-2022 22:15;17.57
15-02-2022 22:30;18.42
15-02-2022 22:45;18.37
15-02-2022 23:00;18.64
15-02-2022 23:15;19.12
15-02-2022 23:30;19.77
15-02-2022 23:45;19.84
16-02-2022 00:00;20.13
16-02-2022 00:15;20.23
16-02-2022 00:30;20.32
16-02-2022 00:45;20.36
16-02-2022 01:00;20.44
16-02-2022 01:15;20.42
16-02-2022 01:30;20.35
16-02-2022 01:45;20.5
16-02-2022 02:00;20.94
16-02-2022 02:15;20.2
16-02-2022 02:30;20.11
16-02-2022 02:45;20.11
16-02-2022 03:00;20.74
16-02-2022 03:15;21.13
16-02-2022 03:30;22.53
16-02-2022 03:45;23.42
16-02-2022 04:00;23.43
16-02-2022 04:15;23.07
16-02-2022 04:30;23.35
16-02-2022 04:45;23.37
16-02-2022 05:00;23.33
16-02-2022 05:15;23.76
16-02-2022 05:30;24.19
16-02-2022 05:45;24.35
16-02-2022 06:00;25.04
16-02-2022 06:15;25.54
16-02-2022 06:30;26.06
16-02-2022 06:45;29.59
16-02-2022 07:00;31.72
16-02-2022 07:15;32.34
16-02-2022 07:30;33.45
16-02-2022 07:45;34.84
16-02-2022 08:00;35.98
16-02-2022 08:15;38.2
16-02-2022 08:30;39.32
16-02-2022 08:45;40.06
16-02-2022 09:00;40.21
16-02-2022 09:15;39.91
16-02-2022 09:30;39.63
16-02-2022 09:45;40.03
16-02-2022 10:00;39.09
16-02-2022 10:15;38.93
16-02-2022 10:30;38.95
16-02-2022 10:45;37.49
16-02-2022 11:00;38.06
16-02-2022 11:15;37.88
16-02-2022 11:30;35.68
16-02-2022 11:45;34.45
16-02-2022 12:00;34.49
16-02-2022 12:15;33.97
16-02-2022 12:30;33.59
16-02-2022 12:45;33.59
16-02-2022 13:00;33.05
16-02-2022 13:15;32.69
16-02-2022 13:30;32.39
16-02-2022 13:45;32.51
16-02-2022 14:00;31.68
16-02-2022 14:15;31.23
16-02-2022 14:30;31.01
16-02-2022 14:45;30.97
16-02-2022 15:00;29.31
16-02-2022 15:15;28.13
16-02-2022 15:30;27.2
16-02-2022 15:45;25.78
16-02-2022 16:00;24.01
16-02-2022 16:15;20.7
16-02-2022 16:30;20.58
16-02-2022 16:45;20.47
16-02-2022 17:00;20.42
16-02-2022 17:15;20.04
16-02-2022 17:30;19.71
16-02-2022 17:45;19.41
16-02-2022 18:00;19.49
16-02-2022 18:15;19.47
16-02-2022 18:30;19.31
16-02-2022 18:45;18.82
16-02-2022 19:00;18.52
16-02-2022 19:15;17.54
16-02-2022 19:30;17.37
16-02-2022 19:45;17.68
16-02-2022 20:00;17.78
16-02-2022 20:15;17.54
16-02-2022 20:30;17.16
16-02-2022 20:45;17.16
16-02-2022 21:00;17.15
16-02-2022 21:15;17.41
16-02-2022 21:30;17.41
16-02-2022 21:45;17.54
16-02-2022 22:00;17.61
16-02-2022 22:15;17.19
16-02-2022 22:30;15.54
16-02-2022 22:45;16.04
16-02-2022 23:00;16.75
16-02-2022 23:15;17.43
16-02-2022 23:30;18.21
16-02-2022 23:45;18.28
17-02-2022 00:00;18.3
17-02-2022 00:15;18.23
17-02-2022 00:30;18.24
17-02-2022 00:45;18.38
17-02-2022 01:00;18.41
17-02-2022 01:15;18.43
17-02-2022 01:30;18.37
17-02-2022 01:45;18.36
17-02-2022 02:00;18.38
17-02-2022 02:15;18.37
17-02-2022 02:30;18.28
17-02-2022 02:45;18.06
17-02-2022 03:00;18.11
17-02-2022 03:15;17.97
17-02-2022 03:30;17.9
17-02-2022 03:45;17.7
17-02-2022 04:00;17.23
17-02-2022 04:15;17.76
17-02-2022 04:30;18.25
17-02-2022 04:45;18
17-02-2022 05:00;17.63
17-02-2022 05:15;17.41
17-02-2022 05:30;16.05
17-02-2022 05:45;16.18
17-02-2022 06:00;16.66
17-02-2022 06:15;16.78
17-02-2022 06:30;17.88
17-02-2022 06:45;18.29
17-02-2022 07:00;19.49
17-02-2022 07:15;18.86
17-02-2022 07:30;17.58
17-02-2022 07:45;15.78
17-02-2022 08:00;15.58
17-02-2022 08:15;15.45
17-02-2022 08:30;15.49
17-02-2022 08:45;15.69
17-02-2022 09:00;16.05
17-02-2022 09:15;17.21
17-02-2022 09:30;14.95
17-02-2022 09:45;16.34
17-02-2022 10:00;17.29
17-02-2022 10:15;16.12
17-02-2022 10:30;16.1
17-02-2022 10:45;16.1
17-02-2022 11:00;16.19
17-02-2022 11:15;16.42
17-02-2022 11:30;16.5
17-02-2022 11:45;16.8
17-02-2022 12:00;16.83
17-02-2022 12:15;17.22
17-02-2022 12:30;17.47
17-02-2022 12:45;17.47
17-02-2022 13:00;17.82
17-02-2022 13:15;17.92
17-02-2022 13:30;18.19
17-02-2022 13:45;18.3
17-02-2022 14:00;18.46
17-02-2022 14:15;18.7
17-02-2022 14:30;18.78
17-02-2022 14:45;18.84
17-02-2022 15:00;18.99
17-02-2022 15:15;19.23
17-02-2022 15:30;19.13
17-02-2022 15:45;19.44
17-02-2022 16:00;19.59
17-02-2022 16:15;19.44
17-02-2022 16:30;19.42
17-02-2022 16:45;19.34
17-02-2022 17:00;19.33
17-02-2022 17:15;19.17
17-02-2022 17:30;18.89
17-02-2022 17:45;18.89
17-02-2022 18:00;18.75
17-02-2022 18:15;18.74
17-02-2022 18:30;18.44
17-02-2022 18:45;18.45
17-02-2022 19:00;18.2
17-02-2022 19:15;17.96
17-02-2022 19:30;17.05
17-02-2022 19:45;16.98
17-02-2022 20:00;16.89
17-02-2022 20:15;16.83
17-02-2022 20:30;16.82
17-02-2022 20:45;16.9
17-02-2022 21:00;16.89
17-02-2022 21:15;16.88
17-02-2022 21:30;16.95
17-02-2022 21:45;17.02
17-02-2022 22:00;17.1
17-02-2022 22:15;17.2
17-02-2022 22:30;17.39
17-02-2022 22:45;17.48
17-02-2022 23:00;17.59
17-02-2022 23:15;17.62
17-02-2022 23:30;17.71
17-02-2022 23:45;17.74
18-02-2022 00:00;17.82
18-02-2022 00:15;17.81
18-02-2022 00:30;17.82
18-02-2022 00:45;17.85
18-02-2022 01:00;17.84
18-02-2022 01:15;17.78
18-02-2022 01:30;17.75
18-02-2022 01:45;17.68
18-02-2022 02:00;17.56
18-02-2022 02:15;17.37
18-02-2022 02:30;17.32
18-02-2022 02:45;17.13
18-02-2022 03:00;16.93
18-02-2022 03:15;16.69
18-02-2022 03:30;16.44
18-02-2022 03:45;16.28
18-02-2022 04:00;15.98
18-02-2022 04:15;15.7
18-02-2022 04:30;15.4
18-02-2022 04:45;15.23
18-02-2022 05:00;14.93
18-02-2022 05:15;14.71
18-02-2022 05:30;14.44
18-02-2022 05:45;14.2
18-02-2022 06:00;14.07
18-02-2022 06:15;13.91
18-02-2022 06:30;13.78
18-02-2022 06:45;14.24
18-02-2022 07:00;13.56
18-02-2022 07:15;13.72
18-02-2022 07:30;12.65
18-02-2022 07:45;12.67
18-02-2022 08:00;12.89
18-02-2022 08:15;12.92
18-02-2022 08:30;12.86
18-02-2022 08:45;12.93
18-02-2022 09:00;14.32
18-02-2022 09:15;13.64
18-02-2022 09:30;13.19
18-02-2022 09:45;13.28
18-02-2022 10:00;13.28
18-02-2022 10:15;13.36
18-02-2022 10:30;13.45
18-02-2022 10:45;13.68
18-02-2022 11:00;13.79
18-02-2022 11:15;14.01
18-02-2022 11:30;14.4
18-02-2022 11:45;14.64
18-02-2022 12:00;14.98
18-02-2022 12:15;15.39
18-02-2022 12:30;15.65
18-02-2022 12:45;16.08
18-02-2022 13:00;17.06
18-02-2022 13:15;17.44
18-02-2022 13:30;18.44
18-02-2022 13:45;18.64
18-02-2022 14:00;18.37
18-02-2022 14:15;18.65
18-02-2022 14:30;19.21
18-02-2022 14:45;19.74
18-02-2022 15:00;16.63
18-02-2022 15:15;21.92
18-02-2022 15:30;26.5
18-02-2022 15:45;26.75
18-02-2022 16:00;29.83
18-02-2022 16:15;32.36
18-02-2022 16:30;33.79
18-02-2022 16:45;35.09
18-02-2022 17:00;37.44
18-02-2022 17:15;39.85
18-02-2022 17:30;39.6
18-02-2022 17:45;39.5
18-02-2022 18:00;39.03
18-02-2022 18:15;38.94
18-02-2022 18:30;38.42
18-02-2022 18:45;38.11
18-02-2022 19:00;38.22
18-02-2022 19:15;38.15
18-02-2022 19:30;37.17
18-02-2022 19:45;36.12
18-02-2022 20:00;35.54
18-02-2022 20:15;33.7
18-02-2022 20:30;26.43
18-02-2022 20:45;27.06
18-02-2022 21:00;26.86
18-02-2022 21:15;26.56
18-02-2022 21:30;24.08
18-02-2022 21:45;21.57
18-02-2022 22:00;20.7
18-02-2022 22:15;20.69
18-02-2022 22:30;22.17
18-02-2022 22:45;20.46
18-02-2022 23:00;20.25
18-02-2022 23:15;20.13
18-02-2022 23:30;20.32
18-02-2022 23:45;20.51
19-02-2022 00:00;20.4
19-02-2022 00:15;20.17
19-02-2022 00:30;19.93
19-02-2022 00:45;20.25
19-02-2022 01:00;19.77
19-02-2022 01:15;20.02
19-02-2022 01:30;19.94
19-02-2022 01:45;19.8
19-02-2022 02:00;19.65
19-02-2022 02:15;19.39
19-02-2022 02:30;19.31
19-02-2022 02:45;19.24
19-02-2022 03:00;19.12
19-02-2022 03:15;18.63
19-02-2022 03:30;18.65
19-02-2022 03:45;18.49
19-02-2022 04:00;18.17
19-02-2022 04:15;17.83
19-02-2022 04:30;17.15
19-02-2022 04:45;16.5
19-02-2022 05:00;16.24
19-02-2022 05:15;15.88
19-02-2022 05:30;15.48
19-02-2022 05:45;15.3
19-02-2022 06:00;14.78
19-02-2022 06:15;14.22
19-02-2022 06:30;14.29
19-02-2022 06:45;14.03
19-02-2022 07:00;13.9
19-02-2022 07:15;13.57
19-02-2022 07:30;12.24
19-02-2022 07:45;10.59
19-02-2022 08:00;10.51
19-02-2022 08:15;10.64
19-02-2022 08:30;10.68
19-02-2022 08:45;10.66
19-02-2022 09:00;10.78
19-02-2022 09:15;10.83
19-02-2022 09:30;10.84
19-02-2022 09:45;11.55
19-02-2022 10:00;12.75
19-02-2022 10:15;12.95
19-02-2022 10:30;12.89
19-02-2022 10:45;13.26
19-02-2022 11:00;13.26
19-02-2022 11:15;13.67
19-02-2022 11:30;13.08
19-02-2022 11:45;13.13
19-02-2022 12:00;13.75
19-02-2022 12:15;12.99
19-02-2022 12:30;13.02
19-02-2022 12:45;13.11
19-02-2022 13:00;13.66
19-02-2022 13:15;14.09
19-02-2022 13:30;14.71
19-02-2022 13:45;15.34
19-02-2022 14:00;15.87
19-02-2022 14:15;16.38
19-02-2022 14:30;16.6
19-02-2022 14:45;17.07
19-02-2022 15:00;17.33
19-02-2022 15:15;17.27
19-02-2022 15:30;17.38
19-02-2022 15:45;17.36
19-02-2022 16:00;17.4
19-02-2022 16:15;17.43
19-02-2022 16:30;17.64
19-02-2022 16:45;17.91
19-02-2022 17:00;18.46
19-02-2022 17:15;18.55
19-02-2022 17:30;18.68
19-02-2022 17:45;18.69
19-02-2022 18:00;18.68
19-02-2022 18:15;18.64
19-02-2022 18:30;17.97
19-02-2022 18:45;18
19-02-2022 19:00;17.86
19-02-2022 19:15;18.46
19-02-2022 19:30;18.44
19-02-2022 19:45;18.58
19-02-2022 20:00;17.06
19-02-2022 20:15;16.88
19-02-2022 20:30;17.11
19-02-2022 20:45;16.98
19-02-2022 21:00;17
19-02-2022 21:15;17.09
19-02-2022 21:30;17.19
19-02-2022 21:45;17.12
19-02-2022 22:00;17.17
19-02-2022 22:15;17.13
19-02-2022 22:30;17.2
19-02-2022 22:45;17.22
19-02-2022 23:00;17.14
19-02-2022 23:15;17.15
19-02-2022 23:30;17.15
19-02-2022 23:45;17.23
20-02-2022 00:00;17.11
20-02-2022 00:15;17.1
20-02-2022 00:30;17.01
20-02-2022 00:45;17.04
20-02-2022 01:00;16.95
20-02-2022 01:15;16.84
20-02-2022 01:30;16.85
20-02-2022 01:45;16.73
20-02-2022 02:00;16.59
20-02-2022 02:15;16.51
20-02-2022 02:30;16.36
20-02-2022 02:45;16.11
20-02-2022 03:00;15.72
20-02-2022 03:15;15.66
20-02-2022 03:30;15.3
20-02-2022 03:45;15.19
20-02-2022 04:00;15.01
20-02-2022 04:15;14.87
20-02-2022 04:30;14.66
20-02-2022 04:45;14.54
20-02-2022 05:00;14.31
20-02-2022 05:15;14.07
20-02-2022 05:30;13.94
20-02-2022 05:45;13.7
20-02-2022 06:00;13.43
20-02-2022 06:15;13.31
20-02-2022 06:30;13.02
20-02-2022 06:45;12.61
20-02-2022 07:00;12.44
20-02-2022 07:15;12.21
20-02-2022 07:30;12
20-02-2022 07:45;11.69
20-02-2022 08:00;11.44
20-02-2022 08:15;11.43
20-02-2022 08:30;11.22
20-02-2022 08:45;10.98
20-02-2022 09:00;11.13
20-02-2022 09:15;10.93
20-02-2022 09:30;10.94
20-02-2022 09:45;10.59
20-02-2022 10:00;9.87
20-02-2022 10:15;10.34
20-02-2022 10:30;10.48
20-02-2022 10:45;10.59
20-02-2022 11:00;10.8
20-02-2022 11:15;10.91
20-02-2022 11:30;10.92
20-02-2022 11:45;10.96
20-02-2022 12:00;11.07
20-02-2022 12:15;11.19
20-02-2022 12:30;11.31
20-02-2022 12:45;11.75
20-02-2022 13:00;12.04
20-02-2022 13:15;11.71
20-02-2022 13:30;12.74
20-02-2022 13:45;13.04
20-02-2022 14:00;13.64
20-02-2022 14:15;14.02
20-02-2022 14:30;14.68
20-02-2022 14:45;15.69
20-02-2022 15:00;16.15
20-02-2022 15:15;16.62
20-02-2022 15:30;16.74
20-02-2022 15:45;17.17
20-02-2022 16:00;17.16
20-02-2022 16:15;17.34
20-02-2022 16:30;17.4
20-02-2022 16:45;17.51
20-02-2022 17:00;17.7
20-02-2022 17:15;18.28
20-02-2022 17:30;18.77
20-02-2022 17:45;18.75
20-02-2022 18:00;19.06
20-02-2022 18:15;18.87
20-02-2022 18:30;19
20-02-2022 18:45;18.72
20-02-2022 19:00;19.18
20-02-2022 19:15;19.44
20-02-2022 19:30;19.07
20-02-2022 19:45;18.78
20-02-2022 20:00;18.05
20-02-2022 20:15;18.27
20-02-2022 20:30;18.61
20-02-2022 20:45;18.58
20-02-2022 21:00;18.52
20-02-2022 21:15;18.47
20-02-2022 21:30;18.44
20-02-2022 21:45;18.39
20-02-2022 22:00;18.29
20-02-2022 22:15;18.46
20-02-2022 22:30;18.54
20-02-2022 22:45;19.05
20-02-2022 23:00;19.02
20-02-2022 23:15;18.26
20-02-2022 23:30;18.21
20-02-2022 23:45;18.83
21-02-2022 00:00;19.38
21-02-2022 00:15;19.62
21-02-2022 00:30;20.56
21-02-2022 00:45;20.64
21-02-2022 01:00;22.09
21-02-2022 01:15;25.14
21-02-2022 01:30;27.42
21-02-2022 01:45;28.04
21-02-2022 02:00;29.58
21-02-2022 02:15;30.42
21-02-2022 02:30;30.84
21-02-2022 02:45;32.17
21-02-2022 03:00;33.11
21-02-2022 03:15;33.5
21-02-2022 03:30;34
21-02-2022 03:45;34.19
21-02-2022 04:00;34.49
21-02-2022 04:15;34.56
21-02-2022 04:30;34.19
21-02-2022 04:45;34.04
21-02-2022 05:00;34.12
21-02-2022 05:15;33.79
21-02-2022 05:30;33.39
21-02-2022 05:45;32.75
21-02-2022 06:00;32.31
21-02-2022 06:15;31.96
21-02-2022 06:30;30.97
21-02-2022 06:45;30.33
21-02-2022 07:00;29.71
21-02-2022 07:15;28.45
21-02-2022 07:30;27.73
21-02-2022 07:45;26.69
21-02-2022 08:00;25.81
21-02-2022 08:15;25.52
21-02-2022 08:30;22.92
21-02-2022 08:45;21.01
21-02-2022 09:00;22.19
21-02-2022 09:15;19.72
21-02-2022 09:30;18.93
21-02-2022 09:45;19.47
21-02-2022 10:00;19.24
21-02-2022 10:15;19
21-02-2022 10:30;18.99
21-02-2022 10:45;19.14
21-02-2022 11:00;18.74
21-02-2022 11:15;18.05
21-02-2022 11:30;17.58
21-02-2022 11:45;17.96
21-02-2022 12:00;17.55
21-02-2022 12:15;17.41
21-02-2022 12:30;17.31
21-02-2022 12:45;17.31
21-02-2022 13:00;17.42
21-02-2022 13:15;17.05
21-02-2022 13:30;17.19
21-02-2022 13:45;17.35
21-02-2022 14:00;17.56
21-02-2022 14:15;17.58
21-02-2022 14:30;17.63
21-02-2022 14:45;18.12
21-02-2022 15:00;18.48
21-02-2022 15:15;16.41
21-02-2022 15:30;16.78
21-02-2022 15:45;19.08
21-02-2022 16:00;18.37
21-02-2022 16:15;18.04
21-02-2022 16:30;17.51
21-02-2022 16:45;18.27
21-02-2022 17:00;18.87
21-02-2022 17:15;18.43
21-02-2022 17:30;18.24
21-02-2022 17:45;17.82
21-02-2022 18:00;16.31
21-02-2022 18:15;15.15
21-02-2022 18:30;15.44
21-02-2022 18:45;15.53
21-02-2022 19:00;15.68
21-02-2022 19:15;15.72
21-02-2022 19:30;15.64
21-02-2022 19:45;15.87
21-02-2022 20:00;15.64
21-02-2022 20:15;15.67
21-02-2022 20:30;15.52
21-02-2022 20:45;15.56
21-02-2022 21:00;15.3
21-02-2022 21:15;14.88
21-02-2022 21:30;14.9
21-02-2022 21:45;14.93
21-02-2022 22:00;14.75
21-02-2022 22:15;14.51
21-02-2022 22:30;14.73
21-02-2022 22:45;14.76
21-02-2022 23:00;14.95
21-02-2022 23:15;14.86
21-02-2022 23:30;14.94
21-02-2022 23:45;14.97
22-02-2022 00:00;15.04
22-02-2022 00:15;14.99
22-02-2022 00:30;15.15
22-02-2022 00:45;15.29
22-02-2022 01:00;15.47
22-02-2022 01:15;15.89
22-02-2022 01:30;15.92
22-02-2022 01:45;16.02
22-02-2022 02:00;16.01
22-02-2022 02:15;16.01
22-02-2022 02:30;16.04
22-02-2022 02:45;16
22-02-2022 03:00;15.99
22-02-2022 03:15;16.03
22-02-2022 03:30;16.15
22-02-2022 03:45;15.99
22-02-2022 04:00;16.95
22-02-2022 04:15;17.73
22-02-2022 04:30;17.79
22-02-2022 04:45;17.6
22-02-2022 05:00;16.65
22-02-2022 05:15;15.07
22-02-2022 05:30;15.11
22-02-2022 05:45;15.13
22-02-2022 06:00;14.91
22-02-2022 06:15;15.04
22-02-2022 06:30;14.62
22-02-2022 06:45;14.43
22-02-2022 07:00;14.6
22-02-2022 07:15;14.74
22-02-2022 07:30;14.74
22-02-2022 07:45;12.93
22-02-2022 08:00;12.78
22-02-2022 08:15;12.69
22-02-2022 08:30;12.84
22-02-2022 08:45;9.16
22-02-2022 09:00;11.01
22-02-2022 09:15;12.13
22-02-2022 09:30;12.93
22-02-2022 09:45;13.35
22-02-2022 10:00;13.61
22-02-2022 10:15;13.78
22-02-2022 10:30;13.86
22-02-2022 10:45;13.92
22-02-2022 11:00;13.97
22-02-2022 11:15;15.14
22-02-2022 11:30;15
22-02-2022 11:45;14.62
22-02-2022 12:00;14.32
22-02-2022 12:15;14.7
22-02-2022 12:30;15.72
22-02-2022 12:45;15.02
22-02-2022 13:00;14.73
22-02-2022 13:15;15.08
22-02-2022 13:30;15.38
22-02-2022 13:45;15.28
22-02-2022 14:00;15.13
22-02-2022 14:15;15.38
22-02-2022 14:30;15.53
22-02-2022 14:45;15.7
22-02-2022 15:00;16.63
22-02-2022 15:15;17.17
22-02-2022 15:30;18.73
22-02-2022 15:45;17.62
22-02-2022 16:00;17.42
22-02-2022 16:15;17.52
22-02-2022 16:30;16.82
22-02-2022 16:45;17.39
22-02-2022 17:00;17.6
22-02-2022 17:15;18.3
22-02-2022 17:30;18.46
22-02-2022 17:45;18.73
22-02-2022 18:00;18.63
22-02-2022 18:15;18.64
22-02-2022 18:30;19.07
22-02-2022 18:45;19.37
22-02-2022 19:00;19.13
22-02-2022 19:15;19.05
22-02-2022 19:30;18.94
22-02-2022 19:45;19.05
22-02-2022 20:00;18.96
22-02-2022 20:15;18.92
22-02-2022 20:30;18.87
22-02-2022 20:45;19
22-02-2022 21:00;19.05
22-02-2022 21:15;18.93
22-02-2022 21:30;18.96
22-02-2022 21:45;18.82
22-02-2022 22:00;18.71
22-02-2022 22:15;18.57
22-02-2022 22:30;18.59
22-02-2022 22:45;18.4
22-02-2022 23:00;18.25
22-02-2022 23:15;18.19
22-02-2022 23:30;18.41
22-02-2022 23:45;18.42
23-02-2022 00:00;18.27
23-02-2022 00:15;18.18
23-02-2022 00:30;18.23
23-02-2022 00:45;18.33
23-02-2022 01:00;18.3
23-02-2022 01:15;17.94
23-02-2022 01:30;17.89
23-02-2022 01:45;17.64
23-02-2022 02:00;17.52
23-02-2022 02:15;17.36
23-02-2022 02:30;17.19
23-02-2022 02:45;17.03
23-02-2022 03:00;16.88
23-02-2022 03:15;16.97
23-02-2022 03:30;16.9
23-02-2022 03:45;17.19
23-02-2022 04:00;16.64
23-02-2022 04:15;15.72
23-02-2022 04:30;15.31
23-02-2022 04:45;14.6
23-02-2022 05:00;14.25
23-02-2022 05:15;12.18
23-02-2022 05:30;10.98
23-02-2022 05:45;10.82
23-02-2022 06:00;10.71
23-02-2022 06:15;10.79
23-02-2022 06:30;10.46
23-02-2022 06:45;10.44
23-02-2022 07:00;11.02
23-02-2022 07:15;11.16
23-02-2022 07:30;11.8
23-02-2022 07:45;11.98
23-02-2022 08:00;9.87
23-02-2022 08:15;9.21
23-02-2022 08:30;9.59
23-02-2022 08:45;9.84
23-02-2022 09:00;10.25
23-02-2022 09:15;10.34
23-02-2022 09:30;10.28
23-02-2022 09:45;10.51
23-02-2022 10:00;15.44
23-02-2022 10:15;16.56
23-02-2022 10:30;16.35
23-02-2022 10:45;16.02
23-02-2022 11:00;14.02
23-02-2022 11:15;13.35
23-02-2022 11:30;13.03
23-02-2022 11:45;12.84
23-02-2022 12:00;12.52
23-02-2022 12:15;12.47
23-02-2022 12:30;12.65
23-02-2022 12:45;12.81
23-02-2022 13:00;13.22
23-02-2022 13:15;14.61
23-02-2022 13:30;13.82
23-02-2022 13:45;13.81
23-02-2022 14:00;13.97
23-02-2022 14:15;13.89
23-02-2022 14:30;13.96
23-02-2022 14:45;14.04
23-02-2022 15:00;14.25
23-02-2022 15:15;14.62
23-02-2022 15:30;15.39
23-02-2022 15:45;14.83
23-02-2022 16:00;15.32
23-02-2022 16:15;15.3
23-02-2022 16:30;15.09
23-02-2022 16:45;15
23-02-2022 17:00;14.86
23-02-2022 17:15;14.56
23-02-2022 17:30;14.43
23-02-2022 17:45;13.29
23-02-2022 18:00;12.2
23-02-2022 18:15;12.79
23-02-2022 18:30;13.18
23-02-2022 18:45;13.77
23-02-2022 19:00;13.87
23-02-2022 19:15;14.01
23-02-2022 19:30;14.33
23-02-2022 19:45;14.32
23-02-2022 20:00;15.62
23-02-2022 20:15;15.61
23-02-2022 20:30;15.62
23-02-2022 20:45;15.68
23-02-2022 21:00;15.84
23-02-2022 21:15;16.08
23-02-2022 21:30;16.17
23-02-2022 21:45;16.47
23-02-2022 22:00;15.13
23-02-2022 22:15;15.71
23-02-2022 22:30;15.58
23-02-2022 22:45;15.83
23-02-2022 23:00;15.89
23-02-2022 23:15;15.95
23-02-2022 23:30;15.99
23-02-2022 23:45;16.22
24-02-2022 00:00;16.25
24-02-2022 00:15;16.21
24-02-2022 00:30;16.16
24-02-2022 00:45;16.26
24-02-2022 01:00;16.68
24-02-2022 01:15;17.16
24-02-2022 01:30;18.9
24-02-2022 01:45;19.17
24-02-2022 02:00;18.61
24-02-2022 02:15;17.74
24-02-2022 02:30;17.54
24-02-2022 02:45;17.54
24-02-2022 03:00;17.56
24-02-2022 03:15;17.25
24-02-2022 03:30;17.2
24-02-2022 03:45;17.09
24-02-2022 04:00;16.82
24-02-2022 04:15;16.74
24-02-2022 04:30;16.74
24-02-2022 04:45;16.81
24-02-2022 05:00;16.63
24-02-2022 05:15;16.31
24-02-2022 05:30;16.15
24-02-2022 05:45;15.98
24-02-2022 06:00;15.88
24-02-2022 06:15;15.47
24-02-2022 06:30;15.17
24-02-2022 06:45;14.93
24-02-2022 07:00;14.5
24-02-2022 07:15;13.95
24-02-2022 07:30;13.53
24-02-2022 07:45;13.24
24-02-2022 08:00;12.85
24-02-2022 08:15;13.01
24-02-2022 08:30;13.1
24-02-2022 08:45;12.24
24-02-2022 09:00;12.4
24-02-2022 09:15;13.24
24-02-2022 09:30;13.66
24-02-2022 09:45;13.55
24-02-2022 10:00;13.73
24-02-2022 10:15;14.27
24-02-2022 10:30;15.36
24-02-2022 10:45;15.63
24-02-2022 11:00;15.43
24-02-2022 11:15;15.22
24-02-2022 11:30;14.99
24-02-2022 11:45;14.85
24-02-2022 12:00;14.92
24-02-2022 12:15;14.97
24-02-2022 12:30;14.47
24-02-2022 12:45;13.87
24-02-2022 13:00;14.11
24-02-2022 13:15;14.77
24-02-2022 13:30;14.97
24-02-2022 13:45;15.3
24-02-2022 14:00;15.66
24-02-2022 14:15;15.75
24-02-2022 14:30;16.13
24-02-2022 14:45;16.6
24-02-2022 15:00;17.41
24-02-2022 15:15;19.56
24-02-2022 15:30;20.43
24-02-2022 15:45;21.56
24-02-2022 16:00;22.3
24-02-2022 16:15;24.78
24-02-2022 16:30;24.69
24-02-2022 16:45;24.64
24-02-2022 17:00;28.09
24-02-2022 17:15;27.96
24-02-2022 17:30;28
24-02-2022 17:45;28.49
24-02-2022 18:00;28.65
24-02-2022 18:15;28.35
24-02-2022 18:30;29.68
24-02-2022 18:45;29.4
24-02-2022 19:00;28.37
24-02-2022 19:15;27.93
24-02-2022 19:30;27.59
24-02-2022 19:45;27.32
24-02-2022 20:00;26.74
24-02-2022 20:15;25.61
24-02-2022 20:30;25.31
24-02-2022 20:45;24.44
24-02-2022 21:00;23.76
24-02-2022 21:15;23.36
24-02-2022 21:30;22.46
24-02-2022 21:45;19.94
24-02-2022 22:00;18.93
24-02-2022 22:15;19.26
24-02-2022 22:30;18.56
24-02-2022 22:45;18.37
24-02-2022 23:00;17.82
24-02-2022 23:15;17.78
24-02-2022 23:30;17.69
24-02-2022 23:45;17.76
25-02-2022 00:00;17.68
25-02-2022 00:15;18.52
25-02-2022 00:30;16.69
25-02-2022 00:45;16.11
25-02-2022 01:00;16.06
25-02-2022 01:15;16.24
25-02-2022 01:30;16.29
25-02-2022 01:45;16.33
25-02-2022 02:00;16.24
25-02-2022 02:15;16.09
25-02-2022 02:30;16.09
25-02-2022 02:45;16.14
25-02-2022 03:00;15.98
25-02-2022 03:15;15.75
25-02-2022 03:30;15.56
25-02-2022 03:45;15.51
25-02-2022 04:00;15.27
25-02-2022 04:15;15.16
25-02-2022 04:30;15.74
25-02-2022 04:45;15.63
25-02-2022 05:00;15.62
25-02-2022 05:15;16.42
25-02-2022 05:30;16.27
25-02-2022 05:45;15.46
25-02-2022 06:00;15.64
25-02-2022 06:15;15.41
25-02-2022 06:30;12.04
25-02-2022 06:45;10.42
25-02-2022 07:00;10.61
25-02-2022 07:15;11.66
25-02-2022 07:30;11.99
25-02-2022 07:45;11.64
25-02-2022 08:00;11.77
25-02-2022 08:15;12.03
25-02-2022 08:30;12.31
25-02-2022 08:45;12.45
25-02-2022 09:00;12.58
25-02-2022 09:15;12.57
25-02-2022 09:30;12.63
25-02-2022 09:45;12.8
25-02-2022 10:00;15.95
25-02-2022 10:15;17.36
25-02-2022 10:30;17.34
25-02-2022 10:45;16.9
25-02-2022 11:00;16.55
25-02-2022 11:15;16.12
25-02-2022 11:30;15.7
25-02-2022 11:45;15.64
25-02-2022 12:00;15.57
25-02-2022 12:15;15.56
25-02-2022 12:30;15.55
25-02-2022 12:45;15.6
25-02-2022 13:00;15.5
25-02-2022 13:15;15.29
25-02-2022 13:30;14.74
25-02-2022 13:45;14.66
25-02-2022 14:00;14.58
25-02-2022 14:15;14.64
25-02-2022 14:30;14.68
25-02-2022 14:45;14.57
25-02-2022 15:00;14.59
25-02-2022 15:15;14.63
25-02-2022 15:30;14.72
25-02-2022 15:45;14.72
25-02-2022 16:00;14.78
25-02-2022 16:15;14.95
25-02-2022 16:30;15.12
25-02-2022 16:45;15.27
25-02-2022 17:00;15.18
25-02-2022 17:15;15.09
25-02-2022 17:30;15.37
25-02-2022 17:45;15.74
25-02-2022 18:00;15.03
25-02-2022 18:15;15.28
25-02-2022 18:30;15.1
25-02-2022 18:45;15.28
25-02-2022 19:00;15.19
25-02-2022 19:15;15.24
25-02-2022 19:30;15.37
25-02-2022 19:45;15.38
25-02-2022 20:00;15.43
25-02-2022 20:15;15.45
25-02-2022 20:30;15.94
25-02-2022 20:45;16.03
25-02-2022 21:00;16.13
25-02-2022 21:15;16.19
25-02-2022 21:30;16.35
25-02-2022 21:45;16.45
25-02-2022 22:00;16.46
25-02-2022 22:15;16.45
25-02-2022 22:30;16.37
25-02-2022 22:45;16.42
25-02-2022 23:00;16.43
25-02-2022 23:15;16.43
25-02-2022 23:30;16.29
25-02-2022 23:45;16.42
26-02-2022 00:00;16.37
26-02-2022 00:15;16.54
26-02-2022 00:30;16.06
26-02-2022 00:45;15.21
26-02-2022 01:00;15.27
26-02-2022 01:15;15.31
26-02-2022 01:30;15.36
26-02-2022 01:45;15.37
26-02-2022 02:00;15.31
26-02-2022 02:15;15.31
26-02-2022 02:30;15.29
26-02-2022 02:45;15.3
26-02-2022 03:00;15.2
26-02-2022 03:15;15.09
26-02-2022 03:30;14.94
26-02-2022 03:45;14.98
26-02-2022 04:00;14.95
26-02-2022 04:15;14.8
26-02-2022 04:30;14.7
26-02-2022 04:45;14.53
26-02-2022 05:00;14.37
26-02-2022 05:15;14.51
26-02-2022 05:30;14.5
26-02-2022 05:45;11.69
26-02-2022 06:00;9.96
26-02-2022 06:15;9.64
26-02-2022 06:30;10.23
26-02-2022 06:45;10.44
26-02-2022 07:00;10.69
26-02-2022 07:15;11.3
26-02-2022 07:30;13.12
26-02-2022 07:45;12.21
26-02-2022 08:00;12.18
26-02-2022 08:15;11.93
26-02-2022 08:30;11.94
26-02-2022 08:45;11.8
26-02-2022 09:00;11.64
26-02-2022 09:15;11.59
26-02-2022 09:30;11.56
26-02-2022 09:45;11.5
26-02-2022 10:00;11.42
26-02-2022 10:15;11.51
26-02-2022 10:30;11.35
26-02-2022 10:45;11.37
26-02-2022 11:00;11.32
26-02-2022 11:15;11.32
26-02-2022 11:30;11.44
26-02-2022 11:45;11.52
26-02-2022 12:00;11.7
26-02-2022 12:15;11.69
26-02-2022 12:30;12
26-02-2022 12:45;14.49
26-02-2022 13:00;16.16
26-02-2022 13:15;16.61
26-02-2022 13:30;16.77
26-02-2022 13:45;16.57
26-02-2022 14:00;16.32
26-02-2022 14:15;16.11
26-02-2022 14:30;16.24
26-02-2022 14:45;16.25
26-02-2022 15:00;16.45
26-02-2022 15:15;16.66
26-02-2022 15:30;16.74
26-02-2022 15:45;17.08
26-02-2022 16:00;17.26
26-02-2022 16:15;17.4
26-02-2022 16:30;17.52
26-02-2022 16:45;17.71
26-02-2022 17:00;17.67
26-02-2022 17:15;17.74
26-02-2022 17:30;17.8
26-02-2022 17:45;18.94
26-02-2022 18:00;17.75
26-02-2022 18:15;18.06
26-02-2022 18:30;18.1
26-02-2022 18:45;18.1
26-02-2022 19:00;17.74
26-02-2022 19:15;17.38
26-02-2022 19:30;16.82
26-02-2022 19:45;15.46
26-02-2022 20:00;14.9
26-02-2022 20:15;14.62
26-02-2022 20:30;14.36
26-02-2022 20:45;13.74
26-02-2022 21:00;13.64
26-02-2022 21:15;13.55
26-02-2022 21:30;13.58
26-02-2022 21:45;13.59
26-02-2022 22:00;13.56
26-02-2022 22:15;13.62
26-02-2022 22:30;13.66
26-02-2022 22:45;13.78
26-02-2022 23:00;13.73
26-02-2022 23:15;13.88
26-02-2022 23:30;13.89
26-02-2022 23:45;13.91
27-02-2022 00:00;13.94
27-02-2022 00:15;13.99
27-02-2022 00:30;14.02
27-02-2022 00:45;14.01
27-02-2022 01:00;13.98
27-02-2022 01:15;14
27-02-2022 01:30;14
27-02-2022 01:45;13.97
27-02-2022 02:00;14
27-02-2022 02:15;14.2
27-02-2022 02:30;13.15
27-02-2022 02:45;13.12
27-02-2022 03:00;13.17
27-02-2022 03:15;13.12
27-02-2022 03:30;13.13
27-02-2022 03:45;13.03
27-02-2022 04:00;12.94
27-02-2022 04:15;12.87
27-02-2022 04:30;12.49
27-02-2022 04:45;12.26
27-02-2022 05:00;10.37
27-02-2022 05:15;10.05
27-02-2022 05:30;9.92
27-02-2022 05:45;9.82
27-02-2022 06:00;9.58
27-02-2022 06:15;9.63
27-02-2022 06:30;9.89
27-02-2022 06:45;10.29
27-02-2022 07:00;10.7
27-02-2022 07:15;10.82
27-02-2022 07:30;10.73
27-02-2022 07:45;10.85
27-02-2022 08:00;10.96
27-02-2022 08:15;10.96
27-02-2022 08:30;11.08
27-02-2022 08:45;11.02
27-02-2022 09:00;11.65
27-02-2022 09:15;13.91
27-02-2022 09:30;14.46
27-02-2022 09:45;14.16
27-02-2022 10:00;13.69
27-02-2022 10:15;13.14
27-02-2022 10:30;10.9
27-02-2022 10:45;10.46
27-02-2022 11:00;10.36
27-02-2022 11:15;10.4
27-02-2022 11:30;10.54
27-02-2022 11:45;10.62
27-02-2022 12:00;10.7
27-02-2022 12:15;10.83
27-02-2022 12:30;11.05
27-02-2022 12:45;11.32
27-02-2022 13:00;11.49
27-02-2022 13:15;11.8
27-02-2022 13:30;12.05
27-02-2022 13:45;12.39
27-02-2022 14:00;13.54
27-02-2022 14:15;17.03
27-02-2022 14:30;18.22
27-02-2022 14:45;18.21
27-02-2022 15:00;17.63
27-02-2022 15:15;17.53
27-02-2022 15:30;17.31
27-02-2022 15:45;17.13
27-02-2022 16:00;17.01
27-02-2022 16:15;16.79
27-02-2022 16:30;17
27-02-2022 16:45;16.91
27-02-2022 17:00;16.9
27-02-2022 17:15;16.93
27-02-2022 17:30;16.83
27-02-2022 17:45;16.64
27-02-2022 18:00;16.53
27-02-2022 18:15;16.49
27-02-2022 18:30;16.07
27-02-2022 18:45;16.15
27-02-2022 19:00;16.13
27-02-2022 19:15;16.48
27-02-2022 19:30;15.38
27-02-2022 19:45;15.5
27-02-2022 20:00;15.51
27-02-2022 20:15;15.21
27-02-2022 20:30;14.96
27-02-2022 20:45;15.02
27-02-2022 21:00;15.06
27-02-2022 21:15;15.04
27-02-2022 21:30;15.04
27-02-2022 21:45;15.19
27-02-2022 22:00;15.21
27-02-2022 22:15;15.27
27-02-2022 22:30;15.43
27-02-2022 22:45;15.5
27-02-2022 23:00;15.59
27-02-2022 23:15;15.62
27-02-2022 23:30;15.74
27-02-2022 23:45;15.82
28-02-2022 00:00;15.99
28-02-2022 00:15;16.74
28-02-2022 00:30;16.3
28-02-2022 00:45;16.35
28-02-2022 01:00;16.1
28-02-2022 01:15;16.22
28-02-2022 01:30;16.12
28-02-2022 01:45;15.96
28-02-2022 02:00;15.96
28-02-2022 02:15;15.81
28-02-2022 02:30;15.79
28-02-2022 02:45;15.46
28-02-2022 03:00;15.29
28-02-2022 03:15;15.04
28-02-2022 03:30;14.92
28-02-2022 03:45;14.64
28-02-2022 04:00;14.51
28-02-2022 04:15;14.62
28-02-2022 04:30;14.35
28-02-2022 04:45;14.09
28-02-2022 05:00;13.83
28-02-2022 05:15;13.62
28-02-2022 05:30;13.96
28-02-2022 05:45;14.37
28-02-2022 06:00;14.42
28-02-2022 06:15;13.59
28-02-2022 06:30;13.41
28-02-2022 06:45;12.07
28-02-2022 07:00;10.57
28-02-2022 07:15;10.66
28-02-2022 07:30;10.39
28-02-2022 07:45;10.39
28-02-2022 08:00;10.57
28-02-2022 08:15;11.15
28-02-2022 08:30;10.92
28-02-2022 08:45;11.07
28-02-2022 09:00;11.29
28-02-2022 09:15;11.43
28-02-2022 09:30;11.55
28-02-2022 09:45;11.85
28-02-2022 10:00;12.18
28-02-2022 10:15;12.16
28-02-2022 10:30;12.27
28-02-2022 10:45;12.5
28-02-2022 11:00;15.14
28-02-2022 11:15;17.14
28-02-2022 11:30;17.65
28-02-2022 11:45;17.39
28-02-2022 12:00;17.19
28-02-2022 12:15;16.92
28-02-2022 12:30;16.51
28-02-2022 12:45;16.39
28-02-2022 13:00;15.96
28-02-2022 13:15;15.77
28-02-2022 13:30;15.57
28-02-2022 13:45;15.2
28-02-2022 14:00;15.28
28-02-2022 14:15;15.08
28-02-2022 14:30;15.09
28-02-2022 14:45;15.07
28-02-2022 15:00;15.2
28-02-2022 15:15;15.19
28-02-2022 15:30;15.49
28-02-2022 15:45;15.94
28-02-2022 16:00;16.08
28-02-2022 16:15;16.3
28-02-2022 16:30;16.31
28-02-2022 16:45;16.41
28-02-2022 17:00;17.44
28-02-2022 17:15;18.91
28-02-2022 17:30;18.38
28-02-2022 17:45;16.6
28-02-2022 18:00;16.23
28-02-2022 18:15;16.29
28-02-2022 18:30;16.13
28-02-2022 18:45;15.82
28-02-2022 19:00;15.76
28-02-2022 19:15;15.59
28-02-2022 19:30;15.53
28-02-2022 19:45;15.42
28-02-2022 20:00;15.39
28-02-2022 20:15;15.34
28-02-2022 20:30;15.39
28-02-2022 20:45;15.4
28-02-2022 21:00;15.5
28-02-2022 21:15;15.49
28-02-2022 21:30;15.57
28-02-2022 21:45;15.78
28-02-2022 22:00;15.74
28-02-2022 22:15;15.72
28-02-2022 22:30;15.69
28-02-2022 22:45;15.81
28-02-2022 23:00;16.54
28-02-2022 23:15;17.48
28-02-2022 23:30;17.48
28-02-2022 23:45;17.2
1-03-2022 00:00;16.92
1-03-2022 00:15;16.68
1-03-2022 00:30;16.58
1-03-2022 00:45;16.54
1-03-2022 01:00;16.3
1-03-2022 01:15;16.24
1-03-2022 01:30;16.2
1-03-2022 01:45;16.16
1-03-2022 02:00;16.13
1-03-2022 02:15;16.04
1-03-2022 02:30;15.83
1-03-2022 02:45;15.72
1-03-2022 03:00;15.67
1-03-2022 03:15;15.25
1-03-2022 03:30;15.22
1-03-2022 03:45;15.18
1-03-2022 04:00;15.07
1-03-2022 04:15;14.92
1-03-2022 04:30;14.86
1-03-2022 04:45;14.62
1-03-2022 05:00;14.62
1-03-2022 05:15;14.58
1-03-2022 05:30;14.47
1-03-2022 05:45;14.55
1-03-2022 06:00;14.58
1-03-2022 06:15;14.1
1-03-2022 06:30;12.57
1-03-2022 06:45;12.64
1-03-2022 07:00;12.67
1-03-2022 07:15;12.86
1-03-2022 07:30;13.67
1-03-2022 07:45;14.57
1-03-2022 08:00;14.03
1-03-2022 08:15;14.41
1-03-2022 08:30;14.2
1-03-2022 08:45;14.29
1-03-2022 09:00;14.1
1-03-2022 09:15;14.22
1-03-2022 09:30;14.21
1-03-2022 09:45;14.08
1-03-2022 10:00;13.81
1-03-2022 10:15;14.46
1-03-2022 10:30;13.76
1-03-2022 10:45;13.79
1-03-2022 11:00;13.89
1-03-2022 11:15;13.84
1-03-2022 11:30;13.9
1-03-2022 11:45;13.96
1-03-2022 12:00;14.03
1-03-2022 12:15;14.21
1-03-2022 12:30;14.45
1-03-2022 12:45;14.75
1-03-2022 13:00;14.3
1-03-2022 13:15;14.37
1-03-2022 13:30;14.31
1-03-2022 13:45;14.44
1-03-2022 14:00;14.58
1-03-2022 14:15;14.72
1-03-2022 14:30;14.78
1-03-2022 14:45;14.82
1-03-2022 15:00;15.03
1-03-2022 15:15;15.09
1-03-2022 15:30;15.5
1-03-2022 15:45;15.46
1-03-2022 16:00;15.63
1-03-2022 16:15;15.74
1-03-2022 16:30;15.84
1-03-2022 16:45;16.96
1-03-2022 17:00;15.93
1-03-2022 17:15;15.63
1-03-2022 17:30;15.68
1-03-2022 17:45;14.51
1-03-2022 18:00;14.9
1-03-2022 18:15;14.96
1-03-2022 18:30;15.13
1-03-2022 18:45;14.72
1-03-2022 19:00;14.17
1-03-2022 19:15;14.42
1-03-2022 19:30;14.43
1-03-2022 19:45;14.55
1-03-2022 20:00;15.38
1-03-2022 20:15;14.5
1-03-2022 20:30;14.2
1-03-2022 20:45;13.75
1-03-2022 21:00;14.12
1-03-2022 21:15;14.41
1-03-2022 21:30;14.38
1-03-2022 21:45;14.41
1-03-2022 22:00;14.45
1-03-2022 22:15;14.57
1-03-2022 22:30;14.16
1-03-2022 22:45;13.93
1-03-2022 23:00;14.04
1-03-2022 23:15;13.98
1-03-2022 23:30;14.26
1-03-2022 23:45;14.46
2-03-2022 00:00;14.51
2-03-2022 00:15;14.51
2-03-2022 00:30;14.59
2-03-2022 00:45;14.71
2-03-2022 01:00;14.61
2-03-2022 01:15;14.59
2-03-2022 01:30;14.59
2-03-2022 01:45;14.62
2-03-2022 02:00;14.79
2-03-2022 02:15;14.7
2-03-2022 02:30;14.68
2-03-2022 02:45;14.65
2-03-2022 03:00;14.58
2-03-2022 03:15;15.17
2-03-2022 03:30;14.62
2-03-2022 03:45;14.94
2-03-2022 04:00;15.36
2-03-2022 04:15;15.2
2-03-2022 04:30;15.34
2-03-2022 04:45;15.44
2-03-2022 05:00;15.23
2-03-2022 05:15;15.09
2-03-2022 05:30;15.01
2-03-2022 05:45;15.11
2-03-2022 06:00;15.05
2-03-2022 06:15;15.08
2-03-2022 06:30;15.24
2-03-2022 06:45;15.28
2-03-2022 07:00;15.32
2-03-2022 07:15;15.07
2-03-2022 07:30;14.91
2-03-2022 07:45;14.84
2-03-2022 08:00;15.08
2-03-2022 08:15;14.3
2-03-2022 08:30;14.51
2-03-2022 08:45;14.67
2-03-2022 09:00;14.48
2-03-2022 09:15;14.84
2-03-2022 09:30;14.77
2-03-2022 09:45;14.86
2-03-2022 10:00;14.11
2-03-2022 10:15;13.89
2-03-2022 10:30;14.48
2-03-2022 10:45;15.2
2-03-2022 11:00;15.23
2-03-2022 11:15;14.98
2-03-2022 11:30;14.78
2-03-2022 11:45;14.74
2-03-2022 12:00;14.82
2-03-2022 12:15;14.35
2-03-2022 12:30;14.07
2-03-2022 12:45;13.84
2-03-2022 13:00;13.86
2-03-2022 13:15;13.65
2-03-2022 13:30;13.47
2-03-2022 13:45;13.57
2-03-2022 14:00;13.54
2-03-2022 14:15;13.69
2-03-2022 14:30;13.82
2-03-2022 14:45;14.02
2-03-2022 15:00;14.37
2-03-2022 15:15;14.52
2-03-2022 15:30;14.76
2-03-2022 15:45;15.96
2-03-2022 16:00;15.05
2-03-2022 16:15;15.11
2-03-2022 16:30;14.99
2-03-2022 16:45;14.75
2-03-2022 17:00;14.75
2-03-2022 17:15;14.57
2-03-2022 17:30;14.6
2-03-2022 17:45;14.59
2-03-2022 18:00;14.62
2-03-2022 18:15;14.69
2-03-2022 18:30;14.48
2-03-2022 18:45;14.34
2-03-2022 19:00;14.22
2-03-2022 19:15;14.21
2-03-2022 19:30;14.1
2-03-2022 19:45;14.15
2-03-2022 20:00;14.1
2-03-2022 20:15;14.19
2-03-2022 20:30;14.65
2-03-2022 20:45;14.76
2-03-2022 21:00;15
2-03-2022 21:15;15.07
2-03-2022 21:30;15.19
2-03-2022 21:45;15.1
2-03-2022 22:00;13.87
2-03-2022 22:15;13.57
2-03-2022 22:30;13.76
2-03-2022 22:45;14.32
2-03-2022 23:00;14.41
2-03-2022 23:15;14.75
2-03-2022 23:30;14.85
2-03-2022 23:45;15.13
3-03-2022 00:00;15.49
3-03-2022 00:15;15.64
3-03-2022 00:30;15.69
3-03-2022 00:45;15.66
3-03-2022 01:00;15.58
3-03-2022 01:15;15.73
3-03-2022 01:30;15.82
3-03-2022 01:45;15.69
3-03-2022 02:00;15.53
3-03-2022 02:15;15.56
3-03-2022 02:30;15.57
3-03-2022 02:45;15.49
3-03-2022 03:00;15.66
3-03-2022 03:15;15.85
3-03-2022 03:30;15.91
3-03-2022 03:45;15.9
3-03-2022 04:00;15.53
3-03-2022 04:15;15.14
3-03-2022 04:30;15.29
3-03-2022 04:45;15.17
3-03-2022 05:00;14.72
3-03-2022 05:15;14.67
3-03-2022 05:30;14.44
3-03-2022 05:45;13.66
3-03-2022 06:00;13.51
3-03-2022 06:15;13.12
3-03-2022 06:30;12.92
3-03-2022 06:45;12.57
3-03-2022 07:00;12.47
3-03-2022 07:15;12.18
3-03-2022 07:30;12.16
3-03-2022 07:45;12.22
3-03-2022 08:00;12.27
3-03-2022 08:15;12.34
3-03-2022 08:30;12.41
3-03-2022 08:45;12.42
3-03-2022 09:00;12.49
3-03-2022 09:15;12.72
3-03-2022 09:30;13.18
3-03-2022 09:45;13.22
3-03-2022 10:00;13.15
3-03-2022 10:15;13.36
3-03-2022 10:30;13.35
3-03-2022 10:45;14.17
3-03-2022 11:00;14.67
3-03-2022 11:15;14.65
3-03-2022 11:30;14.71
3-03-2022 11:45;14.68
3-03-2022 12:00;14.74
3-03-2022 12:15;14.82
3-03-2022 12:30;14.94
3-03-2022 12:45;15.18
3-03-2022 13:00;15.13
3-03-2022 13:15;15.5
3-03-2022 13:30;15.42
3-03-2022 13:45;15.8
3-03-2022 14:00;15.35
3-03-2022 14:15;14.55
3-03-2022 14:30;14.83
3-03-2022 14:45;14.89
3-03-2022 15:00;14.8
3-03-2022 15:15;14.58
3-03-2022 15:30;14.39
3-03-2022 15:45;14.57
3-03-2022 16:00;14.06
3-03-2022 16:15;13.29
3-03-2022 16:30;14.89
3-03-2022 16:45;15.02
3-03-2022 17:00;15
3-03-2022 17:15;15.03
3-03-2022 17:30;15.14
3-03-2022 17:45;15.03
3-03-2022 18:00;14.89
3-03-2022 18:15;14.53
3-03-2022 18:30;14
3-03-2022 18:45;13.84
3-03-2022 19:00;13.84
3-03-2022 19:15;13.88
3-03-2022 19:30;13.84
3-03-2022 19:45;13.88
3-03-2022 20:00;13.98
3-03-2022 20:15;13.96
3-03-2022 20:30;14.07
3-03-2022 20:45;14.03
3-03-2022 21:00;14.1
3-03-2022 21:15;13.74
3-03-2022 21:30;12.58
3-03-2022 21:45;12.49
3-03-2022 22:00;12.51
3-03-2022 22:15;12.58
3-03-2022 22:30;12.82
3-03-2022 22:45;13.49
3-03-2022 23:00;12.5
3-03-2022 23:15;11.47
3-03-2022 23:30;11.91
3-03-2022 23:45;12.35
4-03-2022 00:00;12.82
4-03-2022 00:15;13.21
4-03-2022 00:30;13.74
4-03-2022 00:45;15.18
4-03-2022 01:00;15.8
4-03-2022 01:15;15.47
4-03-2022 01:30;15.22
4-03-2022 01:45;15.22
4-03-2022 02:00;14.51
4-03-2022 02:15;14
4-03-2022 02:30;13.9
4-03-2022 02:45;13.89
4-03-2022 03:00;13.92
4-03-2022 03:15;13.81
4-03-2022 03:30;13.81
4-03-2022 03:45;13.71
4-03-2022 04:00;13.74
4-03-2022 04:15;14.04
4-03-2022 04:30;12.9
4-03-2022 04:45;11.09
4-03-2022 05:00;11.64
4-03-2022 05:15;12.37
4-03-2022 05:30;12.98
4-03-2022 05:45;12.72
4-03-2022 06:00;12.62
4-03-2022 06:15;13.93
4-03-2022 06:30;12.01
4-03-2022 06:45;12.15
4-03-2022 07:00;12.31
4-03-2022 07:15;13.14
4-03-2022 07:30;12.76
4-03-2022 07:45;12.57
4-03-2022 08:00;12.68
4-03-2022 08:15;12.9
4-03-2022 08:30;12.86
4-03-2022 08:45;12.83
4-03-2022 09:00;12.97
4-03-2022 09:15;13.46
4-03-2022 09:30;13.36
4-03-2022 09:45;13.23
4-03-2022 10:00;13.35
4-03-2022 10:15;13.52
4-03-2022 10:30;14.08
4-03-2022 10:45;13.84
4-03-2022 11:00;13.66
4-03-2022 11:15;13.67
4-03-2022 11:30;13.88
4-03-2022 11:45;14.56
4-03-2022 12:00;16.69
4-03-2022 12:15;17.24
4-03-2022 12:30;16.61
4-03-2022 12:45;15.6
4-03-2022 13:00;15.69
4-03-2022 13:15;15.83
4-03-2022 13:30;15.88
4-03-2022 13:45;16.06
4-03-2022 14:00;16.28
4-03-2022 14:15;16.6
4-03-2022 14:30;16.53
4-03-2022 14:45;16.57
4-03-2022 15:00;16.68
4-03-2022 15:15;17
4-03-2022 15:30;16.85
4-03-2022 15:45;16.48
4-03-2022 16:00;16.43
4-03-2022 16:15;16.4
4-03-2022 16:30;16.33
4-03-2022 16:45;16.87
4-03-2022 17:00;16.48
4-03-2022 17:15;15.57
4-03-2022 17:30;15.1
4-03-2022 17:45;15.25
4-03-2022 18:00;15.39
4-03-2022 18:15;15.48
4-03-2022 18:30;15.54
4-03-2022 18:45;15.54
4-03-2022 19:00;15.54
4-03-2022 19:15;15.47
4-03-2022 19:30;14.98
4-03-2022 19:45;14.92
4-03-2022 20:00;15
4-03-2022 20:15;15.16
4-03-2022 20:30;15.04
4-03-2022 20:45;15.07
4-03-2022 21:00;15.22
4-03-2022 21:15;15.23
4-03-2022 21:30;15.4
4-03-2022 21:45;15.46
4-03-2022 22:00;15.49
4-03-2022 22:15;15.49
4-03-2022 22:30;15.54
4-03-2022 22:45;15.55
4-03-2022 23:00;15.58
4-03-2022 23:15;15.63
4-03-2022 23:30;15.59
4-03-2022 23:45;15.68
5-03-2022 00:00;15.68
5-03-2022 00:15;16.52
5-03-2022 00:30;15.83
5-03-2022 00:45;15.67
5-03-2022 01:00;15.79
5-03-2022 01:15;15.88
5-03-2022 01:30;16.01
5-03-2022 01:45;16.43
5-03-2022 02:00;16.39
5-03-2022 02:15;16.21
5-03-2022 02:30;16.38
5-03-2022 02:45;16.92
5-03-2022 03:00;16.67
5-03-2022 03:15;16.37
5-03-2022 03:30;16.27
5-03-2022 03:45;16.08
5-03-2022 04:00;15.94
5-03-2022 04:15;15.77
5-03-2022 04:30;15.55
5-03-2022 04:45;15.39
5-03-2022 05:00;15.77
5-03-2022 05:15;16.56
5-03-2022 05:30;15.5
5-03-2022 05:45;15.02
5-03-2022 06:00;15.12
5-03-2022 06:15;15.14
5-03-2022 06:30;15.21
5-03-2022 06:45;14.73
5-03-2022 07:00;14.73
5-03-2022 07:15;14.44
5-03-2022 07:30;12.22
5-03-2022 07:45;11.61
5-03-2022 08:00;11.62
5-03-2022 08:15;11.62
5-03-2022 08:30;11.61
5-03-2022 08:45;11.55
5-03-2022 09:00;11.49
5-03-2022 09:15;11.42
5-03-2022 09:30;11.52
5-03-2022 09:45;11.49
5-03-2022 10:00;11.54
5-03-2022 10:15;11.54
5-03-2022 10:30;11.44
5-03-2022 10:45;11.5
5-03-2022 11:00;11.53
5-03-2022 11:15;11.6
5-03-2022 11:30;11.5
5-03-2022 11:45;11.45
5-03-2022 12:00;11.57
5-03-2022 12:15;11.77
5-03-2022 12:30;12.92
5-03-2022 12:45;15.51
5-03-2022 13:00;16.76
5-03-2022 13:15;16.76
5-03-2022 13:30;16.51
5-03-2022 13:45;16.31
5-03-2022 14:00;15.96
5-03-2022 14:15;15.82
5-03-2022 14:30;15.8
5-03-2022 14:45;15.86
5-03-2022 15:00;15.81
5-03-2022 15:15;15.52
5-03-2022 15:30;15.51
5-03-2022 15:45;15.88
5-03-2022 16:00;16.31
5-03-2022 16:15;16.24
5-03-2022 16:30;16.35
5-03-2022 16:45;16.56
5-03-2022 17:00;16.68
5-03-2022 17:15;16.33
5-03-2022 17:30;16.6
5-03-2022 17:45;16.84
5-03-2022 18:00;16.14
5-03-2022 18:15;16.25
5-03-2022 18:30;15.77
5-03-2022 18:45;15.76
5-03-2022 19:00;15.93
5-03-2022 19:15;16.16
5-03-2022 19:30;16.32
5-03-2022 19:45;16.24
5-03-2022 20:00;16.28
5-03-2022 20:15;16.18
5-03-2022 20:30;15.74
5-03-2022 20:45;15.63
5-03-2022 21:00;15.74
5-03-2022 21:15;15.88
5-03-2022 21:30;15.93
5-03-2022 21:45;15.93
5-03-2022 22:00;16
5-03-2022 22:15;16.09
5-03-2022 22:30;16.11
5-03-2022 22:45;16.1
5-03-2022 23:00;16.08
5-03-2022 23:15;16.12
5-03-2022 23:30;16.04
5-03-2022 23:45;16.09
6-03-2022 00:00;16.08
6-03-2022 00:15;16.04
6-03-2022 00:30;16.06
6-03-2022 00:45;16
6-03-2022 01:00;16.08
6-03-2022 01:15;16.75
6-03-2022 01:30;16.21
6-03-2022 01:45;15.97
6-03-2022 02:00;16.01
6-03-2022 02:15;15.99
6-03-2022 02:30;15.97
6-03-2022 02:45;15.84
6-03-2022 03:00;15.83
6-03-2022 03:15;15.75
6-03-2022 03:30;15.67
6-03-2022 03:45;15.47
6-03-2022 04:00;15.35
6-03-2022 04:15;15.25
6-03-2022 04:30;15.07
6-03-2022 04:45;14.88
6-03-2022 05:00;14.4
6-03-2022 05:15;13.47
6-03-2022 05:30;11.72
6-03-2022 05:45;11.76
6-03-2022 06:00;11.8
6-03-2022 06:15;12.36
6-03-2022 06:30;11.24
6-03-2022 06:45;10.75
6-03-2022 07:00;10.85
6-03-2022 07:15;10.49
6-03-2022 07:30;10.4
6-03-2022 07:45;10.28
6-03-2022 08:00;10.44
6-03-2022 08:15;10.44
6-03-2022 08:30;10.6
6-03-2022 08:45;10.71
6-03-2022 09:00;11.05
6-03-2022 09:15;11.12
6-03-2022 09:30;11.24
6-03-2022 09:45;11.38
6-03-2022 10:00;11.34
6-03-2022 10:15;11.2
6-03-2022 10:30;11
6-03-2022 10:45;10.88
6-03-2022 11:00;10.93
6-03-2022 11:15;10.83
6-03-2022 11:30;11.64
6-03-2022 11:45;11.66
6-03-2022 12:00;11.28
6-03-2022 12:15;11.22
6-03-2022 12:30;11.22
6-03-2022 12:45;11.38
6-03-2022 13:00;11.46
6-03-2022 13:15;11.62
6-03-2022 13:30;11.73
6-03-2022 13:45;11.95
6-03-2022 14:00;12.24
6-03-2022 14:15;12.64
6-03-2022 14:30;13.2
6-03-2022 14:45;14.32
6-03-2022 15:00;16.56
6-03-2022 15:15;17.87
6-03-2022 15:30;17.32
6-03-2022 15:45;17.05
6-03-2022 16:00;17.02
6-03-2022 16:15;15.93
6-03-2022 16:30;14.84
6-03-2022 16:45;14.89
6-03-2022 17:00;15.41
6-03-2022 17:15;15.46
6-03-2022 17:30;15.69
6-03-2022 17:45;15.86
6-03-2022 18:00;16.74
6-03-2022 18:15;17.44
6-03-2022 18:30;17.15
6-03-2022 18:45;17.09
6-03-2022 19:00;16.43
6-03-2022 19:15;16.22
6-03-2022 19:30;15.81
6-03-2022 19:45;15.95
6-03-2022 20:00;16.17
6-03-2022 20:15;16.42
6-03-2022 20:30;16.81
6-03-2022 20:45;16.79
6-03-2022 21:00;16.9
6-03-2022 21:15;16.91
6-03-2022 21:30;16.98
6-03-2022 21:45;16.93
6-03-2022 22:00;16.99
6-03-2022 22:15;16.99
6-03-2022 22:30;17.07
6-03-2022 22:45;17.11
6-03-2022 23:00;17.06
6-03-2022 23:15;17.21
6-03-2022 23:30;17.07
6-03-2022 23:45;17.23
7-03-2022 00:00;17.77
7-03-2022 00:15;16.9
7-03-2022 00:30;16.89
7-03-2022 00:45;17.31
7-03-2022 01:00;17.32
7-03-2022 01:15;17.22
7-03-2022 01:30;17.14
7-03-2022 01:45;17.08
7-03-2022 02:00;17.03
7-03-2022 02:15;16.91
7-03-2022 02:30;16.85
7-03-2022 02:45;16.62
7-03-2022 03:00;16.85
7-03-2022 03:15;16.92
7-03-2022 03:30;16.73
7-03-2022 03:45;16.51
7-03-2022 04:00;16.87
7-03-2022 04:15;17.17
7-03-2022 04:30;16.52
7-03-2022 04:45;16.29
7-03-2022 05:00;16.36
7-03-2022 05:15;16.43
7-03-2022 05:30;16.49
7-03-2022 05:45;16.25
7-03-2022 06:00;16.26
7-03-2022 06:15;16.03
7-03-2022 06:30;15.97
7-03-2022 06:45;16.12
7-03-2022 07:00;16.47
7-03-2022 07:15;15.32
7-03-2022 07:30;14.9
7-03-2022 07:45;14.64
7-03-2022 08:00;14.57
7-03-2022 08:15;14.64
7-03-2022 08:30;14.87
7-03-2022 08:45;14.91
7-03-2022 09:00;14.78
7-03-2022 09:15;14.56
7-03-2022 09:30;14.46
7-03-2022 09:45;14.39
7-03-2022 10:00;14.36
7-03-2022 10:15;14.41
7-03-2022 10:30;14.77
7-03-2022 10:45;14.61
7-03-2022 11:00;14.14
7-03-2022 11:15;14.84
7-03-2022 11:30;14.86
7-03-2022 11:45;14.88
7-03-2022 12:00;15.48
7-03-2022 12:15;14.88
7-03-2022 12:30;14.33
7-03-2022 12:45;14.29
7-03-2022 13:00;14.42
7-03-2022 13:15;14.45
7-03-2022 13:30;14.55
7-03-2022 13:45;14.4
7-03-2022 14:00;14.71
7-03-2022 14:15;14.61
7-03-2022 14:30;14.75
7-03-2022 14:45;14.9
7-03-2022 15:00;14.88
7-03-2022 15:15;15.23
7-03-2022 15:30;14.88
7-03-2022 15:45;14.66
7-03-2022 16:00;14.95
7-03-2022 16:15;14.96
7-03-2022 16:30;15.16
7-03-2022 16:45;15.39
7-03-2022 17:00;13.74
7-03-2022 17:15;15.37
7-03-2022 17:30;15.76
7-03-2022 17:45;16.1
7-03-2022 18:00;15.12
7-03-2022 18:15;16.03
7-03-2022 18:30;16.21
7-03-2022 18:45;15.89
7-03-2022 19:00;15.66
7-03-2022 19:15;15.73
7-03-2022 19:30;15.77
7-03-2022 19:45;15.81
7-03-2022 20:00;15.91
7-03-2022 20:15;15.98
7-03-2022 20:30;16.06
7-03-2022 20:45;15.89
7-03-2022 21:00;15.81
7-03-2022 21:15;15.74
7-03-2022 21:30;15.08
7-03-2022 21:45;14.93
7-03-2022 22:00;15.08
7-03-2022 22:15;15.34
7-03-2022 22:30;15.7
7-03-2022 22:45;15.79
7-03-2022 23:00;15.77
7-03-2022 23:15;15.8
7-03-2022 23:30;15.99
7-03-2022 23:45;16.05
8-03-2022 00:00;15.87
8-03-2022 00:15;15.54
8-03-2022 00:30;15.6
8-03-2022 00:45;15.67
8-03-2022 01:00;15.8
8-03-2022 01:15;15.81
8-03-2022 01:30;15.81
8-03-2022 01:45;15.86
8-03-2022 02:00;15.79
8-03-2022 02:15;15.78
8-03-2022 02:30;15.73
8-03-2022 02:45;15.78
8-03-2022 03:00;15.65
8-03-2022 03:15;15.62
8-03-2022 03:30;15.57
8-03-2022 03:45;15.44
8-03-2022 04:00;15.32
8-03-2022 04:15;15.12
8-03-2022 04:30;14.99
8-03-2022 04:45;15.11
8-03-2022 05:00;15.29
8-03-2022 05:15;15.59
8-03-2022 05:30;15.39
8-03-2022 05:45;15.08
8-03-2022 06:00;14.9
8-03-2022 06:15;14.63
8-03-2022 06:30;14.57
8-03-2022 06:45;13.59
8-03-2022 07:00;13.94
8-03-2022 07:15;14.46
8-03-2022 07:30;14.23
8-03-2022 07:45;13.96
8-03-2022 08:00;13.79
8-03-2022 08:15;14.03
8-03-2022 08:30;14.41
8-03-2022 08:45;14.28
8-03-2022 09:00;14.18
8-03-2022 09:15;14.91
8-03-2022 09:30;14.3
8-03-2022 09:45;13.74
8-03-2022 10:00;13.9
8-03-2022 10:15;13.94
8-03-2022 10:30;13.97
8-03-2022 10:45;14
8-03-2022 11:00;14.2
8-03-2022 11:15;14.14
8-03-2022 11:30;14.14
8-03-2022 11:45;14.28
8-03-2022 12:00;14.55
8-03-2022 12:15;14.82
8-03-2022 12:30;15.07
8-03-2022 12:45;15.32
8-03-2022 13:00;15.41
8-03-2022 13:15;15.7
8-03-2022 13:30;15.88
8-03-2022 13:45;15.4
8-03-2022 14:00;15.17
8-03-2022 14:15;15.18
8-03-2022 14:30;15.08
8-03-2022 14:45;15.13
8-03-2022 15:00;15.21
8-03-2022 15:15;15.32
8-03-2022 15:30;15.54
8-03-2022 15:45;15.56
8-03-2022 16:00;15.63
8-03-2022 16:15;15.69
8-03-2022 16:30;15.76
8-03-2022 16:45;15.55
8-03-2022 17:00;14.68
8-03-2022 17:15;14.53
8-03-2022 17:30;14.62
8-03-2022 17:45;14.73
8-03-2022 18:00;14.81
8-03-2022 18:15;14.92
8-03-2022 18:30;14.88
8-03-2022 18:45;15.02
8-03-2022 19:00;15.07
8-03-2022 19:15;15.17
8-03-2022 19:30;15.91
8-03-2022 19:45;16.15
8-03-2022 20:00;15.91
8-03-2022 20:15;15.64
8-03-2022 20:30;15.57
8-03-2022 20:45;15.74
8-03-2022 21:00;15.97
8-03-2022 21:15;15.98
8-03-2022 21:30;16.25
8-03-2022 21:45;16.8
8-03-2022 22:00;16.3
8-03-2022 22:15;16.15
8-03-2022 22:30;16.19
8-03-2022 22:45;16.22
8-03-2022 23:00;16.26
8-03-2022 23:15;16.33
8-03-2022 23:30;16.44
8-03-2022 23:45;16.48
9-03-2022 00:00;16.51
9-03-2022 00:15;16.5
9-03-2022 00:30;16.5
9-03-2022 00:45;16.6
9-03-2022 01:00;16.73
9-03-2022 01:15;16.56
9-03-2022 01:30;16.47
9-03-2022 01:45;16.48
9-03-2022 02:00;16.42
9-03-2022 02:15;16.39
9-03-2022 02:30;16.3
9-03-2022 02:45;16.22
9-03-2022 03:00;16.17
9-03-2022 03:15;16.07
9-03-2022 03:30;15.95
9-03-2022 03:45;15.99
9-03-2022 04:00;16.17
9-03-2022 04:15;16.11
9-03-2022 04:30;16.01
9-03-2022 04:45;15.77
9-03-2022 05:00;15.64
9-03-2022 05:15;15.78
9-03-2022 05:30;15.73
9-03-2022 05:45;15.48
9-03-2022 06:00;15.5
9-03-2022 06:15;15.37
9-03-2022 06:30;15.38
9-03-2022 06:45;15.53
9-03-2022 07:00;15.39
9-03-2022 07:15;15.12
9-03-2022 07:30;14.46
9-03-2022 07:45;14.46
9-03-2022 08:00;14.76
9-03-2022 08:15;15.03
9-03-2022 08:30;14.85
9-03-2022 08:45;14.58
9-03-2022 09:00;14.38
9-03-2022 09:15;14.28
9-03-2022 09:30;14.21
9-03-2022 09:45;14.27
9-03-2022 10:00;14.31
9-03-2022 10:15;13.26
9-03-2022 10:30;13.6
9-03-2022 10:45;14.02
9-03-2022 11:00;15.24
9-03-2022 11:15;14.33
9-03-2022 11:30;14.03
9-03-2022 11:45;14.16
9-03-2022 12:00;14.35
9-03-2022 12:15;14.58
9-03-2022 12:30;14.79
9-03-2022 12:45;15.32
9-03-2022 13:00;15.33
9-03-2022 13:15;15.53
9-03-2022 13:30;15.78
9-03-2022 13:45;15.97
9-03-2022 14:00;15.97
9-03-2022 14:15;15.69
9-03-2022 14:30;15.69
9-03-2022 14:45;15.75
9-03-2022 15:00;15.74
9-03-2022 15:15;14.97
9-03-2022 15:30;14.4
9-03-2022 15:45;14.33
9-03-2022 16:00;14.41
9-03-2022 16:15;14.56
9-03-2022 16:30;14.65
9-03-2022 16:45;14.74
9-03-2022 17:00;14.73
9-03-2022 17:15;14.86
9-03-2022 17:30;14.93
9-03-2022 17:45;15.14
9-03-2022 18:00;15.26
9-03-2022 18:15;15.3
9-03-2022 18:30;15.26
9-03-2022 18:45;15.33
9-03-2022 19:00;15.23
9-03-2022 19:15;14.86
9-03-2022 19:30;14.36
9-03-2022 19:45;14.22
9-03-2022 20:00;14.08
9-03-2022 20:15;14.05
9-03-2022 20:30;14.11
9-03-2022 20:45;14.26
9-03-2022 21:00;14.25
9-03-2022 21:15;14.4
9-03-2022 21:30;14.31
9-03-2022 21:45;13.91
9-03-2022 22:00;13.89
9-03-2022 22:15;13.94
9-03-2022 22:30;14.1
9-03-2022 22:45;14.42
9-03-2022 23:00;14.61
9-03-2022 23:15;15.17
9-03-2022 23:30;15.27
9-03-2022 23:45;15.23
10-03-2022 00:00;15.21
10-03-2022 00:15;15.32
10-03-2022 00:30;15.42
10-03-2022 00:45;15.4
10-03-2022 01:00;15.59
10-03-2022 01:15;15.66
10-03-2022 01:30;15.61
10-03-2022 01:45;15.59
10-03-2022 02:00;15.66
10-03-2022 02:15;15.03
10-03-2022 02:30;16.74
10-03-2022 02:45;16.94
10-03-2022 03:00;16.4
10-03-2022 03:15;16.14
10-03-2022 03:30;16.5
10-03-2022 03:45;16.85
10-03-2022 04:00;16.72
10-03-2022 04:15;16.55
10-03-2022 04:30;16.36
10-03-2022 04:45;16.24
10-03-2022 05:00;15.88
10-03-2022 05:15;15.68
10-03-2022 05:30;15.75
10-03-2022 05:45;15.4
10-03-2022 06:00;15.12
10-03-2022 06:15;14.88
10-03-2022 06:30;14.35
10-03-2022 06:45;14.18
10-03-2022 07:00;13.91
10-03-2022 07:15;12.03
10-03-2022 07:30;11.06
10-03-2022 07:45;11.04
10-03-2022 08:00;11.18
10-03-2022 08:15;11.52
10-03-2022 08:30;11.29
10-03-2022 08:45;11.49
10-03-2022 09:00;11.55
10-03-2022 09:15;12.42
10-03-2022 09:30;11.96
10-03-2022 09:45;12.8
10-03-2022 10:00;13.32
10-03-2022 10:15;13.15
10-03-2022 10:30;13.24
10-03-2022 10:45;13
10-03-2022 11:00;13.18
10-03-2022 11:15;13.83
10-03-2022 11:30;15.08
10-03-2022 11:45;17.97
10-03-2022 12:00;17.98
10-03-2022 12:15;17.26
10-03-2022 12:30;16.57
10-03-2022 12:45;15.7
10-03-2022 13:00;15.47
10-03-2022 13:15;15.63
10-03-2022 13:30;15.3
10-03-2022 13:45;15.17
10-03-2022 14:00;15.31
10-03-2022 14:15;15.21
10-03-2022 14:30;15.45
10-03-2022 14:45;15.22
10-03-2022 15:00;15.34
10-03-2022 15:15;15.47
10-03-2022 15:30;15.58
10-03-2022 15:45;15.49
10-03-2022 16:00;15.6
10-03-2022 16:15;15.4
10-03-2022 16:30;15.91
10-03-2022 16:45;15.28
10-03-2022 17:00;14.77
10-03-2022 17:15;15.53
10-03-2022 17:30;15.34
10-03-2022 17:45;15.45
10-03-2022 18:00;15.52
10-03-2022 18:15;15.68
10-03-2022 18:30;15.74
10-03-2022 18:45;15.65
10-03-2022 19:00;15.82
10-03-2022 19:15;15.97
10-03-2022 19:30;16.9
10-03-2022 19:45;15.61
10-03-2022 20:00;15.85
10-03-2022 20:15;15.7
10-03-2022 20:30;15.77
10-03-2022 20:45;15.85
10-03-2022 21:00;15.88
10-03-2022 21:15;15.94
10-03-2022 21:30;15.99
10-03-2022 21:45;16
10-03-2022 22:00;15.78
10-03-2022 22:15;15.61
10-03-2022 22:30;15.74
10-03-2022 22:45;15.88
10-03-2022 23:00;15.91
10-03-2022 23:15;15.95
10-03-2022 23:30;16.06
10-03-2022 23:45;16.01
11-03-2022 00:00;16.09
11-03-2022 00:15;16.16
11-03-2022 00:30;16.22
11-03-2022 00:45;15.66
11-03-2022 01:00;15.66
11-03-2022 01:15;15.69
11-03-2022 01:30;15.71
11-03-2022 01:45;15.73
11-03-2022 02:00;15.78
11-03-2022 02:15;15.8
11-03-2022 02:30;15.75
11-03-2022 02:45;15.61
11-03-2022 03:00;15.56
11-03-2022 03:15;15.58
11-03-2022 03:30;15.47
11-03-2022 03:45;15.28
11-03-2022 04:00;15.29
11-03-2022 04:15;14.97
11-03-2022 04:30;15.07
11-03-2022 04:45;16.24
11-03-2022 05:00;15.98
11-03-2022 05:15;15.75
11-03-2022 05:30;15.46
11-03-2022 05:45;15.15
11-03-2022 06:00;15.8
11-03-2022 06:15;15.33
11-03-2022 06:30;15.12
11-03-2022 06:45;12.3
11-03-2022 07:00;9.42
11-03-2022 07:15;13.9
11-03-2022 07:30;15.21
11-03-2022 07:45;14.96
11-03-2022 08:00;13.69
11-03-2022 08:15;13.02
11-03-2022 08:30;12.46
11-03-2022 08:45;12.4
11-03-2022 09:00;12.66
11-03-2022 09:15;13.2
11-03-2022 09:30;13.03
11-03-2022 09:45;15.79
11-03-2022 10:00;14.16
11-03-2022 10:15;16.96
11-03-2022 10:30;16.96
11-03-2022 10:45;16.63
11-03-2022 11:00;15.48
11-03-2022 11:15;15.51
11-03-2022 11:30;15.7
11-03-2022 11:45;15.61
11-03-2022 12:00;16.13
11-03-2022 12:15;16.36
11-03-2022 12:30;16.52
11-03-2022 12:45;16.6
11-03-2022 13:00;17.13
11-03-2022 13:15;17.18
11-03-2022 13:30;17.44
11-03-2022 13:45;17.4
11-03-2022 14:00;18.48
11-03-2022 14:15;18.99
11-03-2022 14:30;18.86
11-03-2022 14:45;20.42
11-03-2022 15:00;18.77
11-03-2022 15:15;19.01
11-03-2022 15:30;19.7
11-03-2022 15:45;19.59
11-03-2022 16:00;19.58
11-03-2022 16:15;19.68
11-03-2022 16:30;19.93
11-03-2022 16:45;20.07
11-03-2022 17:00;20.1
11-03-2022 17:15;20.24
11-03-2022 17:30;20.91
11-03-2022 17:45;21.37
11-03-2022 18:00;19.67
11-03-2022 18:15;20.79
11-03-2022 18:30;23.37
11-03-2022 18:45;23.88
11-03-2022 19:00;24.27
11-03-2022 19:15;24.68
11-03-2022 19:30;25.28
11-03-2022 19:45;25.63
11-03-2022 20:00;25.77
11-03-2022 20:15;26.36
11-03-2022 20:30;28.1
11-03-2022 20:45;29.46
11-03-2022 21:00;30.79
11-03-2022 21:15;31.57
11-03-2022 21:30;31.51
11-03-2022 21:45;32.05
11-03-2022 22:00;32.43
11-03-2022 22:15;32.31
11-03-2022 22:30;32.46
11-03-2022 22:45;32.48
11-03-2022 23:00;32.08
11-03-2022 23:15;32.14
11-03-2022 23:30;31.72
11-03-2022 23:45;31.3
12-03-2022 00:00;31.02
12-03-2022 00:15;31.16
12-03-2022 00:30;30.35
12-03-2022 00:45;29.92
12-03-2022 01:00;29.29
12-03-2022 01:15;29.28
12-03-2022 01:30;27.88
12-03-2022 01:45;24.94
12-03-2022 02:00;24.12
12-03-2022 02:15;21.98
12-03-2022 02:30;21.3
12-03-2022 02:45;20.06
12-03-2022 03:00;20.87
12-03-2022 03:15;19.12
12-03-2022 03:30;20.46
12-03-2022 03:45;18.67
12-03-2022 04:00;18.05
12-03-2022 04:15;17.77
12-03-2022 04:30;17.56
12-03-2022 04:45;16.35
12-03-2022 05:00;14.91
12-03-2022 05:15;15.1
12-03-2022 05:30;14.48
12-03-2022 05:45;14.09
12-03-2022 06:00;11.6
12-03-2022 06:15;11.86
12-03-2022 06:30;11.93
12-03-2022 06:45;11.83
12-03-2022 07:00;11.68
12-03-2022 07:15;11.54
12-03-2022 07:30;11.28
12-03-2022 07:45;11.12
12-03-2022 08:00;11.29
12-03-2022 08:15;10.87
12-03-2022 08:30;9.65
12-03-2022 08:45;9.7
12-03-2022 09:00;9.59
12-03-2022 09:15;9.57
12-03-2022 09:30;9.61
12-03-2022 09:45;9.54
12-03-2022 10:00;9.63
12-03-2022 10:15;9.67
12-03-2022 10:30;9.68
12-03-2022 10:45;9.85
12-03-2022 11:00;9.96
12-03-2022 11:15;10.15
12-03-2022 11:30;10.29
12-03-2022 11:45;10.45
12-03-2022 12:00;10.72
12-03-2022 12:15;11
12-03-2022 12:30;11.15
12-03-2022 12:45;11.46
12-03-2022 13:00;11.58
12-03-2022 13:15;11.95
12-03-2022 13:30;15.56
12-03-2022 13:45;16.82
12-03-2022 14:00;16.4
12-03-2022 14:15;15.98
12-03-2022 14:30;16.52
12-03-2022 14:45;16.64
12-03-2022 15:00;16.22
12-03-2022 15:15;15.94
12-03-2022 15:30;17.36
12-03-2022 15:45;15.08
12-03-2022 16:00;16.27
12-03-2022 16:15;16.11
12-03-2022 16:30;16.51
12-03-2022 16:45;16.61
12-03-2022 17:00;16.59
12-03-2022 17:15;16.03
12-03-2022 17:30;15.92
12-03-2022 17:45;16.26
12-03-2022 18:00;15.42
12-03-2022 18:15;15.54
12-03-2022 18:30;16.28
12-03-2022 18:45;15.84
12-03-2022 19:00;15.95
12-03-2022 19:15;15.79
12-03-2022 19:30;15.46
12-03-2022 19:45;15.07
12-03-2022 20:00;15.3
12-03-2022 20:15;15.5
12-03-2022 20:30;15.52
12-03-2022 20:45;15.52
12-03-2022 21:00;16.51
12-03-2022 21:15;15.65
12-03-2022 21:30;15.28
12-03-2022 21:45;15.73
12-03-2022 22:00;15.58
12-03-2022 22:15;15.99
12-03-2022 22:30;15.65
12-03-2022 22:45;15.8
12-03-2022 23:00;15.84
12-03-2022 23:15;15.86
12-03-2022 23:30;15.87
12-03-2022 23:45;15.84
13-03-2022 00:00;15.93
13-03-2022 00:15;15.92
13-03-2022 00:30;16.01
13-03-2022 00:45;15.96
13-03-2022 01:00;15.99
13-03-2022 01:15;15.89
13-03-2022 01:30;15.77
13-03-2022 01:45;15.79
13-03-2022 02:00;16.07
13-03-2022 02:15;15.75
13-03-2022 02:30;15.78
13-03-2022 02:45;16.63
13-03-2022 03:00;15.45
13-03-2022 03:15;15.88
13-03-2022 03:30;15.63
13-03-2022 03:45;15.53
13-03-2022 04:00;15.42
13-03-2022 04:15;15.14
13-03-2022 04:30;15.14
13-03-2022 04:45;15.07
13-03-2022 05:00;14.81
13-03-2022 05:15;14.55
13-03-2022 05:30;14.5
13-03-2022 05:45;14.39
13-03-2022 06:00;14.26
13-03-2022 06:15;14.05
13-03-2022 06:30;13.48
13-03-2022 06:45;11.74
13-03-2022 07:00;11.85
13-03-2022 07:15;11.78
13-03-2022 07:30;11.74
13-03-2022 07:45;11.83
13-03-2022 08:00;12.28
13-03-2022 08:15;12.73
13-03-2022 08:30;13.2
13-03-2022 08:45;13.51
13-03-2022 09:00;13.65
13-03-2022 09:15;13.63
13-03-2022 09:30;13.65
13-03-2022 09:45;13.96
13-03-2022 10:00;17.12
13-03-2022 10:15;15.61
13-03-2022 10:30;15.99
13-03-2022 10:45;15.44
13-03-2022 11:00;15.31
13-03-2022 11:15;14.67
13-03-2022 11:30;14.78
13-03-2022 11:45;15.02
13-03-2022 12:00;14.92
13-03-2022 12:15;14.94
13-03-2022 12:30;14.97
13-03-2022 12:45;14.99
13-03-2022 13:00;15.45
13-03-2022 13:15;15.6
13-03-2022 13:30;15.73
13-03-2022 13:45;15.98
13-03-2022 14:00;16.31
13-03-2022 14:15;16.67
13-03-2022 14:30;16.94
13-03-2022 14:45;17.07
13-03-2022 15:00;17.8
13-03-2022 15:15;16.8
13-03-2022 15:30;17.55
13-03-2022 15:45;17.1
13-03-2022 16:00;16.51
13-03-2022 16:15;16.66
13-03-2022 16:30;16.39
13-03-2022 16:45;16.14
13-03-2022 17:00;16.11
13-03-2022 17:15;16.46
13-03-2022 17:30;16.31
13-03-2022 17:45;16.2
13-03-2022 18:00;15.67
13-03-2022 18:15;15.26
13-03-2022 18:30;15.25
13-03-2022 18:45;15.62
13-03-2022 19:00;15.95
13-03-2022 19:15;16.15
13-03-2022 19:30;16.68
13-03-2022 19:45;16.82
13-03-2022 20:00;17.32
13-03-2022 20:15;17.64
13-03-2022 20:30;18.2
13-03-2022 20:45;18.54
13-03-2022 21:00;18.87
13-03-2022 21:15;19.08
13-03-2022 21:30;19.53
13-03-2022 21:45;20.1
13-03-2022 22:00;20.27
13-03-2022 22:15;20.59
13-03-2022 22:30;19.62
13-03-2022 22:45;21.91
13-03-2022 23:00;22
13-03-2022 23:15;21.97
13-03-2022 23:30;23.45
13-03-2022 23:45;23.43
14-03-2022 00:00;24.65
14-03-2022 00:15;25.37
14-03-2022 00:30;24.57
14-03-2022 00:45;24.64
14-03-2022 01:00;24.24
14-03-2022 01:15;23.68
14-03-2022 01:30;23.74
14-03-2022 01:45;23.58
14-03-2022 02:00;22.9
14-03-2022 02:15;23.19
14-03-2022 02:30;21.96
14-03-2022 02:45;21.46
14-03-2022 03:00;22
14-03-2022 03:15;20.9
14-03-2022 03:30;20.66
14-03-2022 03:45;20.35
14-03-2022 04:00;20.02
14-03-2022 04:15;19.55
14-03-2022 04:30;19.45
14-03-2022 04:45;18.64
14-03-2022 05:00;18.65
14-03-2022 05:15;18.62
14-03-2022 05:30;16.63
14-03-2022 05:45;16.93
14-03-2022 06:00;16.32
14-03-2022 06:15;16.46
14-03-2022 06:30;16.01
14-03-2022 06:45;15.76
14-03-2022 07:00;16.05
14-03-2022 07:15;15.56
14-03-2022 07:30;15.34
14-03-2022 07:45;14.7
14-03-2022 08:00;15.04
14-03-2022 08:15;15.39
14-03-2022 08:30;15.42
14-03-2022 08:45;16.42
14-03-2022 09:00;14.93
14-03-2022 09:15;15.71
14-03-2022 09:30;15.37
14-03-2022 09:45;15.49
14-03-2022 10:00;15.15
14-03-2022 10:15;15.42
14-03-2022 10:30;15.59
14-03-2022 10:45;15.21
14-03-2022 11:00;16.13
14-03-2022 11:15;14.52
14-03-2022 11:30;15.72
14-03-2022 11:45;15.8
14-03-2022 12:00;16.65
14-03-2022 12:15;16.56
14-03-2022 12:30;17.26
14-03-2022 12:45;17.81
14-03-2022 13:00;18.19
14-03-2022 13:15;18.65
14-03-2022 13:30;18.77
14-03-2022 13:45;18.95
14-03-2022 14:00;18.97
14-03-2022 14:15;19.17
14-03-2022 14:30;19.31
14-03-2022 14:45;19.3
14-03-2022 15:00;19.17
14-03-2022 15:15;19
14-03-2022 15:30;18.81
14-03-2022 15:45;18.66
14-03-2022 16:00;18.7
14-03-2022 16:15;18.62
14-03-2022 16:30;18.6
14-03-2022 16:45;18.33
14-03-2022 17:00;18.33
14-03-2022 17:15;18.24
14-03-2022 17:30;18.98
14-03-2022 17:45;17.2
14-03-2022 18:00;16.44
14-03-2022 18:15;16.31
14-03-2022 18:30;16.08
14-03-2022 18:45;15.27
14-03-2022 19:00;15.3
14-03-2022 19:15;14.97
14-03-2022 19:30;15.16
14-03-2022 19:45;14.47
14-03-2022 20:00;13.12
14-03-2022 20:15;13.1
14-03-2022 20:30;13.43
14-03-2022 20:45;13.49
14-03-2022 21:00;13.49
14-03-2022 21:15;13.7
14-03-2022 21:30;13.87
14-03-2022 21:45;14.03
14-03-2022 22:00;14.21
14-03-2022 22:15;14.41
14-03-2022 22:30;15.48
14-03-2022 22:45;15.9
14-03-2022 23:00;16.12
14-03-2022 23:15;16.65
14-03-2022 23:30;16.71
14-03-2022 23:45;16.47
15-03-2022 00:00;16.16
15-03-2022 00:15;16.34
15-03-2022 00:30;16.37
15-03-2022 00:45;16.25
15-03-2022 01:00;16.08
15-03-2022 01:15;16.06
15-03-2022 01:30;15.74
15-03-2022 01:45;16.05
15-03-2022 02:00;15.79
15-03-2022 02:15;15.84
15-03-2022 02:30;15.64
15-03-2022 02:45;15.6
15-03-2022 03:00;15.29
15-03-2022 03:15;15.31
15-03-2022 03:30;15.15
15-03-2022 03:45;14.76
15-03-2022 04:00;14.71
15-03-2022 04:15;14.39
15-03-2022 04:30;13.93
15-03-2022 04:45;14.69
15-03-2022 05:00;15.05
15-03-2022 05:15;15.04
15-03-2022 05:30;15.54
15-03-2022 05:45;17.11
15-03-2022 06:00;16.8
15-03-2022 06:15;16.98
15-03-2022 06:30;16.92
15-03-2022 06:45;16.85
15-03-2022 07:00;16.23
15-03-2022 07:15;16.99
15-03-2022 07:30;16.47
15-03-2022 07:45;16.28
15-03-2022 08:00;17.44
15-03-2022 08:15;17.98
15-03-2022 08:30;19.03
15-03-2022 08:45;20.32
15-03-2022 09:00;21.98
15-03-2022 09:15;23.77
15-03-2022 09:30;25.5
15-03-2022 09:45;27.56
15-03-2022 10:00;28.3
15-03-2022 10:15;30.09
15-03-2022 10:30;30.51
15-03-2022 10:45;32.3
15-03-2022 11:00;33.94
15-03-2022 11:15;35.66
15-03-2022 11:30;38.03
15-03-2022 11:45;40.17
15-03-2022 12:00;39.39
15-03-2022 12:15;41.91
15-03-2022 12:30;43.65
15-03-2022 12:45;45.31
15-03-2022 13:00;44.62
15-03-2022 13:15;43.5
15-03-2022 13:30;44.64
15-03-2022 13:45;45
15-03-2022 14:00;44.13
15-03-2022 14:15;44.04
15-03-2022 14:30;43.65
15-03-2022 14:45;42.55
15-03-2022 15:00;41.71
15-03-2022 15:15;41.59
15-03-2022 15:30;41.04
15-03-2022 15:45;40.68
15-03-2022 16:00;38.69
15-03-2022 16:15;36.95
15-03-2022 16:30;37.17
15-03-2022 16:45;36.8
15-03-2022 17:00;34.98
15-03-2022 17:15;33.24
15-03-2022 17:30;32.19
15-03-2022 17:45;31.68
15-03-2022 18:00;30.78
15-03-2022 18:15;30.19
15-03-2022 18:30;29.21
15-03-2022 18:45;28.84
15-03-2022 19:00;25.87
15-03-2022 19:15;24.38
15-03-2022 19:30;23.97
15-03-2022 19:45;23.41
15-03-2022 20:00;23.56
15-03-2022 20:15;22.4
15-03-2022 20:30;21.91
15-03-2022 20:45;21.47
15-03-2022 21:00;20.47
15-03-2022 21:15;17.8
15-03-2022 21:30;17.1
15-03-2022 21:45;16.96
15-03-2022 22:00;16.8
15-03-2022 22:15;16.46
15-03-2022 22:30;16.34
15-03-2022 22:45;16.42
15-03-2022 23:00;15.89
15-03-2022 23:15;15.69
15-03-2022 23:30;15.72
15-03-2022 23:45;15.87
16-03-2022 00:00;15.48
16-03-2022 00:15;15.77
16-03-2022 00:30;16.01
16-03-2022 00:45;16.3
16-03-2022 01:00;16.59
16-03-2022 01:15;17.07
16-03-2022 01:30;17.16
16-03-2022 01:45;17.34
16-03-2022 02:00;17.6
16-03-2022 02:15;17.2
16-03-2022 02:30;17.29
16-03-2022 02:45;17.14
16-03-2022 03:00;17.03
16-03-2022 03:15;16.91
16-03-2022 03:30;16.81
16-03-2022 03:45;16.65
16-03-2022 04:00;16.44
16-03-2022 04:15;16.28
16-03-2022 04:30;16.36
16-03-2022 04:45;17.13
16-03-2022 05:00;16.21
16-03-2022 05:15;15.84
16-03-2022 05:30;16.07
16-03-2022 05:45;16.09
16-03-2022 06:00;15.91
16-03-2022 06:15;15.61
16-03-2022 06:30;15.47
16-03-2022 06:45;15.49
16-03-2022 07:00;13.94
16-03-2022 07:15;13.27
16-03-2022 07:30;12.91
16-03-2022 07:45;14.08
16-03-2022 08:00;13.63
16-03-2022 08:15;11.97
16-03-2022 08:30;10.67
16-03-2022 08:45;10.5
16-03-2022 09:00;10.62
16-03-2022 09:15;10.78
16-03-2022 09:30;11.08
16-03-2022 09:45;12.92
16-03-2022 10:00;11.38
16-03-2022 10:15;11.25
16-03-2022 10:30;11.31
16-03-2022 10:45;11.44
16-03-2022 11:00;11.56
16-03-2022 11:15;11.76
16-03-2022 11:30;12.23
16-03-2022 11:45;12.53
16-03-2022 12:00;12.61
16-03-2022 12:15;12.97
16-03-2022 12:30;13.24
16-03-2022 12:45;13.87
16-03-2022 13:00;15.37
16-03-2022 13:15;18.58
16-03-2022 13:30;17.11
16-03-2022 13:45;17.11
16-03-2022 14:00;17.2
16-03-2022 14:15;17.12
16-03-2022 14:30;17.57
16-03-2022 14:45;17.41
16-03-2022 15:00;17.5
16-03-2022 15:15;17.31
16-03-2022 15:30;17.37
16-03-2022 15:45;17.26
16-03-2022 16:00;15.36
16-03-2022 16:15;16.38
16-03-2022 16:30;16.36
16-03-2022 16:45;16.34
16-03-2022 17:00;16.4
16-03-2022 17:15;16.61
16-03-2022 17:30;17.04
16-03-2022 17:45;16.88
16-03-2022 18:00;16.86
16-03-2022 18:15;16.81
16-03-2022 18:30;17.34
16-03-2022 18:45;16.94
16-03-2022 19:00;19.13
16-03-2022 19:15;18.12
16-03-2022 19:30;17.37
16-03-2022 19:45;17.33
16-03-2022 20:00;17.31
16-03-2022 20:15;16.93
16-03-2022 20:30;16.8
16-03-2022 20:45;16.84
16-03-2022 21:00;17.97
16-03-2022 21:15;15.64
16-03-2022 21:30;16.37
16-03-2022 21:45;16.1
16-03-2022 22:00;16.29
16-03-2022 22:15;15.96
16-03-2022 22:30;14.98
16-03-2022 22:45;15.51
16-03-2022 23:00;15.55
16-03-2022 23:15;16.01
16-03-2022 23:30;16.54
16-03-2022 23:45;16.44
17-03-2022 00:00;16.46
17-03-2022 00:15;16.32
17-03-2022 00:30;16.55
17-03-2022 00:45;17.1
17-03-2022 01:00;15.3
17-03-2022 01:15;15.24
17-03-2022 01:30;15.92
17-03-2022 01:45;16.98
17-03-2022 02:00;14
17-03-2022 02:15;13.9
17-03-2022 02:30;14.79
17-03-2022 02:45;15.07
17-03-2022 03:00;15.25
17-03-2022 03:15;15.56
17-03-2022 03:30;15.64
17-03-2022 03:45;16.26
17-03-2022 04:00;16.67
17-03-2022 04:15;15.2
17-03-2022 04:30;15.9
17-03-2022 04:45;16.61
17-03-2022 05:00;16.27
17-03-2022 05:15;15.91
17-03-2022 05:30;15.9
17-03-2022 05:45;15.7
17-03-2022 06:00;15.6
17-03-2022 06:15;15.51
17-03-2022 06:30;15.35
17-03-2022 06:45;15.43
17-03-2022 07:00;15.47
17-03-2022 07:15;15.09
17-03-2022 07:30;14.82
17-03-2022 07:45;14.47
17-03-2022 08:00;14.16
17-03-2022 08:15;14.1
17-03-2022 08:30;14.08
17-03-2022 08:45;12.68
17-03-2022 09:00;11.93
17-03-2022 09:15;12.08
17-03-2022 09:30;12.26
17-03-2022 09:45;12.23
17-03-2022 10:00;11.79
17-03-2022 10:15;12.04
17-03-2022 10:30;12.35
17-03-2022 10:45;12.65
17-03-2022 11:00;12.89
17-03-2022 11:15;12.87
17-03-2022 11:30;13.27
17-03-2022 11:45;15.54
17-03-2022 12:00;16.09
17-03-2022 12:15;15.99
17-03-2022 12:30;15.99
17-03-2022 12:45;16.09
17-03-2022 13:00;16.13
17-03-2022 13:15;16.4
17-03-2022 13:30;16.83
17-03-2022 13:45;16.76
17-03-2022 14:00;16.88
17-03-2022 14:15;17.05
17-03-2022 14:30;17.24
17-03-2022 14:45;17.32
17-03-2022 15:00;17.37
17-03-2022 15:15;17.22
17-03-2022 15:30;17.38
17-03-2022 15:45;17.58
17-03-2022 16:00;17.35
17-03-2022 16:15;17.39
17-03-2022 16:30;17.34
17-03-2022 16:45;16.72
17-03-2022 17:00;16.01
17-03-2022 17:15;15.99
17-03-2022 17:30;15.97
17-03-2022 17:45;15.93
17-03-2022 18:00;16.02
17-03-2022 18:15;16.04
17-03-2022 18:30;16.14
17-03-2022 18:45;16.09
17-03-2022 19:00;16.29
17-03-2022 19:15;16.43
17-03-2022 19:30;16.32
17-03-2022 19:45;16.21
17-03-2022 20:00;16.12
17-03-2022 20:15;16.55
17-03-2022 20:30;16.51
17-03-2022 20:45;16.45
17-03-2022 21:00;16.42
17-03-2022 21:15;16.57
17-03-2022 21:30;16.75
17-03-2022 21:45;16.67
17-03-2022 22:00;16.72
17-03-2022 22:15;16.84
17-03-2022 22:30;16.84
17-03-2022 22:45;16.81
17-03-2022 23:00;16.77
17-03-2022 23:15;16.9
17-03-2022 23:30;17.13
17-03-2022 23:45;17
18-03-2022 00:00;16.83
18-03-2022 00:15;16.78
18-03-2022 00:30;16.92
18-03-2022 00:45;16.89
18-03-2022 01:00;16.88
18-03-2022 01:15;16.87
18-03-2022 01:30;16.89
18-03-2022 01:45;16.83
18-03-2022 02:00;16.76
18-03-2022 02:15;16.62
18-03-2022 02:30;16.71
18-03-2022 02:45;16.96
18-03-2022 03:00;18.1
18-03-2022 03:15;16.58
18-03-2022 03:30;16.58
18-03-2022 03:45;16.66
18-03-2022 04:00;16.49
18-03-2022 04:15;16.28
18-03-2022 04:30;16.35
18-03-2022 04:45;17.04
18-03-2022 05:00;16.88
18-03-2022 05:15;16.63
18-03-2022 05:30;16.61
18-03-2022 05:45;16.18
18-03-2022 06:00;16.25
18-03-2022 06:15;16.84
18-03-2022 06:30;16.87
18-03-2022 06:45;16.55
18-03-2022 07:00;16.66
18-03-2022 07:15;16.43
18-03-2022 07:30;15.97
18-03-2022 07:45;15.78
18-03-2022 08:00;16.52
18-03-2022 08:15;15.59
18-03-2022 08:30;15.3
18-03-2022 08:45;15.13
18-03-2022 09:00;15.12
18-03-2022 09:15;14.97
18-03-2022 09:30;15.09
18-03-2022 09:45;15.38
18-03-2022 10:00;15.38
18-03-2022 10:15;15.54
18-03-2022 10:30;15.55
18-03-2022 10:45;15.55
18-03-2022 11:00;15.65
18-03-2022 11:15;15.69
18-03-2022 11:30;15.68
18-03-2022 11:45;15.57
18-03-2022 12:00;15.54
18-03-2022 12:15;15.49
18-03-2022 12:30;15.55
18-03-2022 12:45;15.6
18-03-2022 13:00;16.6
18-03-2022 13:15;15.69
18-03-2022 13:30;15.86
18-03-2022 13:45;15.97
18-03-2022 14:00;15.96
18-03-2022 14:15;16.2
18-03-2022 14:30;16.31
18-03-2022 14:45;16.93
18-03-2022 15:00;16.61
18-03-2022 15:15;16.35
18-03-2022 15:30;16.34
18-03-2022 15:45;16.39
18-03-2022 16:00;16.41
18-03-2022 16:15;16.33
18-03-2022 16:30;16.37
18-03-2022 16:45;16.13
18-03-2022 17:00;16.27
18-03-2022 17:15;16.44
18-03-2022 17:30;16.47
18-03-2022 17:45;16.25
18-03-2022 18:00;16.18
18-03-2022 18:15;16.31
18-03-2022 18:30;16.31
18-03-2022 18:45;16.04
18-03-2022 19:00;16
18-03-2022 19:15;15.99
18-03-2022 19:30;16.34
18-03-2022 19:45;16.23
18-03-2022 20:00;16.09
18-03-2022 20:15;15.99
18-03-2022 20:30;16.2
18-03-2022 20:45;16.28
18-03-2022 21:00;16.19
18-03-2022 21:15;16.18
18-03-2022 21:30;16.27
18-03-2022 21:45;16.35
18-03-2022 22:00;16.35
18-03-2022 22:15;16.35
18-03-2022 22:30;16.69
18-03-2022 22:45;16.62
18-03-2022 23:00;15.73
18-03-2022 23:15;15.74
18-03-2022 23:30;15.9
18-03-2022 23:45;16.02
19-03-2022 00:00;16.04
19-03-2022 00:15;15.98
19-03-2022 00:30;16.07
19-03-2022 00:45;16.04
19-03-2022 01:00;16.02
19-03-2022 01:15;15.99
19-03-2022 01:30;15.91
19-03-2022 01:45;16.05
19-03-2022 02:00;15.9
19-03-2022 02:15;15.79
19-03-2022 02:30;15.54
19-03-2022 02:45;15.54
19-03-2022 03:00;15.38
19-03-2022 03:15;15.13
19-03-2022 03:30;14.8
19-03-2022 03:45;14.59
19-03-2022 04:00;14.5
19-03-2022 04:15;14.29
19-03-2022 04:30;14.02
19-03-2022 04:45;13.43
19-03-2022 05:00;10.75
19-03-2022 05:15;10.47
19-03-2022 05:30;10.48
19-03-2022 05:45;10.51
19-03-2022 06:00;10.38
19-03-2022 06:15;10.23
19-03-2022 06:30;10.12
19-03-2022 06:45;10.09
19-03-2022 07:00;10.02
19-03-2022 07:15;9.91
19-03-2022 07:30;9.89
19-03-2022 07:45;9.81
19-03-2022 08:00;10.47
19-03-2022 08:15;11.15
19-03-2022 08:30;9.67
19-03-2022 08:45;9.69
19-03-2022 09:00;9.83
19-03-2022 09:15;10.21
19-03-2022 09:30;10.44
19-03-2022 09:45;11.02
19-03-2022 10:00;11.19
19-03-2022 10:15;11.45
19-03-2022 10:30;11.82
19-03-2022 10:45;11.9
19-03-2022 11:00;11.98
19-03-2022 11:15;12.33
19-03-2022 11:30;12.66
19-03-2022 11:45;12.94
19-03-2022 12:00;15.73
19-03-2022 12:15;18.79
19-03-2022 12:30;18.96
19-03-2022 12:45;18.57
19-03-2022 13:00;18.2
19-03-2022 13:15;18.01
19-03-2022 13:30;17.35
19-03-2022 13:45;16.76
19-03-2022 14:00;16.55
19-03-2022 14:15;16.11
19-03-2022 14:30;15.87
19-03-2022 14:45;15.9
19-03-2022 15:00;16.13
19-03-2022 15:15;16.51
19-03-2022 15:30;17.82
19-03-2022 15:45;17.35
19-03-2022 16:00;17.43
19-03-2022 16:15;17.16
19-03-2022 16:30;17.2
19-03-2022 16:45;16.21
19-03-2022 17:00;15.96
19-03-2022 17:15;16.13
19-03-2022 17:30;16.38
19-03-2022 17:45;16.6
19-03-2022 18:00;16.73
19-03-2022 18:15;17.04
19-03-2022 18:30;17.22
19-03-2022 18:45;17.28
19-03-2022 19:00;17.29
19-03-2022 19:15;17.49
19-03-2022 19:30;17.4
19-03-2022 19:45;17.02
19-03-2022 20:00;16.89
19-03-2022 20:15;16.91
19-03-2022 20:30;16.94
19-03-2022 20:45;16.41
19-03-2022 21:00;16.53
19-03-2022 21:15;16.47
19-03-2022 21:30;16.44
19-03-2022 21:45;16.36
19-03-2022 22:00;16.28
19-03-2022 22:15;16.42
19-03-2022 22:30;16.46
19-03-2022 22:45;16.33
19-03-2022 23:00;16.33
19-03-2022 23:15;16.3
19-03-2022 23:30;16.33
19-03-2022 23:45;16.27
20-03-2022 00:00;16.23
20-03-2022 00:15;16.4
20-03-2022 00:30;16.15
20-03-2022 00:45;16.11
20-03-2022 01:00;16.04
20-03-2022 01:15;16.07
20-03-2022 01:30;16.16
20-03-2022 01:45;15.6
20-03-2022 02:00;15.68
20-03-2022 02:15;15.56
20-03-2022 02:30;15.49
20-03-2022 02:45;15.31
20-03-2022 03:00;15.2
20-03-2022 03:15;15.05
20-03-2022 03:30;14.82
20-03-2022 03:45;14.74
20-03-2022 04:00;14.59
20-03-2022 04:15;14.33
20-03-2022 04:30;14.18
20-03-2022 04:45;14.08
20-03-2022 05:00;13.8
20-03-2022 05:15;12.78
20-03-2022 05:30;10.54
20-03-2022 05:45;10.64
20-03-2022 06:00;10.76
20-03-2022 06:15;10.93
20-03-2022 06:30;11.18
20-03-2022 06:45;11.31
20-03-2022 07:00;11.37
20-03-2022 07:15;11.4
20-03-2022 07:30;11.34
20-03-2022 07:45;11.28
20-03-2022 08:00;11.22
20-03-2022 08:15;11.13
20-03-2022 08:30;11.05
20-03-2022 08:45;12.57
20-03-2022 09:00;10.94
20-03-2022 09:15;10.93
20-03-2022 09:30;10.84
20-03-2022 09:45;10.72
20-03-2022 10:00;10.54
20-03-2022 10:15;10.62
20-03-2022 10:30;10.7
20-03-2022 10:45;10.72
20-03-2022 11:00;10.77
20-03-2022 11:15;10.98
20-03-2022 11:30;11
20-03-2022 11:45;11.14
20-03-2022 12:00;11.63
20-03-2022 12:15;11.7
20-03-2022 12:30;12.24
20-03-2022 12:45;12.64
20-03-2022 13:00;13.24
20-03-2022 13:15;16.95
20-03-2022 13:30;18.73
20-03-2022 13:45;18.85
20-03-2022 14:00;18.81
20-03-2022 14:15;17.93
20-03-2022 14:30;16.2
20-03-2022 14:45;16.61
20-03-2022 15:00;16.35
20-03-2022 15:15;16.06
20-03-2022 15:30;16.4
20-03-2022 15:45;16.15
20-03-2022 16:00;16.15
20-03-2022 16:15;16.24
20-03-2022 16:30;16.4
20-03-2022 16:45;17.43
20-03-2022 17:00;17.15
20-03-2022 17:15;17.12
20-03-2022 17:30;17.05
20-03-2022 17:45;17.31
20-03-2022 18:00;17.15
20-03-2022 18:15;16.82
20-03-2022 18:30;16.84
20-03-2022 18:45;17.11
20-03-2022 19:00;17.04
20-03-2022 19:15;16.96
20-03-2022 19:30;17.28
20-03-2022 19:45;17.25
20-03-2022 20:00;17.27
20-03-2022 20:15;16.95
20-03-2022 20:30;16.8
20-03-2022 20:45;16.9
20-03-2022 21:00;17.34
20-03-2022 21:15;17.87
20-03-2022 21:30;17.24
20-03-2022 21:45;16.91
20-03-2022 22:00;16.86
20-03-2022 22:15;17.02
20-03-2022 22:30;17.03
20-03-2022 22:45;17.06
20-03-2022 23:00;16.85
20-03-2022 23:15;16.39
20-03-2022 23:30;16.61
20-03-2022 23:45;16.51
21-03-2022 00:00;16.73
21-03-2022 00:15;16.69
21-03-2022 00:30;16.8
21-03-2022 00:45;16.66
21-03-2022 01:00;16.8
21-03-2022 01:15;16.67
21-03-2022 01:30;16.78
21-03-2022 01:45;16.7
21-03-2022 02:00;16.73
21-03-2022 02:15;16.59
21-03-2022 02:30;17.27
21-03-2022 02:45;17.33
21-03-2022 03:00;16.98
21-03-2022 03:15;16.87
21-03-2022 03:30;16.76
21-03-2022 03:45;16.59
21-03-2022 04:00;16.28
21-03-2022 04:15;16.21
21-03-2022 04:30;15.28
21-03-2022 04:45;14.63
21-03-2022 05:00;14.76
21-03-2022 05:15;14.91
21-03-2022 05:30;14.77
21-03-2022 05:45;14.69
21-03-2022 06:00;14.39
21-03-2022 06:15;14.47
21-03-2022 06:30;15.05
21-03-2022 06:45;14.96
21-03-2022 07:00;14.74
21-03-2022 07:15;14.55
21-03-2022 07:30;14.59
21-03-2022 07:45;14.49
21-03-2022 08:00;14.44
21-03-2022 08:15;14.45
21-03-2022 08:30;14.39
21-03-2022 08:45;14.21
21-03-2022 09:00;14.27
21-03-2022 09:15;14.44
21-03-2022 09:30;14.53
21-03-2022 09:45;14.79
21-03-2022 10:00;14.87
21-03-2022 10:15;14.58
21-03-2022 10:30;14.5
21-03-2022 10:45;14.51
21-03-2022 11:00;14.59
21-03-2022 11:15;15.2
21-03-2022 11:30;15.98
21-03-2022 11:45;15.77
21-03-2022 12:00;15.06
21-03-2022 12:15;14.87
21-03-2022 12:30;14.79
21-03-2022 12:45;15.18
21-03-2022 13:00;14.18
21-03-2022 13:15;14.23
21-03-2022 13:30;14.25
21-03-2022 13:45;14.43
21-03-2022 14:00;14.67
21-03-2022 14:15;14.86
21-03-2022 14:30;14.98
21-03-2022 14:45;15.42
21-03-2022 15:00;16.55
21-03-2022 15:15;16.16
21-03-2022 15:30;15.17
21-03-2022 15:45;14.99
21-03-2022 16:00;15.4
21-03-2022 16:15;15.28
21-03-2022 16:30;15.68
21-03-2022 16:45;16.57
21-03-2022 17:00;15.31
21-03-2022 17:15;15.18
21-03-2022 17:30;15.35
21-03-2022 17:45;15.72
21-03-2022 18:00;15.88
21-03-2022 18:15;15.78
21-03-2022 18:30;15.88
21-03-2022 18:45;15.88
21-03-2022 19:00;15.87
21-03-2022 19:15;15.46
21-03-2022 19:30;14.99
21-03-2022 19:45;14.96
21-03-2022 20:00;14.97
21-03-2022 20:15;14.77
21-03-2022 20:30;13.69
21-03-2022 20:45;13.45
21-03-2022 21:00;13.69
21-03-2022 21:15;13.9
21-03-2022 21:30;14.07
21-03-2022 21:45;14.32
21-03-2022 22:00;14.76
21-03-2022 22:15;14.73
21-03-2022 22:30;14.78
21-03-2022 22:45;14.82
21-03-2022 23:00;15.07
21-03-2022 23:15;15.16
21-03-2022 23:30;15.29
21-03-2022 23:45;15.3
22-03-2022 00:00;15.37
22-03-2022 00:15;15.54
22-03-2022 00:30;15.56
22-03-2022 00:45;15.64
22-03-2022 01:00;15.6
22-03-2022 01:15;15.78
22-03-2022 01:30;15.97
22-03-2022 01:45;15.26
22-03-2022 02:00;15.48
22-03-2022 02:15;15.45
22-03-2022 02:30;15.33
22-03-2022 02:45;15.22
22-03-2022 03:00;15.48
22-03-2022 03:15;15.75
22-03-2022 03:30;15.8
22-03-2022 03:45;16.06
22-03-2022 04:00;16.09
22-03-2022 04:15;16.43
22-03-2022 04:30;16.48
22-03-2022 04:45;16.18
22-03-2022 05:00;15.92
22-03-2022 05:15;15.71
22-03-2022 05:30;15.96
22-03-2022 05:45;16.34
22-03-2022 06:00;16.54
22-03-2022 06:15;16.05
22-03-2022 06:30;16
22-03-2022 06:45;15.96
22-03-2022 07:00;15.77
22-03-2022 07:15;15.39
22-03-2022 07:30;15.19
22-03-2022 07:45;14.93
22-03-2022 08:00;14.83
22-03-2022 08:15;14.98
22-03-2022 08:30;15.46
22-03-2022 08:45;15.38
22-03-2022 09:00;15.32
22-03-2022 09:15;14.76
22-03-2022 09:30;14.91
22-03-2022 09:45;15.08
22-03-2022 10:00;15.07
22-03-2022 10:15;15.03
22-03-2022 10:30;15.1
22-03-2022 10:45;15.08
22-03-2022 11:00;15.25
22-03-2022 11:15;15.58
22-03-2022 11:30;15.63
22-03-2022 11:45;15.68
22-03-2022 12:00;15.95
22-03-2022 12:15;15.93
22-03-2022 12:30;15.87
22-03-2022 12:45;15.94
22-03-2022 13:00;16.03
22-03-2022 13:15;16.48
22-03-2022 13:30;16.05
22-03-2022 13:45;16.25
22-03-2022 14:00;15.79
22-03-2022 14:15;16.02
22-03-2022 14:30;16.11
22-03-2022 14:45;15.93
22-03-2022 15:00;15.76
22-03-2022 15:15;15.86
22-03-2022 15:30;15.98
22-03-2022 15:45;16.26
22-03-2022 16:00;16.03
22-03-2022 16:15;16.32
22-03-2022 16:30;16.19
22-03-2022 16:45;15.85
22-03-2022 17:00;15.88
22-03-2022 17:15;15.87
22-03-2022 17:30;16
22-03-2022 17:45;15.65
22-03-2022 18:00;15.98
22-03-2022 18:15;15.94
22-03-2022 18:30;16.17
22-03-2022 18:45;16.08
22-03-2022 19:00;16.08
22-03-2022 19:15;15.99
22-03-2022 19:30;15.03
22-03-2022 19:45;14.22
22-03-2022 20:00;13.7
22-03-2022 20:15;12.2
22-03-2022 20:30;12.54
22-03-2022 20:45;12.33
22-03-2022 21:00;13.37
22-03-2022 21:15;13.34
22-03-2022 21:30;13.41
22-03-2022 21:45;13.52
22-03-2022 22:00;13.82
22-03-2022 22:15;14.01
22-03-2022 22:30;14.06
22-03-2022 22:45;14.09
22-03-2022 23:00;14.16
22-03-2022 23:15;15.16
22-03-2022 23:30;16.17
22-03-2022 23:45;15.55
23-03-2022 00:00;14.67
23-03-2022 00:15;15.3
23-03-2022 00:30;16.76
23-03-2022 00:45;16.62
23-03-2022 01:00;16.43
23-03-2022 01:15;16.19
23-03-2022 01:30;16.25
23-03-2022 01:45;16.1
23-03-2022 02:00;16.04
23-03-2022 02:15;15.94
23-03-2022 02:30;15.84
23-03-2022 02:45;15.84
23-03-2022 03:00;15.7
23-03-2022 03:15;15.53
23-03-2022 03:30;15.36
23-03-2022 03:45;15.23
23-03-2022 04:00;15.14
23-03-2022 04:15;15.06
23-03-2022 04:30;15.29
23-03-2022 04:45;15.49
23-03-2022 05:00;15.29
23-03-2022 05:15;15.09
23-03-2022 05:30;14.89
23-03-2022 05:45;14.59
23-03-2022 06:00;14.5
23-03-2022 06:15;14.35
23-03-2022 06:30;14.38
23-03-2022 06:45;14.26
23-03-2022 07:00;14.07
23-03-2022 07:15;13.74
23-03-2022 07:30;13.41
23-03-2022 07:45;13.67
23-03-2022 08:00;15.2
23-03-2022 08:15;17.65
23-03-2022 08:30;18.44
23-03-2022 08:45;17.04
23-03-2022 09:00;16.84
23-03-2022 09:15;16.98
23-03-2022 09:30;16.83
23-03-2022 09:45;15.87
23-03-2022 10:00;16.72
23-03-2022 10:15;16.49
23-03-2022 10:30;16.59
23-03-2022 10:45;17.12
23-03-2022 11:00;15.76
23-03-2022 11:15;14.19
23-03-2022 11:30;12.86
23-03-2022 11:45;10.85
23-03-2022 12:00;10.46
23-03-2022 12:15;12.59
23-03-2022 12:30;14.28
23-03-2022 12:45;14.01
23-03-2022 13:00;14.68
23-03-2022 13:15;15.88
23-03-2022 13:30;16.22
23-03-2022 13:45;17.12
23-03-2022 14:00;16.78
23-03-2022 14:15;16.94
23-03-2022 14:30;16.93
23-03-2022 14:45;16.92
23-03-2022 15:00;17.18
23-03-2022 15:15;17.06
23-03-2022 15:30;16.08
23-03-2022 15:45;15.76
23-03-2022 16:00;16.36
23-03-2022 16:15;16.55
23-03-2022 16:30;16.62
23-03-2022 16:45;16.54
23-03-2022 17:00;16.48
23-03-2022 17:15;16.97
23-03-2022 17:30;17.35
23-03-2022 17:45;17.18
23-03-2022 18:00;16.72
23-03-2022 18:15;16.83
23-03-2022 18:30;16.65
23-03-2022 18:45;16.68
23-03-2022 19:00;16.6
23-03-2022 19:15;16.76
23-03-2022 19:30;16.62
23-03-2022 19:45;16.69
23-03-2022 20:00;16.71
23-03-2022 20:15;16.43
23-03-2022 20:30;16.01
23-03-2022 20:45;15.76
23-03-2022 21:00;15.86
23-03-2022 21:15;16.48
23-03-2022 21:30;17.37
23-03-2022 21:45;16.82
23-03-2022 22:00;16.83
23-03-2022 22:15;16.18
23-03-2022 22:30;15.62
23-03-2022 22:45;15.5
23-03-2022 23:00;15.59
23-03-2022 23:15;15.63
23-03-2022 23:30;16.04
23-03-2022 23:45;16.86
24-03-2022 00:00;16.16
24-03-2022 00:15;16.63
24-03-2022 00:30;16.77
24-03-2022 00:45;16.77
24-03-2022 01:00;16.87
24-03-2022 01:15;16.84
24-03-2022 01:30;16.92
24-03-2022 01:45;16.82
24-03-2022 02:00;16.82
24-03-2022 02:15;16.6
24-03-2022 02:30;16.74
24-03-2022 02:45;16.51
24-03-2022 03:00;16.32
24-03-2022 03:15;16.79
24-03-2022 03:30;16.49
24-03-2022 03:45;16.64
24-03-2022 04:00;17.33
24-03-2022 04:15;17.4
24-03-2022 04:30;17.24
24-03-2022 04:45;17.01
24-03-2022 05:00;16.93
24-03-2022 05:15;16.81
24-03-2022 05:30;17.01
24-03-2022 05:45;17.74
24-03-2022 06:00;17.26
24-03-2022 06:15;18.07
24-03-2022 06:30;16.6
24-03-2022 06:45;14.95
24-03-2022 07:00;15.8
24-03-2022 07:15;17.03
24-03-2022 07:30;16.59
24-03-2022 07:45;15.95
24-03-2022 08:00;15.72
24-03-2022 08:15;16.37
24-03-2022 08:30;16.65
24-03-2022 08:45;15.6
24-03-2022 09:00;15.22
24-03-2022 09:15;15.46
24-03-2022 09:30;16
24-03-2022 09:45;16.6
24-03-2022 10:00;16.79
24-03-2022 10:15;16.3
24-03-2022 10:30;16.05
24-03-2022 10:45;15.98
24-03-2022 11:00;16.03
24-03-2022 11:15;16.11
24-03-2022 11:30;16.15
24-03-2022 11:45;16.85
24-03-2022 12:00;16.89
24-03-2022 12:15;17.03
24-03-2022 12:30;17.22
24-03-2022 12:45;17.28
24-03-2022 13:00;17.4
24-03-2022 13:15;17.6
24-03-2022 13:30;17.63
24-03-2022 13:45;16.94
24-03-2022 14:00;17.07
24-03-2022 14:15;17.29
24-03-2022 14:30;17.35
24-03-2022 14:45;17.76
24-03-2022 15:00;17.99
24-03-2022 15:15;17.14
24-03-2022 15:30;17.75
24-03-2022 15:45;17.72
24-03-2022 16:00;17.8
24-03-2022 16:15;17.72
24-03-2022 16:30;17.51
24-03-2022 16:45;17.36
24-03-2022 17:00;17.16
24-03-2022 17:15;17.03
24-03-2022 17:30;16.94
24-03-2022 17:45;17.64
24-03-2022 18:00;17.05
24-03-2022 18:15;17.22
24-03-2022 18:30;17.27
24-03-2022 18:45;17.36
24-03-2022 19:00;17.19
24-03-2022 19:15;16.37
24-03-2022 19:30;18.07
24-03-2022 19:45;17.75
24-03-2022 20:00;17.89
24-03-2022 20:15;17.66
24-03-2022 20:30;17.7
24-03-2022 20:45;17.48
24-03-2022 21:00;17.77
24-03-2022 21:15;17.76
24-03-2022 21:30;17.67
24-03-2022 21:45;17.75
24-03-2022 22:00;17.85
24-03-2022 22:15;18.06
24-03-2022 22:30;16.92
24-03-2022 22:45;15.97
24-03-2022 23:00;16.23
24-03-2022 23:15;16.53
24-03-2022 23:30;15.95
24-03-2022 23:45;16.21
25-03-2022 00:00;17.94
25-03-2022 00:15;18.51
25-03-2022 00:30;16.32
25-03-2022 00:45;15.21
25-03-2022 01:00;16.05
25-03-2022 01:15;16.62
25-03-2022 01:30;16.8
25-03-2022 01:45;16.66
25-03-2022 02:00;16.6
25-03-2022 02:15;16.74
25-03-2022 02:30;16.91
25-03-2022 02:45;17.06
25-03-2022 03:00;16.93
25-03-2022 03:15;17.32
25-03-2022 03:30;16.3
25-03-2022 03:45;16.21
25-03-2022 04:00;15.4
25-03-2022 04:15;15.24
25-03-2022 04:30;15.17
25-03-2022 04:45;15.08
25-03-2022 05:00;15.08
25-03-2022 05:15;14.83
25-03-2022 05:30;14.66
25-03-2022 05:45;14.5
25-03-2022 06:00;14.3
25-03-2022 06:15;13.7
25-03-2022 06:30;13.6
25-03-2022 06:45;14.06
25-03-2022 07:00;14.54
25-03-2022 07:15;14.89
25-03-2022 07:30;14.81
25-03-2022 07:45;15.02
25-03-2022 08:00;15.44
25-03-2022 08:15;15.54
25-03-2022 08:30;16.17
25-03-2022 08:45;16.28
25-03-2022 09:00;16.33
25-03-2022 09:15;16.3
25-03-2022 09:30;16.22
25-03-2022 09:45;16.19
25-03-2022 10:00;16.1
25-03-2022 10:15;16.13
25-03-2022 10:30;16.14
25-03-2022 10:45;16.04
25-03-2022 11:00;16.19
25-03-2022 11:15;16.17
25-03-2022 11:30;16.14
25-03-2022 11:45;16.33
25-03-2022 12:00;16.43
25-03-2022 12:15;16.88
25-03-2022 12:30;16.89
25-03-2022 12:45;17.09
25-03-2022 13:00;17.15
25-03-2022 13:15;17.03
25-03-2022 13:30;16.38
25-03-2022 13:45;15.17
25-03-2022 14:00;14.72
25-03-2022 14:15;14.59
25-03-2022 14:30;14.66
25-03-2022 14:45;14.81
25-03-2022 15:00;15.59
25-03-2022 15:15;16.42
25-03-2022 15:30;16.6
25-03-2022 15:45;16.51
25-03-2022 16:00;16.84
25-03-2022 16:15;18.6
25-03-2022 16:30;18.71
25-03-2022 16:45;18.56
25-03-2022 17:00;18.4
25-03-2022 17:15;18.38
25-03-2022 17:30;17.03
25-03-2022 17:45;16.88
25-03-2022 18:00;16.59
25-03-2022 18:15;16.67
25-03-2022 18:30;16.28
25-03-2022 18:45;16.47
25-03-2022 19:00;16.38
25-03-2022 19:15;16.48
25-03-2022 19:30;16.38
25-03-2022 19:45;16.5
25-03-2022 20:00;15.48
25-03-2022 20:15;15.01
25-03-2022 20:30;15.19
25-03-2022 20:45;15.44
25-03-2022 21:00;15.82
25-03-2022 21:15;15.79
25-03-2022 21:30;15.86
25-03-2022 21:45;15.84
25-03-2022 22:00;16.03
25-03-2022 22:15;16.26
25-03-2022 22:30;16.21
25-03-2022 22:45;16.27
25-03-2022 23:00;16.36
25-03-2022 23:15;16.42
25-03-2022 23:30;16.42
25-03-2022 23:45;16.44
26-03-2022 00:00;16.54
26-03-2022 00:15;16.51
26-03-2022 00:30;16.58
26-03-2022 00:45;16.48
26-03-2022 01:00;16.54
26-03-2022 01:15;16.53
26-03-2022 01:30;16.53
26-03-2022 01:45;16.54
26-03-2022 02:00;16.94
26-03-2022 02:15;15.84
26-03-2022 02:30;16.32
26-03-2022 02:45;16.22
26-03-2022 03:00;16.21
26-03-2022 03:15;16.11
26-03-2022 03:30;15.96
26-03-2022 03:45;15.89
26-03-2022 04:00;15.78
26-03-2022 04:15;16.24
26-03-2022 04:30;16.13
26-03-2022 04:45;15.94
26-03-2022 05:00;15.56
26-03-2022 05:15;15.2
26-03-2022 05:30;15.22
26-03-2022 05:45;15.13
26-03-2022 06:00;14.82
26-03-2022 06:15;14.4
26-03-2022 06:30;14.06
26-03-2022 06:45;13.59
26-03-2022 07:00;13.54
26-03-2022 07:15;14.4
26-03-2022 07:30;14.06
26-03-2022 07:45;13.59
26-03-2022 08:00;13.54
26-03-2022 08:15;12.7
26-03-2022 08:30;10.81
26-03-2022 08:45;10.61
26-03-2022 09:00;10.68
26-03-2022 09:15;10.57
26-03-2022 09:30;10.47
26-03-2022 09:45;10.61
26-03-2022 10:00;11.47
26-03-2022 10:15;10.74
26-03-2022 10:30;10.52
26-03-2022 10:45;10.49
26-03-2022 11:00;10.51
26-03-2022 11:15;10.68
26-03-2022 11:30;10.8
26-03-2022 11:45;10.97
26-03-2022 12:00;11.04
26-03-2022 12:15;12.71
26-03-2022 12:30;14.99
26-03-2022 12:45;15.12
26-03-2022 13:00;14.88
26-03-2022 13:15;14.6
26-03-2022 13:30;14.65
26-03-2022 13:45;14.64
26-03-2022 14:00;15.12
26-03-2022 14:15;15.54
26-03-2022 14:30;15.85
26-03-2022 14:45;16.43
26-03-2022 15:00;16.27
26-03-2022 15:15;16.29
26-03-2022 15:30;17.06
26-03-2022 15:45;18.31
26-03-2022 16:00;17.31
26-03-2022 16:15;17.42
26-03-2022 16:30;17.48
26-03-2022 16:45;17.86
26-03-2022 17:00;17.76
26-03-2022 17:15;17.76
26-03-2022 17:30;17.87
26-03-2022 17:45;17.19
26-03-2022 18:00;16.99
26-03-2022 18:15;17.14
26-03-2022 18:30;16.07
26-03-2022 18:45;16.49
26-03-2022 19:00;16.35
26-03-2022 19:15;16.65
26-03-2022 19:30;16.68
26-03-2022 19:45;16.57
26-03-2022 20:00;16.47
26-03-2022 20:15;16.55
26-03-2022 20:30;16.52
26-03-2022 20:45;15.98
26-03-2022 21:00;15.92
26-03-2022 21:15;15.98
26-03-2022 21:30;16.12
26-03-2022 21:45;15.94
26-03-2022 22:00;16.04
26-03-2022 22:15;16.6
26-03-2022 22:30;16.36
26-03-2022 22:45;16.15
26-03-2022 23:00;16.19
26-03-2022 23:15;16.18
26-03-2022 23:30;16.08
26-03-2022 23:45;15.93
27-03-2022 00:00;15.86
27-03-2022 00:15;15.85
27-03-2022 00:30;15.8
27-03-2022 00:45;15.8
27-03-2022 01:00;15.77
27-03-2022 01:15;15.73
27-03-2022 01:30;15.64
27-03-2022 01:45;15.54
27-03-2022 02:00;15.58
27-03-2022 02:15;15.4
27-03-2022 02:30;15.3
27-03-2022 02:45;15.31
27-03-2022 03:00;15.35
27-03-2022 03:15;17.21
27-03-2022 03:30;17.03
27-03-2022 03:45;15.98
27-03-2022 04:00;15.47
27-03-2022 04:15;16.09
27-03-2022 04:30;16.07
27-03-2022 04:45;15.97
27-03-2022 05:00;15.73
27-03-2022 05:15;15.57
27-03-2022 05:30;15.3
27-03-2022 05:45;14.94
27-03-2022 06:00;14.7
27-03-2022 06:15;14.37
27-03-2022 06:30;12.28
27-03-2022 06:45;11.71
27-03-2022 07:00;11.71
27-03-2022 07:15;11.78
27-03-2022 07:30;11.81
27-03-2022 07:45;11.78
27-03-2022 08:00;11.84
27-03-2022 08:15;11.93
27-03-2022 08:30;12.02
27-03-2022 08:45;12.26
27-03-2022 09:00;12.29
27-03-2022 09:15;12.17
27-03-2022 09:30;12.19
27-03-2022 09:45;12.48
27-03-2022 10:00;13.72
27-03-2022 10:15;14.7
27-03-2022 10:30;14.51
27-03-2022 10:45;14.81
27-03-2022 11:00;13.79
27-03-2022 11:15;13.76
27-03-2022 11:30;13.56
27-03-2022 11:45;13.5
27-03-2022 12:00;13.86
27-03-2022 12:15;13.13
27-03-2022 12:30;13.29
27-03-2022 12:45;13.25
27-03-2022 13:00;13.33
27-03-2022 13:15;13.35
27-03-2022 13:30;13.54
27-03-2022 13:45;14.45
27-03-2022 14:00;14.74
27-03-2022 14:15;15.12
27-03-2022 14:30;16.21
27-03-2022 14:45;15.61
27-03-2022 15:00;15.77
27-03-2022 15:15;15.96
27-03-2022 15:30;16.42
27-03-2022 15:45;16.85
27-03-2022 16:00;16.01
27-03-2022 16:15;15.77
27-03-2022 16:30;15.8
27-03-2022 16:45;16.77
27-03-2022 17:00;16.64
27-03-2022 17:15;15.68
27-03-2022 17:30;15.28
27-03-2022 17:45;15.62
27-03-2022 18:00;15.75
27-03-2022 18:15;15.68
27-03-2022 18:30;16.02
27-03-2022 18:45;16.13
27-03-2022 19:00;16.31
27-03-2022 19:15;16.3
27-03-2022 19:30;16.28
27-03-2022 19:45;16.42
27-03-2022 20:00;16.67
27-03-2022 20:15;16.64
27-03-2022 20:30;16.4
27-03-2022 20:45;16.52
27-03-2022 21:00;16.4
27-03-2022 21:15;16.37
27-03-2022 21:30;16.35
27-03-2022 21:45;16.39
27-03-2022 22:00;16.36
27-03-2022 22:15;16.31
27-03-2022 22:30;16.09
27-03-2022 22:45;16.12
27-03-2022 23:00;17.25
27-03-2022 23:15;16.45
27-03-2022 23:30;16.77
27-03-2022 23:45;16.78
28-03-2022 00:00;16.88
28-03-2022 00:15;16.89
28-03-2022 00:30;16.92
28-03-2022 00:45;17
28-03-2022 01:00;16.97
28-03-2022 01:15;17.07
28-03-2022 01:30;16.7
28-03-2022 01:45;15.72
28-03-2022 02:00;15.63
28-03-2022 02:15;15.75
28-03-2022 02:30;15.71
28-03-2022 02:45;15.63
28-03-2022 03:00;15.59
28-03-2022 03:15;15.66
28-03-2022 03:30;15.61
28-03-2022 03:45;15.43
28-03-2022 04:00;15.67
28-03-2022 04:15;16.15
28-03-2022 04:30;16.28
28-03-2022 04:45;15.86
28-03-2022 05:00;15.51
28-03-2022 05:15;15.54
28-03-2022 05:30;15.86
28-03-2022 05:45;16.5
28-03-2022 06:00;16.03
28-03-2022 06:15;15.62
28-03-2022 06:30;15.81
28-03-2022 06:45;15.83
28-03-2022 07:00;14.9
28-03-2022 07:15;13.64
28-03-2022 07:30;12.94
28-03-2022 07:45;12.7
28-03-2022 08:00;12.8
28-03-2022 08:15;12.77
28-03-2022 08:30;12.85
28-03-2022 08:45;13.15
28-03-2022 09:00;13.21
28-03-2022 09:15;12.89
28-03-2022 09:30;13
28-03-2022 09:45;13.29
28-03-2022 10:00;13.28
28-03-2022 10:15;13.44
28-03-2022 10:30;13.48
28-03-2022 10:45;13.67
28-03-2022 11:00;13.81
28-03-2022 11:15;13.79
28-03-2022 11:30;13.68
28-03-2022 11:45;13.77
28-03-2022 12:00;13.88
28-03-2022 12:15;14.48
28-03-2022 12:30;15.22
28-03-2022 12:45;15.15
28-03-2022 13:00;15.02
28-03-2022 13:15;15.9
28-03-2022 13:30;18.38
28-03-2022 13:45;17.48
28-03-2022 14:00;15.81
28-03-2022 14:15;16.38
28-03-2022 14:30;16.53
28-03-2022 14:45;16.85
28-03-2022 15:00;16.74
28-03-2022 15:15;16.31
28-03-2022 15:30;16.58
28-03-2022 15:45;16.53
28-03-2022 16:00;16.64
28-03-2022 16:15;16.66
28-03-2022 16:30;16.61
28-03-2022 16:45;16.36
28-03-2022 17:00;16.2
28-03-2022 17:15;16.46
28-03-2022 17:30;16.41
28-03-2022 17:45;16.53
28-03-2022 18:00;16.53
28-03-2022 18:15;16.55
28-03-2022 18:30;16.49
28-03-2022 18:45;16.46
28-03-2022 19:00;16.23
28-03-2022 19:15;16.41
28-03-2022 19:30;16.47
28-03-2022 19:45;17.37
28-03-2022 20:00;16.37
28-03-2022 20:15;15.69
28-03-2022 20:30;15.24
28-03-2022 20:45;15.17
28-03-2022 21:00;15.47
28-03-2022 21:15;15.42
28-03-2022 21:30;15.7
28-03-2022 21:45;15.84
28-03-2022 22:00;15.85
28-03-2022 22:15;15.94
28-03-2022 22:30;15.98
28-03-2022 22:45;16.09
28-03-2022 23:00;16.06
28-03-2022 23:15;16.15
28-03-2022 23:30;16.26
28-03-2022 23:45;16.24
29-03-2022 00:00;16.31
29-03-2022 00:15;16.3
29-03-2022 00:30;16.48
29-03-2022 00:45;16.39
29-03-2022 01:00;16.4
29-03-2022 01:15;16.39
29-03-2022 01:30;16.39
29-03-2022 01:45;17.06
29-03-2022 02:00;16.24
29-03-2022 02:15;15.92
29-03-2022 02:30;15.84
29-03-2022 02:45;15.69
29-03-2022 03:00;15.38
29-03-2022 03:15;15.4
29-03-2022 03:30;16.49
29-03-2022 03:45;16.31
29-03-2022 04:00;15.96
29-03-2022 04:15;15.55
29-03-2022 04:30;15.35
29-03-2022 04:45;15.85
29-03-2022 05:00;15.13
29-03-2022 05:15;15.22
29-03-2022 05:30;15.31
29-03-2022 05:45;15.38
29-03-2022 06:00;15.1
29-03-2022 06:15;14.58
29-03-2022 06:30;14.37
29-03-2022 06:45;13.89
29-03-2022 07:00;13.69
29-03-2022 07:15;13.54
29-03-2022 07:30;13.15
29-03-2022 07:45;11.77
29-03-2022 08:00;11.65
29-03-2022 08:15;11.95
29-03-2022 08:30;12.14
29-03-2022 08:45;12.14
29-03-2022 09:00;12.5
29-03-2022 09:15;12.33
29-03-2022 09:30;12.79
29-03-2022 09:45;13
29-03-2022 10:00;13.18
29-03-2022 10:15;13.43
29-03-2022 10:30;16.75
29-03-2022 10:45;18.58
29-03-2022 11:00;18.35
29-03-2022 11:15;17.7
29-03-2022 11:30;17.69
29-03-2022 11:45;17.47
29-03-2022 12:00;16.43
29-03-2022 12:15;16.53
29-03-2022 12:30;16.58
29-03-2022 12:45;17.75
29-03-2022 13:00;17.05
29-03-2022 13:15;17.19
29-03-2022 13:30;17.77
29-03-2022 13:45;18.31
29-03-2022 14:00;18
29-03-2022 14:15;18.01
29-03-2022 14:30;18.11
29-03-2022 14:45;18.13
29-03-2022 15:00;18.61
29-03-2022 15:15;18.02
29-03-2022 15:30;17.86
29-03-2022 15:45;18.39
29-03-2022 16:00;18.38
29-03-2022 16:15;17.88
29-03-2022 16:30;18.24
29-03-2022 16:45;18.31
29-03-2022 17:00;18.64
29-03-2022 17:15;17.6
29-03-2022 17:30;17.02
29-03-2022 17:45;17.43
29-03-2022 18:00;17.16
29-03-2022 18:15;16.87
29-03-2022 18:30;16.58
29-03-2022 18:45;16.75
29-03-2022 19:00;16.64
29-03-2022 19:15;17.03
29-03-2022 19:30;17.38
29-03-2022 19:45;17.39
29-03-2022 20:00;17.4
29-03-2022 20:15;17.63
29-03-2022 20:30;17.84
29-03-2022 20:45;17.84
29-03-2022 21:00;18.09
29-03-2022 21:15;18.15
29-03-2022 21:30;18.24
29-03-2022 21:45;18.25
29-03-2022 22:00;18.97
29-03-2022 22:15;17.66
29-03-2022 22:30;17.49
29-03-2022 22:45;17.76
29-03-2022 23:00;17.96
29-03-2022 23:15;17.96
29-03-2022 23:30;17.91
29-03-2022 23:45;18.08
30-03-2022 00:00;18.19
30-03-2022 00:15;18.15
30-03-2022 00:30;18.1
30-03-2022 00:45;18.03
30-03-2022 01:00;18.07
30-03-2022 01:15;18.04
30-03-2022 01:30;17.96
30-03-2022 01:45;17.87
30-03-2022 02:00;17.64
30-03-2022 02:15;17.43
30-03-2022 02:30;17.39
30-03-2022 02:45;17.2
30-03-2022 03:00;17.17
30-03-2022 03:15;17.06
30-03-2022 03:30;16.83
30-03-2022 03:45;16.62
30-03-2022 04:00;16.52
30-03-2022 04:15;16.29
30-03-2022 04:30;16.01
30-03-2022 04:45;15.9
30-03-2022 05:00;15.67
30-03-2022 05:15;15.61
30-03-2022 05:30;16.12
30-03-2022 05:45;14.83
30-03-2022 06:00;14.54
30-03-2022 06:15;14.6
30-03-2022 06:30;14.33
30-03-2022 06:45;13.24
30-03-2022 07:00;12.9
30-03-2022 07:15;12.66
30-03-2022 07:30;12.82
30-03-2022 07:45;13.15
30-03-2022 08:00;11.8
30-03-2022 08:15;13.07
30-03-2022 08:30;13.69
30-03-2022 08:45;13.97
30-03-2022 09:00;16.63
30-03-2022 09:15;12.95
30-03-2022 09:30;16.56
30-03-2022 09:45;17.99
30-03-2022 10:00;18.49
30-03-2022 10:15;18.18
30-03-2022 10:30;17.92
30-03-2022 10:45;17.95
30-03-2022 11:00;18.04
30-03-2022 11:15;18.58
30-03-2022 11:30;18.96
30-03-2022 11:45;19.49
30-03-2022 12:00;19.62
30-03-2022 12:15;20.43
30-03-2022 12:30;21.99
30-03-2022 12:45;22.66
30-03-2022 13:00;23.58
30-03-2022 13:15;26.06
30-03-2022 13:30;29.61
30-03-2022 13:45;31.35
30-03-2022 14:00;34.7
30-03-2022 14:15;34.61
30-03-2022 14:30;35.25
30-03-2022 14:45;35.26
30-03-2022 15:00;35.31
30-03-2022 15:15;35.91
30-03-2022 15:30;35.88
30-03-2022 15:45;35.79
30-03-2022 16:00;35.82
30-03-2022 16:15;35.29
30-03-2022 16:30;34.99
30-03-2022 16:45;34.58
30-03-2022 17:00;34.09
30-03-2022 17:15;33.59
30-03-2022 17:30;33.04
30-03-2022 17:45;32.8
30-03-2022 18:00;32.69
30-03-2022 18:15;30.55
30-03-2022 18:30;31.64
30-03-2022 18:45;30.8
30-03-2022 19:00;29.18
30-03-2022 19:15;27.81
30-03-2022 19:30;27.21
30-03-2022 19:45;26.05
30-03-2022 20:00;24.44
30-03-2022 20:15;23.47
30-03-2022 20:30;24.6
30-03-2022 20:45;24.16
30-03-2022 21:00;24.29
30-03-2022 21:15;23.67
30-03-2022 21:30;23.4
30-03-2022 21:45;23.14
30-03-2022 22:00;23.34
30-03-2022 22:15;22.47
30-03-2022 22:30;22.3
30-03-2022 22:45;22.2
30-03-2022 23:00;22.06
30-03-2022 23:15;22.25
30-03-2022 23:30;22.49
30-03-2022 23:45;22.4
31-03-2022 00:00;22.83
31-03-2022 00:15;23
31-03-2022 00:30;22.84
31-03-2022 00:45;22.95
31-03-2022 01:00;23.5
31-03-2022 01:15;23.26
31-03-2022 01:30;23.8
31-03-2022 01:45;24.61
31-03-2022 02:00;24.14
31-03-2022 02:15;23.46
31-03-2022 02:30;23.92
31-03-2022 02:45;23.01
31-03-2022 03:00;22.89
31-03-2022 03:15;22.89
31-03-2022 03:30;22.23
31-03-2022 03:45;22.28
31-03-2022 04:00;23.15
31-03-2022 04:15;19.78
31-03-2022 04:30;20.36
31-03-2022 04:45;19.73
31-03-2022 05:00;19.43
31-03-2022 05:15;18.33
31-03-2022 05:30;17.36
31-03-2022 05:45;15.87
31-03-2022 06:00;15.15
31-03-2022 06:15;14.96
31-03-2022 06:30;13.63
31-03-2022 06:45;14.29
31-03-2022 07:00;13.73
31-03-2022 07:15;13.65
31-03-2022 07:30;13.23
31-03-2022 07:45;12.68
31-03-2022 08:00;12.27
31-03-2022 08:15;10.54
31-03-2022 08:30;9.06
31-03-2022 08:45;8.94
31-03-2022 09:00;9.82
31-03-2022 09:15;9.09
31-03-2022 09:30;9.03
31-03-2022 09:45;10.04
31-03-2022 10:00;13.44
31-03-2022 10:15;11.17
31-03-2022 10:30;11.3
31-03-2022 10:45;11.68
31-03-2022 11:00;11.94
31-03-2022 11:15;12.39
31-03-2022 11:30;12.4
31-03-2022 11:45;12.75
31-03-2022 12:00;13.2
31-03-2022 12:15;13.48
31-03-2022 12:30;13.83
31-03-2022 12:45;14.18
31-03-2022 13:00;14.47
31-03-2022 13:15;18.34
31-03-2022 13:30;19.37
31-03-2022 13:45;19.5
31-03-2022 14:00;19.37
31-03-2022 14:15;19.23
31-03-2022 14:30;18.3
31-03-2022 14:45;18.06
31-03-2022 15:00;17.53
31-03-2022 15:15;18.34
31-03-2022 15:30;18.41
31-03-2022 15:45;18.23
31-03-2022 16:00;18.26
31-03-2022 16:15;18.6
31-03-2022 16:30;18.72
31-03-2022 16:45;19.08
31-03-2022 17:00;19.53
31-03-2022 17:15;20.65
31-03-2022 17:30;20.95
31-03-2022 17:45;20.94
31-03-2022 18:00;20.83
31-03-2022 18:15;21.1
31-03-2022 18:30;20.8
31-03-2022 18:45;20.6
31-03-2022 19:00;20.53
31-03-2022 19:15;22.58
31-03-2022 19:30;20.68
31-03-2022 19:45;20.28
31-03-2022 20:00;20.13
31-03-2022 20:15;20.22
31-03-2022 20:30;19.72
31-03-2022 20:45;19.95
31-03-2022 21:00;17.54
31-03-2022 21:15;18.74
31-03-2022 21:30;17.66
31-03-2022 21:45;17.61
31-03-2022 22:00;17.53
31-03-2022 22:15;17.55
31-03-2022 22:30;17.78
31-03-2022 22:45;17.73
31-03-2022 23:00;17.88
31-03-2022 23:15;17.74
31-03-2022 23:30;17.58
31-03-2022 23:45;17.83
1-04-2022 00:00;17.9
1-04-2022 00:15;17.89
1-04-2022 00:30;17.76
1-04-2022 00:45;17.8
1-04-2022 01:00;17.83
1-04-2022 01:15;17.87
1-04-2022 01:30;17.86
1-04-2022 01:45;18.01
1-04-2022 02:00;18.05
1-04-2022 02:15;18.15
1-04-2022 02:30;18.38
1-04-2022 02:45;18.19
1-04-2022 03:00;18.31
1-04-2022 03:15;18.13
1-04-2022 03:30;17.95
1-04-2022 03:45;17.64
1-04-2022 04:00;17.34
1-04-2022 04:15;16.8
1-04-2022 04:30;16.01
1-04-2022 04:45;15.66
1-04-2022 05:00;15.1
1-04-2022 05:15;14.82
1-04-2022 05:30;14.45
1-04-2022 05:45;14.23
1-04-2022 06:00;14.05
1-04-2022 06:15;13.29
1-04-2022 06:30;12.65
1-04-2022 06:45;10.64
1-04-2022 07:00;8.98
1-04-2022 07:15;9.06
1-04-2022 07:30;10.04
1-04-2022 07:45;10.25
1-04-2022 08:00;11.01
1-04-2022 08:15;12.5
1-04-2022 08:30;10.55
1-04-2022 08:45;10.49
1-04-2022 09:00;10.77
1-04-2022 09:15;11.01
1-04-2022 09:30;11.15
1-04-2022 09:45;11.26
1-04-2022 10:00;11.46
1-04-2022 10:15;11.56
1-04-2022 10:30;11.79
1-04-2022 10:45;12.18
1-04-2022 11:00;12.62
1-04-2022 11:15;13.01
1-04-2022 11:30;13.49
1-04-2022 11:45;16.99
1-04-2022 12:00;20.32
1-04-2022 12:15;20.09
1-04-2022 12:30;19.87
1-04-2022 12:45;19.61
1-04-2022 13:00;19.84
1-04-2022 13:15;20.26
1-04-2022 13:30;20.9
1-04-2022 13:45;21.39
1-04-2022 14:00;21.74
1-04-2022 14:15;21.58
1-04-2022 14:30;21.39
1-04-2022 14:45;21.53
1-04-2022 15:00;22.01
1-04-2022 15:15;23.24
1-04-2022 15:30;22.21
1-04-2022 15:45;20.94
1-04-2022 16:00;21.02
1-04-2022 16:15;21.33
1-04-2022 16:30;21.43
1-04-2022 16:45;21.45
1-04-2022 17:00;21.4
1-04-2022 17:15;21.72
1-04-2022 17:30;21.7
1-04-2022 17:45;21.71
1-04-2022 18:00;21.29
1-04-2022 18:15;19.79
1-04-2022 18:30;19.83
1-04-2022 18:45;20.26
1-04-2022 19:00;20.19
1-04-2022 19:15;20.19
1-04-2022 19:30;20.18
1-04-2022 19:45;20.4
1-04-2022 20:00;20.13
1-04-2022 20:15;19.62
1-04-2022 20:30;19.7
1-04-2022 20:45;19.67
1-04-2022 21:00;18.88
1-04-2022 21:15;18.92
1-04-2022 21:30;18.48
1-04-2022 21:45;18.5
1-04-2022 22:00;18.07
1-04-2022 22:15;17.98
1-04-2022 22:30;18.01
1-04-2022 22:45;18.19
1-04-2022 23:00;18.14
1-04-2022 23:15;18.36
1-04-2022 23:30;18.19
1-04-2022 23:45;18.4
2-04-2022 00:00;18.29
2-04-2022 00:15;18.32
2-04-2022 00:30;18.33
2-04-2022 00:45;18.22
2-04-2022 01:00;18.21
2-04-2022 01:15;18.26
2-04-2022 01:30;18.11
2-04-2022 01:45;18.08
2-04-2022 02:00;17.98
2-04-2022 02:15;18.07
2-04-2022 02:30;17.76
2-04-2022 02:45;17.77
2-04-2022 03:00;17.64
2-04-2022 03:15;17.6
2-04-2022 03:30;17.91
2-04-2022 03:45;18.6
2-04-2022 04:00;17.24
2-04-2022 04:15;17.56
2-04-2022 04:30;17.39
2-04-2022 04:45;17.43
2-04-2022 05:00;17.09
2-04-2022 05:15;16.61
2-04-2022 05:30;16.45
2-04-2022 05:45;16.3
2-04-2022 06:00;16.06
2-04-2022 06:15;16.22
2-04-2022 06:30;16.25
2-04-2022 06:45;16.18
2-04-2022 07:00;15.92
2-04-2022 07:15;15.16
2-04-2022 07:30;14.56
2-04-2022 07:45;14.15
2-04-2022 08:00;13.54
2-04-2022 08:15;13.27
2-04-2022 08:30;12.82
2-04-2022 08:45;13.04
2-04-2022 09:00;13.57
2-04-2022 09:15;13.09
2-04-2022 09:30;11.25
2-04-2022 09:45;9.71
2-04-2022 10:00;10.45
2-04-2022 10:15;10.72
2-04-2022 10:30;10.78
2-04-2022 10:45;10.81
2-04-2022 11:00;9.91
2-04-2022 11:15;9.91
2-04-2022 11:30;10.06
2-04-2022 11:45;10.2
2-04-2022 12:00;10.39
2-04-2022 12:15;10.67
2-04-2022 12:30;10.89
2-04-2022 12:45;11.09
2-04-2022 13:00;11.49
2-04-2022 13:15;11.8
2-04-2022 13:30;12.1
2-04-2022 13:45;12.39
2-04-2022 14:00;12.62
2-04-2022 14:15;12.83
2-04-2022 14:30;13.35
2-04-2022 14:45;13.63
2-04-2022 15:00;14.09
2-04-2022 15:15;19.06
2-04-2022 15:30;20.09
2-04-2022 15:45;19.82
2-04-2022 16:00;19.06
2-04-2022 16:15;19.45
2-04-2022 16:30;19.78
2-04-2022 16:45;20
2-04-2022 17:00;19.74
2-04-2022 17:15;19.81
2-04-2022 17:30;19.79
2-04-2022 17:45;19.46
2-04-2022 18:00;19.02
2-04-2022 18:15;18.86
2-04-2022 18:30;18.31
2-04-2022 18:45;18.26
2-04-2022 19:00;17.56
2-04-2022 19:15;15.88
2-04-2022 19:30;16.03
2-04-2022 19:45;16.08
2-04-2022 20:00;15.38
2-04-2022 20:15;14.83
2-04-2022 20:30;14.92
2-04-2022 20:45;15
2-04-2022 21:00;14.98
2-04-2022 21:15;15.74
2-04-2022 21:30;15.4
2-04-2022 21:45;15.3
2-04-2022 22:00;15.24
2-04-2022 22:15;15.31
2-04-2022 22:30;15.35
2-04-2022 22:45;15.35
2-04-2022 23:00;15.5
2-04-2022 23:15;15.65
2-04-2022 23:30;15.67
2-04-2022 23:45;15.79
3-04-2022 00:00;15.76
3-04-2022 00:15;15.77
3-04-2022 00:30;15.83
3-04-2022 00:45;15.74
3-04-2022 01:00;15.84
3-04-2022 01:15;15.85
3-04-2022 01:30;15.85
3-04-2022 01:45;15.76
3-04-2022 02:00;15.78
3-04-2022 02:15;15.7
3-04-2022 02:30;15.69
3-04-2022 02:45;15.68
3-04-2022 03:00;15.48
3-04-2022 03:15;15.45
3-04-2022 03:30;15.29
3-04-2022 03:45;15.2
3-04-2022 04:00;15.07
3-04-2022 04:15;14.93
3-04-2022 04:30;15.04
3-04-2022 04:45;15.12
3-04-2022 05:00;14.99
3-04-2022 05:15;14.88
3-04-2022 05:30;14.89
3-04-2022 05:45;14.72
3-04-2022 06:00;14.61
3-04-2022 06:15;14.42
3-04-2022 06:30;14.64
3-04-2022 06:45;14.56
3-04-2022 07:00;13.61
3-04-2022 07:15;13.38
3-04-2022 07:30;13.06
3-04-2022 07:45;13.05
3-04-2022 08:00;12.69
3-04-2022 08:15;12.34
3-04-2022 08:30;12.15
3-04-2022 08:45;9.72
3-04-2022 09:00;9.51
3-04-2022 09:15;9.42
3-04-2022 09:30;9.46
3-04-2022 09:45;9.33
3-04-2022 10:00;9.32
3-04-2022 10:15;9.39
3-04-2022 10:30;9.42
3-04-2022 10:45;9.47
3-04-2022 11:00;9.72
3-04-2022 11:15;10.2
3-04-2022 11:30;10.44
3-04-2022 11:45;10.64
3-04-2022 12:00;10.9
3-04-2022 12:15;11.17
3-04-2022 12:30;11.55
3-04-2022 12:45;11.67
3-04-2022 13:00;11.84
3-04-2022 13:15;12.21
3-04-2022 13:30;12.33
3-04-2022 13:45;12.62
3-04-2022 14:00;13.14
3-04-2022 14:15;15.71
3-04-2022 14:30;18.43
3-04-2022 14:45;17.95
3-04-2022 15:00;18.01
3-04-2022 15:15;17.79
3-04-2022 15:30;17.08
3-04-2022 15:45;17.27
3-04-2022 16:00;17.22
3-04-2022 16:15;17.5
3-04-2022 16:30;17.7
3-04-2022 16:45;18.21
3-04-2022 17:00;16.94
3-04-2022 17:15;17.05
3-04-2022 17:30;17.25
3-04-2022 17:45;17.22
3-04-2022 18:00;16.91
3-04-2022 18:15;16.85
3-04-2022 18:30;16.56
3-04-2022 18:45;16.35
3-04-2022 19:00;16.38
3-04-2022 19:15;17.32
3-04-2022 19:30;17.21
3-04-2022 19:45;17.06
3-04-2022 20:00;17.08
3-04-2022 20:15;17.02
3-04-2022 20:30;17.18
3-04-2022 20:45;17.19
3-04-2022 21:00;17.28
3-04-2022 21:15;17.37
3-04-2022 21:30;17.44
3-04-2022 21:45;17.26
3-04-2022 22:00;16.5
3-04-2022 22:15;16.37
3-04-2022 22:30;16.57
3-04-2022 22:45;16.5
3-04-2022 23:00;16.54
3-04-2022 23:15;16.7
3-04-2022 23:30;16.73
3-04-2022 23:45;16.79
4-04-2022 00:00;16.89
4-04-2022 00:15;17.11
4-04-2022 00:30;17.52
4-04-2022 00:45;17.55
4-04-2022 01:00;17.7
4-04-2022 01:15;17.93
4-04-2022 01:30;18.34
4-04-2022 01:45;18.12
4-04-2022 02:00;18.09
4-04-2022 02:15;17.84
4-04-2022 02:30;17.7
4-04-2022 02:45;17.55
4-04-2022 03:00;17.59
4-04-2022 03:15;17.55
4-04-2022 03:30;17.53
4-04-2022 03:45;17.43
4-04-2022 04:00;17.38
4-04-2022 04:15;17.32
4-04-2022 04:30;17.2
4-04-2022 04:45;17.27
4-04-2022 05:00;18.28
4-04-2022 05:15;17.24
4-04-2022 05:30;16.24
4-04-2022 05:45;16.05
4-04-2022 06:00;15.69
4-04-2022 06:15;15.41
4-04-2022 06:30;15.8
4-04-2022 06:45;15.72
4-04-2022 07:00;15.52
4-04-2022 07:15;15.19
4-04-2022 07:30;14.93
4-04-2022 07:45;14.39
4-04-2022 08:00;14.04
4-04-2022 08:15;14.02
4-04-2022 08:30;13.45
4-04-2022 08:45;13.22
4-04-2022 09:00;13.08
4-04-2022 09:15;12.89
4-04-2022 09:30;12.76
4-04-2022 09:45;12.89
4-04-2022 10:00;13.05
4-04-2022 10:15;13.13
4-04-2022 10:30;13.24
4-04-2022 10:45;14.34
4-04-2022 11:00;14.82
4-04-2022 11:15;14.69
4-04-2022 11:30;14.78
4-04-2022 11:45;14.88
4-04-2022 12:00;14.92
4-04-2022 12:15;15.11
4-04-2022 12:30;15.54
4-04-2022 12:45;15.67
4-04-2022 13:00;15.76
4-04-2022 13:15;15.88
4-04-2022 13:30;16.06
4-04-2022 13:45;16.29
4-04-2022 14:00;16.61
4-04-2022 14:15;16.83
4-04-2022 14:30;16.9
4-04-2022 14:45;17.04
4-04-2022 15:00;17.17
4-04-2022 15:15;17.29
4-04-2022 15:30;17.48
4-04-2022 15:45;17.41
4-04-2022 16:00;17.05
4-04-2022 16:15;16.73
4-04-2022 16:30;16.63
4-04-2022 16:45;16.68
4-04-2022 17:00;16.65
4-04-2022 17:15;17.01
4-04-2022 17:30;16.39
4-04-2022 17:45;15.29
4-04-2022 18:00;15.58
4-04-2022 18:15;15.58
4-04-2022 18:30;15.61
4-04-2022 18:45;15.29
4-04-2022 19:00;15.22
4-04-2022 19:15;15.27
4-04-2022 19:30;15.22
4-04-2022 19:45;15.19
4-04-2022 20:00;15.24
4-04-2022 20:15;15.26
4-04-2022 20:30;15.3
4-04-2022 20:45;15.33
4-04-2022 21:00;15.32
4-04-2022 21:15;15.6
4-04-2022 21:30;15.6
4-04-2022 21:45;15.68
4-04-2022 22:00;15.87
4-04-2022 22:15;15.99
4-04-2022 22:30;15.96
4-04-2022 22:45;16.21
4-04-2022 23:00;16.68
4-04-2022 23:15;17.95
4-04-2022 23:30;16.65
4-04-2022 23:45;16.87
5-04-2022 00:00;16.83
5-04-2022 00:15;16.93
5-04-2022 00:30;16.96
5-04-2022 00:45;16.97
5-04-2022 01:00;16.96
5-04-2022 01:15;16.93
5-04-2022 01:30;16.92
5-04-2022 01:45;16.86
5-04-2022 02:00;16.81
5-04-2022 02:15;16.59
5-04-2022 02:30;16.58
5-04-2022 02:45;16.54
5-04-2022 03:00;16.71
5-04-2022 03:15;17.06
5-04-2022 03:30;17.09
5-04-2022 03:45;17.03
5-04-2022 04:00;17.05
5-04-2022 04:15;16.92
5-04-2022 04:30;16.75
5-04-2022 04:45;16.56
5-04-2022 05:00;16.38
5-04-2022 05:15;16.1
5-04-2022 05:30;16.49
5-04-2022 05:45;17.91
5-04-2022 06:00;16.34
5-04-2022 06:15;15.74
5-04-2022 06:30;15.6
5-04-2022 06:45;15.46
5-04-2022 07:00;15.13
5-04-2022 07:15;15.07
5-04-2022 07:30;14.7
5-04-2022 07:45;14.57
5-04-2022 08:00;14.27
5-04-2022 08:15;14.06
5-04-2022 08:30;13.86
5-04-2022 08:45;13.92
5-04-2022 09:00;13.64
5-04-2022 09:15;13.63
5-04-2022 09:30;13.92
5-04-2022 09:45;13.5
5-04-2022 10:00;13.62
5-04-2022 10:15;13.58
5-04-2022 10:30;13.68
5-04-2022 10:45;13.83
5-04-2022 11:00;14.21
5-04-2022 11:15;14.41
5-04-2022 11:30;14.73
5-04-2022 11:45;15.15
5-04-2022 12:00;17.15
5-04-2022 12:15;16.9
5-04-2022 12:30;16.87
5-04-2022 12:45;16.99
5-04-2022 13:00;17.19
5-04-2022 13:15;17.46
5-04-2022 13:30;16.92
5-04-2022 13:45;17.04
5-04-2022 14:00;17.23
5-04-2022 14:15;17.69
5-04-2022 14:30;17.69
5-04-2022 14:45;17.63
5-04-2022 15:00;17.7
5-04-2022 15:15;17.79
5-04-2022 15:30;17.32
5-04-2022 15:45;16.31
5-04-2022 16:00;15.71
5-04-2022 16:15;15.57
5-04-2022 16:30;15.45
5-04-2022 16:45;15.21
5-04-2022 17:00;14.92
5-04-2022 17:15;14.96
5-04-2022 17:30;15.08
5-04-2022 17:45;14.99
5-04-2022 18:00;15.63
5-04-2022 18:15;14.13
5-04-2022 18:30;14.33
5-04-2022 18:45;14.44
5-04-2022 19:00;14.48
5-04-2022 19:15;14.43
5-04-2022 19:30;14.5
5-04-2022 19:45;14.54
5-04-2022 20:00;14.65
5-04-2022 20:15;15.23
5-04-2022 20:30;15.5
5-04-2022 20:45;15.65
5-04-2022 21:00;15.74
5-04-2022 21:15;15.87
5-04-2022 21:30;15.94
5-04-2022 21:45;16.03
5-04-2022 22:00;16.07
5-04-2022 22:15;16.2
5-04-2022 22:30;16.32
5-04-2022 22:45;16.48
5-04-2022 23:00;16.5
5-04-2022 23:15;16.61
5-04-2022 23:30;16.66
5-04-2022 23:45;16.72
6-04-2022 00:00;16.89
6-04-2022 00:15;18.27
6-04-2022 00:30;17.41
6-04-2022 00:45;17.1
6-04-2022 01:00;17.15
6-04-2022 01:15;17.27
6-04-2022 01:30;17.35
6-04-2022 01:45;17.15
6-04-2022 02:00;17.27
6-04-2022 02:15;17.19
6-04-2022 02:30;17.6
6-04-2022 02:45;17.93
6-04-2022 03:00;17.77
6-04-2022 03:15;17.54
6-04-2022 03:30;17.19
6-04-2022 03:45;16.94
6-04-2022 04:00;16.55
6-04-2022 04:15;16.58
6-04-2022 04:30;16.46
6-04-2022 04:45;16.37
6-04-2022 05:00;16.4
6-04-2022 05:15;16.31
6-04-2022 05:30;16.34
6-04-2022 05:45;16.52
6-04-2022 06:00;16.42
6-04-2022 06:15;17.1
6-04-2022 06:30;15.88
6-04-2022 06:45;14.82
6-04-2022 07:00;14.76
6-04-2022 07:15;14.63
6-04-2022 07:30;13.96
6-04-2022 07:45;14.1
6-04-2022 08:00;12.86
6-04-2022 08:15;13.35
6-04-2022 08:30;13.31
6-04-2022 08:45;13.43
6-04-2022 09:00;13.43
6-04-2022 09:15;13.65
6-04-2022 09:30;13.79
6-04-2022 09:45;13.87
6-04-2022 10:00;14.05
6-04-2022 10:15;14.11
6-04-2022 10:30;14.22
6-04-2022 10:45;14.41
6-04-2022 11:00;14.82
6-04-2022 11:15;16.94
6-04-2022 11:30;15.92
6-04-2022 11:45;15.96
6-04-2022 12:00;14.54
6-04-2022 12:15;14.89
6-04-2022 12:30;14.65
6-04-2022 12:45;14.6
6-04-2022 13:00;14.53
6-04-2022 13:15;14.58
6-04-2022 13:30;14.71
6-04-2022 13:45;14.8
6-04-2022 14:00;14.9
6-04-2022 14:15;14.78
6-04-2022 14:30;14.99
6-04-2022 14:45;15
6-04-2022 15:00;15.02
6-04-2022 15:15;14.99
6-04-2022 15:30;14.98
6-04-2022 15:45;14.97
6-04-2022 16:00;14.8
6-04-2022 16:15;14.89
6-04-2022 16:30;14.99
6-04-2022 16:45;15.11
6-04-2022 17:00;15
6-04-2022 17:15;15.01
6-04-2022 17:30;15.06
6-04-2022 17:45;15.14
6-04-2022 18:00;15.06
6-04-2022 18:15;15.07
6-04-2022 18:30;15.21
6-04-2022 18:45;15.21
6-04-2022 19:00;15.22
6-04-2022 19:15;15.2
6-04-2022 19:30;15.35
6-04-2022 19:45;15.44
6-04-2022 20:00;15.38
6-04-2022 20:15;15.49
6-04-2022 20:30;15.47
6-04-2022 20:45;15.42
6-04-2022 21:00;15.09
6-04-2022 21:15;15.05
6-04-2022 21:30;14.89
6-04-2022 21:45;14.86
6-04-2022 22:00;14.85
6-04-2022 22:15;14.91
6-04-2022 22:30;14.9
6-04-2022 22:45;14.93
6-04-2022 23:00;15.1
6-04-2022 23:15;15.48
6-04-2022 23:30;16.61
6-04-2022 23:45;17.08
7-04-2022 00:00;16.56
7-04-2022 00:15;16.48
7-04-2022 00:30;16.88
7-04-2022 00:45;16.89
7-04-2022 01:00;16.99
7-04-2022 01:15;17.16
7-04-2022 01:30;17.17
7-04-2022 01:45;17.41
7-04-2022 02:00;17.19
7-04-2022 02:15;17.35
7-04-2022 02:30;17.19
7-04-2022 02:45;17.27
7-04-2022 03:00;16.89
7-04-2022 03:15;16.72
7-04-2022 03:30;16.67
7-04-2022 03:45;16.38
7-04-2022 04:00;16.4
7-04-2022 04:15;15.94
7-04-2022 04:30;15.91
7-04-2022 04:45;15.53
7-04-2022 05:00;15.46
7-04-2022 05:15;15.53
7-04-2022 05:30;15.87
7-04-2022 05:45;15.68
7-04-2022 06:00;15.66
7-04-2022 06:15;15.75
7-04-2022 06:30;15.56
7-04-2022 06:45;15.88
7-04-2022 07:00;15.83
7-04-2022 07:15;15.82
7-04-2022 07:30;15.65
7-04-2022 07:45;14.81
7-04-2022 08:00;14.32
7-04-2022 08:15;15.6
7-04-2022 08:30;15.36
7-04-2022 08:45;15.66
7-04-2022 09:00;16.01
7-04-2022 09:15;16.06
7-04-2022 09:30;16.26
7-04-2022 09:45;15.96
7-04-2022 10:00;16.7
7-04-2022 10:15;16.34
7-04-2022 10:30;16.65
7-04-2022 10:45;16.32
7-04-2022 11:00;16.92
7-04-2022 11:15;17.49
7-04-2022 11:30;17.77
7-04-2022 11:45;18.07
7-04-2022 12:00;17.84
7-04-2022 12:15;17.73
7-04-2022 12:30;17.48
7-04-2022 12:45;18.07
7-04-2022 13:00;17.5
7-04-2022 13:15;15.99
7-04-2022 13:30;16.13
7-04-2022 13:45;16.94
7-04-2022 14:00;17.31
7-04-2022 14:15;17.78
7-04-2022 14:30;17.96
7-04-2022 14:45;18.4
7-04-2022 15:00;16.95
7-04-2022 15:15;16.38
7-04-2022 15:30;17.57
7-04-2022 15:45;18.05
7-04-2022 16:00;18.24
7-04-2022 16:15;18.08
7-04-2022 16:30;18.57
7-04-2022 16:45;18.3
7-04-2022 17:00;18.42
7-04-2022 17:15;18.39
7-04-2022 17:30;19.1
7-04-2022 17:45;18.39
7-04-2022 18:00;18.51
7-04-2022 18:15;18.35
7-04-2022 18:30;18.64
7-04-2022 18:45;18.31
7-04-2022 19:00;16.58
7-04-2022 19:15;16.86
7-04-2022 19:30;16.53
7-04-2022 19:45;17.06
7-04-2022 20:00;16.96
7-04-2022 20:15;17.46
7-04-2022 20:30;17.24
7-04-2022 20:45;17.36
7-04-2022 21:00;17.44
7-04-2022 21:15;17.55
7-04-2022 21:30;17.66
7-04-2022 21:45;17.71
7-04-2022 22:00;17.67
7-04-2022 22:15;17.82
7-04-2022 22:30;17.7
7-04-2022 22:45;17.73
7-04-2022 23:00;17.87
7-04-2022 23:15;18.27
7-04-2022 23:30;18.72
7-04-2022 23:45;18.87
8-04-2022 00:00;18.93
8-04-2022 00:15;19.66
8-04-2022 00:30;19.86
8-04-2022 00:45;19.81
8-04-2022 01:00;19.59
8-04-2022 01:15;20.22
8-04-2022 01:30;19.9
8-04-2022 01:45;20.11
8-04-2022 02:00;19.9
8-04-2022 02:15;19.56
8-04-2022 02:30;19.62
8-04-2022 02:45;19.44
8-04-2022 03:00;19.11
8-04-2022 03:15;18.97
8-04-2022 03:30;19.06
8-04-2022 03:45;20.48
8-04-2022 04:00;19.91
8-04-2022 04:15;18.85
8-04-2022 04:30;19.49
8-04-2022 04:45;19.52
8-04-2022 05:00;18.9
8-04-2022 05:15;18.61
8-04-2022 05:30;18.65
8-04-2022 05:45;18.36
8-04-2022 06:00;18.6
8-04-2022 06:15;19.26
8-04-2022 06:30;19.7
8-04-2022 06:45;19.52
8-04-2022 07:00;18.95
8-04-2022 07:15;18.6
8-04-2022 07:30;18.42
8-04-2022 07:45;18.17
8-04-2022 08:00;18.59
8-04-2022 08:15;18.35
8-04-2022 08:30;18.3
8-04-2022 08:45;18.41
8-04-2022 09:00;18.29
8-04-2022 09:15;17.11
8-04-2022 09:30;18.06
8-04-2022 09:45;18.24
8-04-2022 10:00;19.51
8-04-2022 10:15;20.13
8-04-2022 10:30;21.87
8-04-2022 10:45;22.32
8-04-2022 11:00;24.87
8-04-2022 11:15;28.48
8-04-2022 11:30;32.96
8-04-2022 11:45;34.88
8-04-2022 12:00;37.78
8-04-2022 12:15;41.24
8-04-2022 12:30;45.15
8-04-2022 12:45;46.05
8-04-2022 13:00;46.1
8-04-2022 13:15;46.07
8-04-2022 13:30;45.4
8-04-2022 13:45;44.2
8-04-2022 14:00;43.8
8-04-2022 14:15;43.37
8-04-2022 14:30;44.8
8-04-2022 14:45;45.51
8-04-2022 15:00;46.5
8-04-2022 15:15;45.76
8-04-2022 15:30;46.11
8-04-2022 15:45;46.88
8-04-2022 16:00;47.6
8-04-2022 16:15;48.04
8-04-2022 16:30;47.4
8-04-2022 16:45;46.43
8-04-2022 17:00;46.46
8-04-2022 17:15;45.37
8-04-2022 17:30;45.61
8-04-2022 17:45;46.42
8-04-2022 18:00;45.68
8-04-2022 18:15;46.35
8-04-2022 18:30;46.81
8-04-2022 18:45;46.61
8-04-2022 19:00;46.28
8-04-2022 19:15;46.87
8-04-2022 19:30;46.84
8-04-2022 19:45;46.45
8-04-2022 20:00;46
8-04-2022 20:15;45.76
8-04-2022 20:30;46.15
8-04-2022 20:45;46.17
8-04-2022 21:00;47.26
8-04-2022 21:15;47.13
8-04-2022 21:30;47.19
8-04-2022 21:45;47.12
8-04-2022 22:00;47.22
8-04-2022 22:15;47.06
8-04-2022 22:30;47.58
8-04-2022 22:45;47.35
8-04-2022 23:00;47.33
8-04-2022 23:15;47.16
8-04-2022 23:30;46.67
8-04-2022 23:45;46.44
9-04-2022 00:00;45.96
9-04-2022 00:15;44.85
9-04-2022 00:30;45.24
9-04-2022 00:45;45.45
9-04-2022 01:00;45.38
9-04-2022 01:15;44.88
9-04-2022 01:30;44.55
9-04-2022 01:45;44.49
9-04-2022 02:00;43.95
9-04-2022 02:15;43.49
9-04-2022 02:30;43.24
9-04-2022 02:45;43.01
9-04-2022 03:00;42.62
9-04-2022 03:15;42.23
9-04-2022 03:30;41.71
9-04-2022 03:45;41.48
9-04-2022 04:00;39.97
9-04-2022 04:15;39.33
9-04-2022 04:30;37.94
9-04-2022 04:45;37.72
9-04-2022 05:00;37.45
9-04-2022 05:15;36.7
9-04-2022 05:30;35.99
9-04-2022 05:45;36.25
9-04-2022 06:00;36.01
9-04-2022 06:15;35.61
9-04-2022 06:30;35.69
9-04-2022 06:45;35.8
9-04-2022 07:00;35.64
9-04-2022 07:15;35.23
9-04-2022 07:30;35.21
9-04-2022 07:45;35.65
9-04-2022 08:00;35.8
9-04-2022 08:15;35.91
9-04-2022 08:30;36.3
9-04-2022 08:45;36.58
9-04-2022 09:00;37.01
9-04-2022 09:15;37.21
9-04-2022 09:30;37.28
9-04-2022 09:45;37.39
9-04-2022 10:00;37.25
9-04-2022 10:15;37.01
9-04-2022 10:30;37
9-04-2022 10:45;36.8
9-04-2022 11:00;36.61
9-04-2022 11:15;36.24
9-04-2022 11:30;36.32
9-04-2022 11:45;36.2
9-04-2022 12:00;35.92
9-04-2022 12:15;35.73
9-04-2022 12:30;35.46
9-04-2022 12:45;35.17
9-04-2022 13:00;35
9-04-2022 13:15;34.95
9-04-2022 13:30;34.76
9-04-2022 13:45;34.25
9-04-2022 14:00;33.96
9-04-2022 14:15;34.03
9-04-2022 14:30;33.62
9-04-2022 14:45;33.65
9-04-2022 15:00;33.16
9-04-2022 15:15;32.83
9-04-2022 15:30;32.9
9-04-2022 15:45;32.78
9-04-2022 16:00;32.61
9-04-2022 16:15;32.01
9-04-2022 16:30;31.05
9-04-2022 16:45;30.99
9-04-2022 17:00;30.47
9-04-2022 17:15;30.17
9-04-2022 17:30;29.98
9-04-2022 17:45;29.29
9-04-2022 18:00;27.92
9-04-2022 18:15;27.58
9-04-2022 18:30;25.21
9-04-2022 18:45;24.85
9-04-2022 19:00;24.69
9-04-2022 19:15;24.63
9-04-2022 19:30;23.01
9-04-2022 19:45;23.38
9-04-2022 20:00;22.87
9-04-2022 20:15;22.91
9-04-2022 20:30;21.62
9-04-2022 20:45;20.91
9-04-2022 21:00;21.32
9-04-2022 21:15;21.15
9-04-2022 21:30;20.95
9-04-2022 21:45;21.4
9-04-2022 22:00;21.78
9-04-2022 22:15;22.04
9-04-2022 22:30;21.2
9-04-2022 22:45;19.45
9-04-2022 23:00;18.25
9-04-2022 23:15;19
9-04-2022 23:30;19.11
9-04-2022 23:45;17.94
10-04-2022 00:00;18.06
10-04-2022 00:15;17.24
10-04-2022 00:30;17.72
10-04-2022 00:45;16.61
10-04-2022 01:00;16.69
10-04-2022 01:15;16.98
10-04-2022 01:30;17.4
10-04-2022 01:45;18.01
10-04-2022 02:00;18.08
10-04-2022 02:15;18.2
10-04-2022 02:30;18.15
10-04-2022 02:45;18.2
10-04-2022 03:00;18.21
10-04-2022 03:15;18.02
10-04-2022 03:30;18.04
10-04-2022 03:45;17.97
10-04-2022 04:00;17.77
10-04-2022 04:15;17.53
10-04-2022 04:30;17.63
10-04-2022 04:45;17.79
10-04-2022 05:00;18.05
10-04-2022 05:15;18.75
10-04-2022 05:30;18.67
10-04-2022 05:45;18.28
10-04-2022 06:00;18.38
10-04-2022 06:15;18.49
10-04-2022 06:30;19.76
10-04-2022 06:45;21.27
10-04-2022 07:00;20.81
10-04-2022 07:15;21.31
10-04-2022 07:30;21.24
10-04-2022 07:45;20.79
10-04-2022 08:00;20.04
10-04-2022 08:15;19.2
10-04-2022 08:30;18.5
10-04-2022 08:45;19.01
10-04-2022 09:00;17.29
10-04-2022 09:15;17.25
10-04-2022 09:30;17.11
10-04-2022 09:45;17.13
10-04-2022 10:00;15.44
10-04-2022 10:15;15.05
10-04-2022 10:30;15.21
10-04-2022 10:45;15.12
10-04-2022 11:00;15.17
10-04-2022 11:15;15.06
10-04-2022 11:30;15.08
10-04-2022 11:45;15.18
10-04-2022 12:00;14.86
10-04-2022 12:15;14.51
10-04-2022 12:30;14.6
10-04-2022 12:45;14.67
10-04-2022 13:00;14.75
10-04-2022 13:15;15.05
10-04-2022 13:30;15.23
10-04-2022 13:45;15.55
10-04-2022 14:00;15.88
10-04-2022 14:15;16.29
10-04-2022 14:30;16.62
10-04-2022 14:45;16.85
10-04-2022 15:00;16.93
10-04-2022 15:15;17.11
10-04-2022 15:30;17.18
10-04-2022 15:45;17.27
10-04-2022 16:00;17.35
10-04-2022 16:15;17.59
10-04-2022 16:30;17.65
10-04-2022 16:45;18.19
10-04-2022 17:00;18.26
10-04-2022 17:15;18.37
10-04-2022 17:30;19.03
10-04-2022 17:45;19.16
10-04-2022 18:00;19.25
10-04-2022 18:15;19.54
10-04-2022 18:30;20.46
10-04-2022 18:45;20.51
10-04-2022 19:00;21.04
10-04-2022 19:15;20.03
10-04-2022 19:30;19.84
10-04-2022 19:45;19.73
10-04-2022 20:00;19.16
10-04-2022 20:15;19.32
10-04-2022 20:30;19.07
10-04-2022 20:45;18.95
10-04-2022 21:00;18.71
10-04-2022 21:15;18.16
10-04-2022 21:30;18.07
10-04-2022 21:45;18.13
10-04-2022 22:00;18.15
10-04-2022 22:15;18.17
10-04-2022 22:30;18.11
10-04-2022 22:45;18.16
10-04-2022 23:00;17.39
10-04-2022 23:15;16.42
10-04-2022 23:30;16.01
10-04-2022 23:45;16.01
11-04-2022 00:00;16.57
11-04-2022 00:15;16.96
11-04-2022 00:30;16.49
11-04-2022 00:45;16.11
11-04-2022 01:00;16
11-04-2022 01:15;16.24
11-04-2022 01:30;16.49
11-04-2022 01:45;16.6
11-04-2022 02:00;16.62
11-04-2022 02:15;16.7
11-04-2022 02:30;16.73
11-04-2022 02:45;16.71
11-04-2022 03:00;16.7
11-04-2022 03:15;16.67
11-04-2022 03:30;16.58
11-04-2022 03:45;16.53
11-04-2022 04:00;16.39
11-04-2022 04:15;16.31
11-04-2022 04:30;16.12
11-04-2022 04:45;15.97
11-04-2022 05:00;16.12
11-04-2022 05:15;16.12
11-04-2022 05:30;16
11-04-2022 05:45;16.33
11-04-2022 06:00;16.66
11-04-2022 06:15;16.93
11-04-2022 06:30;17.16
11-04-2022 06:45;17.3
11-04-2022 07:00;16.93
11-04-2022 07:15;16.71
11-04-2022 07:30;17.37
11-04-2022 07:45;16.8
11-04-2022 08:00;16.47
11-04-2022 08:15;16.22
11-04-2022 08:30;16.26
11-04-2022 08:45;16.14
11-04-2022 09:00;15.91
11-04-2022 09:15;15.79
11-04-2022 09:30;15.69
11-04-2022 09:45;15.52
11-04-2022 10:00;15.57
11-04-2022 10:15;15.54
11-04-2022 10:30;16.32
11-04-2022 10:45;16.95
11-04-2022 11:00;17.03
11-04-2022 11:15;17.42
11-04-2022 11:30;17.45
11-04-2022 11:45;17.61
11-04-2022 12:00;17.71
11-04-2022 12:15;17.93
11-04-2022 12:30;18.44
11-04-2022 12:45;18.32
11-04-2022 13:00;17.73
11-04-2022 13:15;17.89
11-04-2022 13:30;18.09
11-04-2022 13:45;18.24
11-04-2022 14:00;18.42
11-04-2022 14:15;18.57
11-04-2022 14:30;18.37
11-04-2022 14:45;19.41
11-04-2022 15:00;19.43
11-04-2022 15:15;19.21
11-04-2022 15:30;19.31
11-04-2022 15:45;18.88
11-04-2022 16:00;18.91
11-04-2022 16:15;18.91
11-04-2022 16:30;19.05
11-04-2022 16:45;18.96
11-04-2022 17:00;19.01
11-04-2022 17:15;18.91
11-04-2022 17:30;19.03
11-04-2022 17:45;18.94
11-04-2022 18:00;19.03
11-04-2022 18:15;18.9
11-04-2022 18:30;18.8
11-04-2022 18:45;18.76
11-04-2022 19:00;18.58
11-04-2022 19:15;18.49
11-04-2022 19:30;18.3
11-04-2022 19:45;18.63
11-04-2022 20:00;18.12
11-04-2022 20:15;17.46
11-04-2022 20:30;16.72
11-04-2022 20:45;16.7
11-04-2022 21:00;17.16
11-04-2022 21:15;17.02
11-04-2022 21:30;16.31
11-04-2022 21:45;16.94
11-04-2022 22:00;16.28
11-04-2022 22:15;16.43
11-04-2022 22:30;16.57
11-04-2022 22:45;16.81
11-04-2022 23:00;16.92
11-04-2022 23:15;16.96
11-04-2022 23:30;17.01
11-04-2022 23:45;17.12
12-04-2022 00:00;17.36
12-04-2022 00:15;17.17
12-04-2022 00:30;17.1
12-04-2022 00:45;17.2
12-04-2022 01:00;17.22
12-04-2022 01:15;17.34
12-04-2022 01:30;17.54
12-04-2022 01:45;17.51
12-04-2022 02:00;16.9
12-04-2022 02:15;15.82
12-04-2022 02:30;15.76
12-04-2022 02:45;15.95
12-04-2022 03:00;15.8
12-04-2022 03:15;15.56
12-04-2022 03:30;15.35
12-04-2022 03:45;15.32
12-04-2022 04:00;15.26
12-04-2022 04:15;15.05
12-04-2022 04:30;14.76
12-04-2022 04:45;14.72
12-04-2022 05:00;14.62
12-04-2022 05:15;14.56
12-04-2022 05:30;14.57
12-04-2022 05:45;14.56
12-04-2022 06:00;14.57
12-04-2022 06:15;14.6
12-04-2022 06:30;14.68
12-04-2022 06:45;14.59
12-04-2022 07:00;14.64
12-04-2022 07:15;16.01
12-04-2022 07:30;15.08
12-04-2022 07:45;15.58
12-04-2022 08:00;15.71
12-04-2022 08:15;15.5
12-04-2022 08:30;15.33
12-04-2022 08:45;14.98
12-04-2022 09:00;14.99
12-04-2022 09:15;14.82
12-04-2022 09:30;15.3
12-04-2022 09:45;16.1
12-04-2022 10:00;15.65
12-04-2022 10:15;15.49
12-04-2022 10:30;15.29
12-04-2022 10:45;14.76
12-04-2022 11:00;14.39
12-04-2022 11:15;13.24
12-04-2022 11:30;13.58
12-04-2022 11:45;13.7
12-04-2022 12:00;13.94
12-04-2022 12:15;14.49
12-04-2022 12:30;14.22
12-04-2022 12:45;14.48
12-04-2022 13:00;14.45
12-04-2022 13:15;14.9
12-04-2022 13:30;15.03
12-04-2022 13:45;15.28
12-04-2022 14:00;15.77
12-04-2022 14:15;15.9
12-04-2022 14:30;15.93
12-04-2022 14:45;16.11
12-04-2022 15:00;16.33
12-04-2022 15:15;16.48
12-04-2022 15:30;16.64
12-04-2022 15:45;16.53
12-04-2022 16:00;16.86
12-04-2022 16:15;16.87
12-04-2022 16:30;16.86
12-04-2022 16:45;16.46
12-04-2022 17:00;16.35
12-04-2022 17:15;16.53
12-04-2022 17:30;16.4
12-04-2022 17:45;16.36
12-04-2022 18:00;16.32
12-04-2022 18:15;16.48
12-04-2022 18:30;16.36
12-04-2022 18:45;16.33
12-04-2022 19:00;16.38
12-04-2022 19:15;16.27
12-04-2022 19:30;16.32
12-04-2022 19:45;16.39
12-04-2022 20:00;16.28
12-04-2022 20:15;16.35
12-04-2022 20:30;16.4
12-04-2022 20:45;16.3
12-04-2022 21:00;16.39
12-04-2022 21:15;16.58
12-04-2022 21:30;16.5
12-04-2022 21:45;16.47
12-04-2022 22:00;16.59
12-04-2022 22:15;16.64
12-04-2022 22:30;17.13
12-04-2022 22:45;17.05
12-04-2022 23:00;16.63
12-04-2022 23:15;16.89
12-04-2022 23:30;17.22
12-04-2022 23:45;17.25
13-04-2022 00:00;17.21
13-04-2022 00:15;17.23
13-04-2022 00:30;17.26
13-04-2022 00:45;17.41
13-04-2022 01:00;17.51
13-04-2022 01:15;17.59
13-04-2022 01:30;17.61
13-04-2022 01:45;17.53
13-04-2022 02:00;17.72
13-04-2022 02:15;17.76
13-04-2022 02:30;17.89
13-04-2022 02:45;17.97
13-04-2022 03:00;17.89
13-04-2022 03:15;17.59
13-04-2022 03:30;17.86
13-04-2022 03:45;17.87
13-04-2022 04:00;17.94
13-04-2022 04:15;17.75
13-04-2022 04:30;17.73
13-04-2022 04:45;17.79
13-04-2022 05:00;17.74
13-04-2022 05:15;17.87
13-04-2022 05:30;17.75
13-04-2022 05:45;17.69
13-04-2022 06:00;17.64
13-04-2022 06:15;17.56
13-04-2022 06:30;17.77
13-04-2022 06:45;18.04
13-04-2022 07:00;17.7
13-04-2022 07:15;17.69
13-04-2022 07:30;17.92
13-04-2022 07:45;19.28
13-04-2022 08:00;19.16
13-04-2022 08:15;19.23
13-04-2022 08:30;19.98
13-04-2022 08:45;20.89
13-04-2022 09:00;22.34
13-04-2022 09:15;22.02
13-04-2022 09:30;22.7
13-04-2022 09:45;24.61
13-04-2022 10:00;24.94
13-04-2022 10:15;26.17
13-04-2022 10:30;27.55
13-04-2022 10:45;28.74
13-04-2022 11:00;31.74
13-04-2022 11:15;31.02
13-04-2022 11:30;35.68
13-04-2022 11:45;36.6
13-04-2022 12:00;37.11
13-04-2022 12:15;39.9
13-04-2022 12:30;41.82
13-04-2022 12:45;42.65
13-04-2022 13:00;44.12
13-04-2022 13:15;45.23
13-04-2022 13:30;45.99
13-04-2022 13:45;46.27
13-04-2022 14:00;46.02
13-04-2022 14:15;46.51
13-04-2022 14:30;46.36
13-04-2022 14:45;45.83
13-04-2022 15:00;45.76
13-04-2022 15:15;45.05
13-04-2022 15:30;45.12
13-04-2022 15:45;44.73
13-04-2022 16:00;44.53
13-04-2022 16:15;44.09
13-04-2022 16:30;43.81
13-04-2022 16:45;43.28
13-04-2022 17:00;42.76
13-04-2022 17:15;42.13
13-04-2022 17:30;41.73
13-04-2022 17:45;41.16
13-04-2022 18:00;40.81
13-04-2022 18:15;39.83
13-04-2022 18:30;39.61
13-04-2022 18:45;39.06
13-04-2022 19:00;38.19
13-04-2022 19:15;35.2
13-04-2022 19:30;34.86
13-04-2022 19:45;34.2
13-04-2022 20:00;33.43
13-04-2022 20:15;32.8
13-04-2022 20:30;31.64
13-04-2022 20:45;31.33
13-04-2022 21:00;30.26
13-04-2022 21:15;28.71
13-04-2022 21:30;26.5
13-04-2022 21:45;26.28
13-04-2022 22:00;25.91
13-04-2022 22:15;25.96
13-04-2022 22:30;24.62
13-04-2022 22:45;21.04
13-04-2022 23:00;20.93
13-04-2022 23:15;20.83
13-04-2022 23:30;20.19
13-04-2022 23:45;20.51
14-04-2022 00:00;20.81
14-04-2022 00:15;20.45
14-04-2022 00:30;20.83
14-04-2022 00:45;20.15
14-04-2022 01:00;19.85
14-04-2022 01:15;20.05
14-04-2022 01:30;19.81
14-04-2022 01:45;19.95
14-04-2022 02:00;19.79
14-04-2022 02:15;19.73
14-04-2022 02:30;19.53
14-04-2022 02:45;19.35
14-04-2022 03:00;19.21
14-04-2022 03:15;18.94
14-04-2022 03:30;18.69
14-04-2022 03:45;18.48
14-04-2022 04:00;17.96
14-04-2022 04:15;17.67
14-04-2022 04:30;17.74
14-04-2022 04:45;16.64
14-04-2022 05:00;15.55
14-04-2022 05:15;15.5
14-04-2022 05:30;15.29
14-04-2022 05:45;14.62
14-04-2022 06:00;14.3
14-04-2022 06:15;13.7
14-04-2022 06:30;13.28
14-04-2022 06:45;12.66
14-04-2022 07:00;12.06
14-04-2022 07:15;9.84
14-04-2022 07:30;10.74
14-04-2022 07:45;8.27
14-04-2022 08:00;9.61
14-04-2022 08:15;10.21
14-04-2022 08:30;10.35
14-04-2022 08:45;10.35
14-04-2022 09:00;10.69
14-04-2022 09:15;10.79
14-04-2022 09:30;10.9
14-04-2022 09:45;10.96
14-04-2022 10:00;11.09
14-04-2022 10:15;11.26
14-04-2022 10:30;11.67
14-04-2022 10:45;12.09
14-04-2022 11:00;11.97
14-04-2022 11:15;12.17
14-04-2022 11:30;12.4
14-04-2022 11:45;12.8
14-04-2022 12:00;13.67
14-04-2022 12:15;15.84
14-04-2022 12:30;15.72
14-04-2022 12:45;17.58
14-04-2022 13:00;17.82
14-04-2022 13:15;17.29
14-04-2022 13:30;17.38
14-04-2022 13:45;19.3
14-04-2022 14:00;19.38
14-04-2022 14:15;19.46
14-04-2022 14:30;19.63
14-04-2022 14:45;20.64
14-04-2022 15:00;19.93
14-04-2022 15:15;19.29
14-04-2022 15:30;18.02
14-04-2022 15:45;15.99
14-04-2022 16:00;15.64
14-04-2022 16:15;15.16
14-04-2022 16:30;15.81
14-04-2022 16:45;16.53
14-04-2022 17:00;13.75
14-04-2022 17:15;13.98
14-04-2022 17:30;14.05
14-04-2022 17:45;14.74
14-04-2022 18:00;15.38
14-04-2022 18:15;15.39
14-04-2022 18:30;15.66
14-04-2022 18:45;16.81
14-04-2022 19:00;16.45
14-04-2022 19:15;16.66
14-04-2022 19:30;16.21
14-04-2022 19:45;15.41
14-04-2022 20:00;15.45
14-04-2022 20:15;14.91
14-04-2022 20:30;14.86
14-04-2022 20:45;15.12
14-04-2022 21:00;14.34
14-04-2022 21:15;14.09
14-04-2022 21:30;14.04
14-04-2022 21:45;14.16
14-04-2022 22:00;14.35
14-04-2022 22:15;14.74
14-04-2022 22:30;14.87
14-04-2022 22:45;15.14
14-04-2022 23:00;15.29
14-04-2022 23:15;15.52
14-04-2022 23:30;15.51
14-04-2022 23:45;15.62
15-04-2022 00:00;15.94
15-04-2022 00:15;16.55
15-04-2022 00:30;16.79
15-04-2022 00:45;16.68
15-04-2022 01:00;16.71
15-04-2022 01:15;16.63
15-04-2022 01:30;16.67
15-04-2022 01:45;16.59
15-04-2022 02:00;16.59
15-04-2022 02:15;16.55
15-04-2022 02:30;16.4
15-04-2022 02:45;16.32
15-04-2022 03:00;16.13
15-04-2022 03:15;16.05
15-04-2022 03:30;15.85
15-04-2022 03:45;15.83
15-04-2022 04:00;15.63
15-04-2022 04:15;15.55
15-04-2022 04:30;15.2
15-04-2022 04:45;15.02
15-04-2022 05:00;14.85
15-04-2022 05:15;14.55
15-04-2022 05:30;14.27
15-04-2022 05:45;14.1
15-04-2022 06:00;13.9
15-04-2022 06:15;14.06
15-04-2022 06:30;14.63
15-04-2022 06:45;14.73
15-04-2022 07:00;15.01
15-04-2022 07:15;15.61
15-04-2022 07:30;15.55
15-04-2022 07:45;15.48
15-04-2022 08:00;15.15
15-04-2022 08:15;14.72
15-04-2022 08:30;14.64
15-04-2022 08:45;14.44
15-04-2022 09:00;14.38
15-04-2022 09:15;14.29
15-04-2022 09:30;14.25
15-04-2022 09:45;14.14
15-04-2022 10:00;14.22
15-04-2022 10:15;14.16
15-04-2022 10:30;15.05
15-04-2022 10:45;14.68
15-04-2022 11:00;14.62
15-04-2022 11:15;14.56
15-04-2022 11:30;14.67
15-04-2022 11:45;14.84
15-04-2022 12:00;15.14
15-04-2022 12:15;15.61
15-04-2022 12:30;15.95
15-04-2022 12:45;16.22
15-04-2022 13:00;16.6
15-04-2022 13:15;17.18
15-04-2022 13:30;17.32
15-04-2022 13:45;17.58
15-04-2022 14:00;17.75
15-04-2022 14:15;17.75
15-04-2022 14:30;17.82
15-04-2022 14:45;17.97
15-04-2022 15:00;18.1
15-04-2022 15:15;18.25
15-04-2022 15:30;19.51
15-04-2022 15:45;18
15-04-2022 16:00;17.07
15-04-2022 16:15;16.41
15-04-2022 16:30;16.16
15-04-2022 16:45;15.86
15-04-2022 17:00;15.45
15-04-2022 17:15;15.59
15-04-2022 17:30;15.42
15-04-2022 17:45;15.5
15-04-2022 18:00;15.28
15-04-2022 18:15;15.22
15-04-2022 18:30;15.08
15-04-2022 18:45;13.44
15-04-2022 19:00;12.97
15-04-2022 19:15;13.11
15-04-2022 19:30;13.22
15-04-2022 19:45;13.21
15-04-2022 20:00;13.6
15-04-2022 20:15;13.75
15-04-2022 20:30;13.84
15-04-2022 20:45;14.18
15-04-2022 21:00;14.31
15-04-2022 21:15;14.38
15-04-2022 21:30;14.28
15-04-2022 21:45;14.41
15-04-2022 22:00;14.46
15-04-2022 22:15;14.69
15-04-2022 22:30;14.69
15-04-2022 22:45;15.33
15-04-2022 23:00;15.17
15-04-2022 23:15;15.09
15-04-2022 23:30;15.26
15-04-2022 23:45;15.25
16-04-2022 00:00;15.26
16-04-2022 00:15;15.24
16-04-2022 00:30;15.69
16-04-2022 00:45;15.98
16-04-2022 01:00;15.89
16-04-2022 01:15;15.95
16-04-2022 01:30;15.86
16-04-2022 01:45;16.14
16-04-2022 02:00;17.41
16-04-2022 02:15;17.43
16-04-2022 02:30;17.07
16-04-2022 02:45;17.02
16-04-2022 03:00;16.79
16-04-2022 03:15;16.92
16-04-2022 03:30;16.73
16-04-2022 03:45;16.84
16-04-2022 04:00;16.09
16-04-2022 04:15;15.55
16-04-2022 04:30;15.47
16-04-2022 04:45;15.25
16-04-2022 05:00;14.94
16-04-2022 05:15;14.74
16-04-2022 05:30;14.49
16-04-2022 05:45;14.58
16-04-2022 06:00;14.36
16-04-2022 06:15;14.16
16-04-2022 06:30;14.03
16-04-2022 06:45;13.97
16-04-2022 07:00;13.6
16-04-2022 07:15;13.14
16-04-2022 07:30;12.82
16-04-2022 07:45;12.64
16-04-2022 08:00;12.95
16-04-2022 08:15;12.84
16-04-2022 08:30;12.52
16-04-2022 08:45;12
16-04-2022 09:00;10.49
16-04-2022 09:15;9.27
16-04-2022 09:30;9.21
16-04-2022 09:45;9.05
16-04-2022 10:00;9.99
16-04-2022 10:15;9.95
16-04-2022 10:30;10.24
16-04-2022 10:45;10.17
16-04-2022 11:00;10.6
16-04-2022 11:15;12.08
16-04-2022 11:30;10.32
16-04-2022 11:45;10.79
16-04-2022 12:00;10.74
16-04-2022 12:15;10.84
16-04-2022 12:30;11.11
16-04-2022 12:45;11.15
16-04-2022 13:00;11.58
16-04-2022 13:15;11.87
16-04-2022 13:30;12.29
16-04-2022 13:45;12.53
16-04-2022 14:00;12.73
16-04-2022 14:15;12.79
16-04-2022 14:30;13.18
16-04-2022 14:45;14.46
16-04-2022 15:00;17.22
16-04-2022 15:15;17.86
16-04-2022 15:30;17.6
16-04-2022 15:45;16.69
16-04-2022 16:00;16.52
16-04-2022 16:15;16.18
16-04-2022 16:30;16.06
16-04-2022 16:45;15.75
16-04-2022 17:00;15.52
16-04-2022 17:15;15.07
16-04-2022 17:30;14.74
16-04-2022 17:45;15.06
16-04-2022 18:00;15.36
16-04-2022 18:15;15.4
16-04-2022 18:30;15.53
16-04-2022 18:45;15.44
16-04-2022 19:00;15.22
16-04-2022 19:15;15.15
16-04-2022 19:30;15.02
16-04-2022 19:45;14.94
16-04-2022 20:00;14.6
16-04-2022 20:15;14.39
16-04-2022 20:30;13.99
16-04-2022 20:45;13.54
16-04-2022 21:00;13.57
16-04-2022 21:15;14.33
16-04-2022 21:30;13.47
16-04-2022 21:45;13.55
16-04-2022 22:00;13.17
16-04-2022 22:15;10.1
16-04-2022 22:30;10.34
16-04-2022 22:45;10.86
16-04-2022 23:00;11.27
16-04-2022 23:15;11.71
16-04-2022 23:30;11.64
16-04-2022 23:45;11.75
17-04-2022 00:00;11.55
17-04-2022 00:15;11.59
17-04-2022 00:30;11.6
17-04-2022 00:45;11.46
17-04-2022 01:00;11.62
17-04-2022 01:15;11.66
17-04-2022 01:30;11.53
17-04-2022 01:45;11.45
17-04-2022 02:00;11.54
17-04-2022 02:15;12.46
17-04-2022 02:30;10.77
17-04-2022 02:45;11.51
17-04-2022 03:00;11.64
17-04-2022 03:15;11.77
17-04-2022 03:30;11.8
17-04-2022 03:45;11.7
17-04-2022 04:00;11.6
17-04-2022 04:15;11.56
17-04-2022 04:30;11.46
17-04-2022 04:45;11.47
17-04-2022 05:00;11.19
17-04-2022 05:15;11.38
17-04-2022 05:30;11.44
17-04-2022 05:45;11.41
17-04-2022 06:00;11.35
17-04-2022 06:15;11.26
17-04-2022 06:30;11.37
17-04-2022 06:45;11.9
17-04-2022 07:00;11.25
17-04-2022 07:15;11.18
17-04-2022 07:30;11.1
17-04-2022 07:45;10.91
17-04-2022 08:00;10.96
17-04-2022 08:15;10.96
17-04-2022 08:30;10.91
17-04-2022 08:45;10.84
17-04-2022 09:00;10.82
17-04-2022 09:15;10.9
17-04-2022 09:30;12.18
17-04-2022 09:45;11.51
17-04-2022 10:00;10.78
17-04-2022 10:15;11.83
17-04-2022 10:30;11.6
17-04-2022 10:45;11.52
17-04-2022 11:00;11.5
17-04-2022 11:15;11.66
17-04-2022 11:30;11.97
17-04-2022 11:45;12.37
17-04-2022 12:00;12.33
17-04-2022 12:15;12.45
17-04-2022 12:30;12.52
17-04-2022 12:45;12.69
17-04-2022 13:00;12.76
17-04-2022 13:15;12.84
17-04-2022 13:30;13.02
17-04-2022 13:45;14.56
17-04-2022 14:00;16.39
17-04-2022 14:15;16.05
17-04-2022 14:30;16.01
17-04-2022 14:45;15.98
17-04-2022 15:00;16.08
17-04-2022 15:15;16.05
17-04-2022 15:30;16.12
17-04-2022 15:45;15.53
17-04-2022 16:00;14.98
17-04-2022 16:15;14.45
17-04-2022 16:30;14.36
17-04-2022 16:45;14.62
17-04-2022 17:00;14.76
17-04-2022 17:15;14.3
17-04-2022 17:30;14.08
17-04-2022 17:45;14.16
17-04-2022 18:00;14.21
17-04-2022 18:15;14.52
17-04-2022 18:30;14.59
17-04-2022 18:45;14.69
17-04-2022 19:00;14.75
17-04-2022 19:15;14.81
17-04-2022 19:30;14.83
17-04-2022 19:45;14.93
17-04-2022 20:00;15.08
17-04-2022 20:15;15.04
17-04-2022 20:30;15.04
17-04-2022 20:45;14.33
17-04-2022 21:00;13.37
17-04-2022 21:15;13.03
17-04-2022 21:30;11.73
17-04-2022 21:45;11.1
17-04-2022 22:00;11.28
17-04-2022 22:15;12.06
17-04-2022 22:30;12.16
17-04-2022 22:45;12.14
17-04-2022 23:00;12.16
17-04-2022 23:15;12.28
17-04-2022 23:30;12.32
17-04-2022 23:45;12.51
18-04-2022 00:00;12.54
18-04-2022 00:15;12.6
18-04-2022 00:30;12.62
18-04-2022 00:45;12.76
18-04-2022 01:00;12.76
18-04-2022 01:15;12.76
18-04-2022 01:30;12.69
18-04-2022 01:45;12.85
18-04-2022 02:00;12.81
18-04-2022 02:15;12.81
18-04-2022 02:30;12.76
18-04-2022 02:45;12.78
18-04-2022 03:00;12.74
18-04-2022 03:15;12.64
18-04-2022 03:30;12.69
18-04-2022 03:45;12.67
18-04-2022 04:00;12.47
18-04-2022 04:15;12.51
18-04-2022 04:30;12.67
18-04-2022 04:45;12.65
18-04-2022 05:00;12.56
18-04-2022 05:15;12.76
18-04-2022 05:30;12.74
18-04-2022 05:45;13.55
18-04-2022 06:00;15.74
18-04-2022 06:15;15
18-04-2022 06:30;14.38
18-04-2022 06:45;14.08
18-04-2022 07:00;14.01
18-04-2022 07:15;13.71
18-04-2022 07:30;13.41
18-04-2022 07:45;13.22
18-04-2022 08:00;13.05
18-04-2022 08:15;12.47
18-04-2022 08:30;10.59
18-04-2022 08:45;11.35
18-04-2022 09:00;11.66
18-04-2022 09:15;12.01
18-04-2022 09:30;11.84
18-04-2022 09:45;11.81
18-04-2022 10:00;12.33
18-04-2022 10:15;12.31
18-04-2022 10:30;12.13
18-04-2022 10:45;12.45
18-04-2022 11:00;14.48
18-04-2022 11:15;14.95
18-04-2022 11:30;14.66
18-04-2022 11:45;14.82
18-04-2022 12:00;15.11
18-04-2022 12:15;15.54
18-04-2022 12:30;17.01
18-04-2022 12:45;17.32
18-04-2022 13:00;16.77
18-04-2022 13:15;16.27
18-04-2022 13:30;15.9
18-04-2022 13:45;15.83
18-04-2022 14:00;15.8
18-04-2022 14:15;15.88
18-04-2022 14:30;15.85
18-04-2022 14:45;15.96
18-04-2022 15:00;16.3
18-04-2022 15:15;16.09
18-04-2022 15:30;16.24
18-04-2022 15:45;16.24
18-04-2022 16:00;16.46
18-04-2022 16:15;16.63
18-04-2022 16:30;16.64
18-04-2022 16:45;16.67
18-04-2022 17:00;16.71
18-04-2022 17:15;16.85
18-04-2022 17:30;16.85
18-04-2022 17:45;16.95
18-04-2022 18:00;17.99
18-04-2022 18:15;18.31
18-04-2022 18:30;17.57
18-04-2022 18:45;17.07
18-04-2022 19:00;16.58
18-04-2022 19:15;16.02
18-04-2022 19:30;15.59
18-04-2022 19:45;15.05
18-04-2022 20:00;15.07
18-04-2022 20:15;14.47
18-04-2022 20:30;14.36
18-04-2022 20:45;13.99
18-04-2022 21:00;13.95
18-04-2022 21:15;13.93
18-04-2022 21:30;13.93
18-04-2022 21:45;14.02
18-04-2022 22:00;13.97
18-04-2022 22:15;14.25
18-04-2022 22:30;14.22
18-04-2022 22:45;14.37
18-04-2022 23:00;14.98
18-04-2022 23:15;14.62
18-04-2022 23:30;14.26
18-04-2022 23:45;14.71
19-04-2022 00:00;14.95
19-04-2022 00:15;14.9
19-04-2022 00:30;15.21
19-04-2022 00:45;15.37
19-04-2022 01:00;15.46
19-04-2022 01:15;15.44
19-04-2022 01:30;15.58
19-04-2022 01:45;15.51
19-04-2022 02:00;15.48
19-04-2022 02:15;15.46
19-04-2022 02:30;15.51
19-04-2022 02:45;15.44
19-04-2022 03:00;15.39
19-04-2022 03:15;15.52
19-04-2022 03:30;15.46
19-04-2022 03:45;15.43
19-04-2022 04:00;15.35
19-04-2022 04:15;15.31
19-04-2022 04:30;15.31
19-04-2022 04:45;15.33
19-04-2022 05:00;15.26
19-04-2022 05:15;15.13
19-04-2022 05:30;15.28
19-04-2022 05:45;15.28
19-04-2022 06:00;15.48
19-04-2022 06:15;15.78
19-04-2022 06:30;16.3
19-04-2022 06:45;15.15
19-04-2022 07:00;15.15
19-04-2022 07:15;14.79
19-04-2022 07:30;14.62
19-04-2022 07:45;13.91
19-04-2022 08:00;10.47
19-04-2022 08:15;9.31
19-04-2022 08:30;9.28
19-04-2022 08:45;9.29
19-04-2022 09:00;10.02
19-04-2022 09:15;10.29
19-04-2022 09:30;10.47
19-04-2022 09:45;10.58
19-04-2022 10:00;10.88
19-04-2022 10:15;11.62
19-04-2022 10:30;11.99
19-04-2022 10:45;12.18
19-04-2022 11:00;12.62
19-04-2022 11:15;13.03
19-04-2022 11:30;16.63
19-04-2022 11:45;17.24
19-04-2022 12:00;18
19-04-2022 12:15;17.11
19-04-2022 12:30;16.05
19-04-2022 12:45;16.12
19-04-2022 13:00;16.39
19-04-2022 13:15;16.22
19-04-2022 13:30;15.59
19-04-2022 13:45;15.07
19-04-2022 14:00;15.22
19-04-2022 14:15;16.52
19-04-2022 14:30;15.67
19-04-2022 14:45;15.84
19-04-2022 15:00;15.78
19-04-2022 15:15;15.9
19-04-2022 15:30;15.81
19-04-2022 15:45;15.78
19-04-2022 16:00;15.91
19-04-2022 16:15;15.8
19-04-2022 16:30;15.82
19-04-2022 16:45;15.77
19-04-2022 17:00;15.85
19-04-2022 17:15;15.88
19-04-2022 17:30;15.87
19-04-2022 17:45;15.51
19-04-2022 18:00;15.29
19-04-2022 18:15;15.24
19-04-2022 18:30;15.19
19-04-2022 18:45;14.9
19-04-2022 19:00;14.49
19-04-2022 19:15;14.34
19-04-2022 19:30;14.22
19-04-2022 19:45;13.71
19-04-2022 20:00;13.31
19-04-2022 20:15;13.13
19-04-2022 20:30;11.43
19-04-2022 20:45;10.51
19-04-2022 21:00;10.58
19-04-2022 21:15;10.92
19-04-2022 21:30;11.37
19-04-2022 21:45;11.32
19-04-2022 22:00;11.42
19-04-2022 22:15;11.64
19-04-2022 22:30;11.77
19-04-2022 22:45;11.82
19-04-2022 23:00;12.09
19-04-2022 23:15;12.65
19-04-2022 23:30;13.39
19-04-2022 23:45;16.77
20-04-2022 00:00;16.76
20-04-2022 00:15;16.26
20-04-2022 00:30;15.81
20-04-2022 00:45;16.19
20-04-2022 01:00;16.02
20-04-2022 01:15;15.91
20-04-2022 01:30;15.9
20-04-2022 01:45;15.85
20-04-2022 02:00;15.86
20-04-2022 02:15;15.6
20-04-2022 02:30;15.42
20-04-2022 02:45;15.57
20-04-2022 03:00;15.5
20-04-2022 03:15;15.36
20-04-2022 03:30;15.17
20-04-2022 03:45;15
20-04-2022 04:00;14.77
20-04-2022 04:15;14.55
20-04-2022 04:30;14.3
20-04-2022 04:45;14.06
20-04-2022 05:00;13.94
20-04-2022 05:15;13.66
20-04-2022 05:30;13.62
20-04-2022 05:45;13.5
20-04-2022 06:00;13.48
20-04-2022 06:15;13.43
20-04-2022 06:30;13.42
20-04-2022 06:45;13.43
20-04-2022 07:00;13.59
20-04-2022 07:15;13.27
20-04-2022 07:30;12.74
20-04-2022 07:45;10.39
20-04-2022 08:00;10.8
20-04-2022 08:15;11.3
20-04-2022 08:30;14.17
20-04-2022 08:45;12.31
20-04-2022 09:00;10.99
20-04-2022 09:15;11.01
20-04-2022 09:30;10.96
20-04-2022 09:45;11.09
20-04-2022 10:00;10.86
20-04-2022 10:15;11.89
20-04-2022 10:30;11.72
20-04-2022 10:45;12.14
20-04-2022 11:00;11.92
20-04-2022 11:15;12.73
20-04-2022 11:30;14.82
20-04-2022 11:45;14.99
20-04-2022 12:00;15.19
20-04-2022 12:15;15.07
20-04-2022 12:30;15.1
20-04-2022 12:45;15.11
20-04-2022 13:00;15.37
20-04-2022 13:15;15.6
20-04-2022 13:30;15.64
20-04-2022 13:45;15.38
20-04-2022 14:00;15.34
20-04-2022 14:15;15.59
20-04-2022 14:30;15.62
20-04-2022 14:45;17.14
20-04-2022 15:00;16.75
20-04-2022 15:15;16.48
20-04-2022 15:30;15.56
20-04-2022 15:45;15.67
20-04-2022 16:00;17.33
20-04-2022 16:15;15.31
20-04-2022 16:30;14.34
20-04-2022 16:45;14.03
20-04-2022 17:00;14.2
20-04-2022 17:15;14.1
20-04-2022 17:30;14.21
20-04-2022 17:45;14.38
20-04-2022 18:00;14.77
20-04-2022 18:15;15.64
20-04-2022 18:30;15.31
20-04-2022 18:45;15.36
20-04-2022 19:00;15.3
20-04-2022 19:15;15.52
20-04-2022 19:30;15.28
20-04-2022 19:45;15.71
20-04-2022 20:00;15.4
20-04-2022 20:15;15.36
20-04-2022 20:30;15.17
20-04-2022 20:45;15.32
20-04-2022 21:00;15.04
20-04-2022 21:15;14.34
20-04-2022 21:30;14.48
20-04-2022 21:45;14.44
20-04-2022 22:00;14.51
20-04-2022 22:15;14.64
20-04-2022 22:30;14.92
20-04-2022 22:45;14.88
20-04-2022 23:00;14.96
20-04-2022 23:15;14.99
20-04-2022 23:30;15.06
20-04-2022 23:45;15.2
21-04-2022 00:00;15.22
21-04-2022 00:15;15.27
21-04-2022 00:30;15.17
21-04-2022 00:45;15.34
21-04-2022 01:00;16.3
21-04-2022 01:15;16.83
21-04-2022 01:30;16.61
21-04-2022 01:45;16.67
21-04-2022 02:00;16.77
21-04-2022 02:15;17.13
21-04-2022 02:30;17.1
21-04-2022 02:45;16.97
21-04-2022 03:00;16.71
21-04-2022 03:15;16.62
21-04-2022 03:30;16.48
21-04-2022 03:45;16.63
21-04-2022 04:00;16.53
21-04-2022 04:15;16.52
21-04-2022 04:30;16.56
21-04-2022 04:45;16.29
21-04-2022 05:00;16.21
21-04-2022 05:15;16.06
21-04-2022 05:30;16.15
21-04-2022 05:45;16.2
21-04-2022 06:00;16.6
21-04-2022 06:15;16.56
21-04-2022 06:30;16.21
21-04-2022 06:45;15.84
21-04-2022 07:00;15.72
21-04-2022 07:15;15.51
21-04-2022 07:30;15.26
21-04-2022 07:45;14.68
21-04-2022 08:00;14.23
21-04-2022 08:15;13.85
21-04-2022 08:30;13.47
21-04-2022 08:45;12.75
21-04-2022 09:00;12.14
21-04-2022 09:15;12.23
21-04-2022 09:30;11.88
21-04-2022 09:45;11.2
21-04-2022 10:00;11.52
21-04-2022 10:15;11.25
21-04-2022 10:30;11.01
21-04-2022 10:45;11.03
21-04-2022 11:00;11.31
21-04-2022 11:15;11.4
21-04-2022 11:30;11.53
21-04-2022 11:45;11.51
21-04-2022 12:00;11.69
21-04-2022 12:15;11.88
21-04-2022 12:30;12.13
21-04-2022 12:45;12.05
21-04-2022 13:00;12.28
21-04-2022 13:15;12.41
21-04-2022 13:30;12.48
21-04-2022 13:45;12.42
21-04-2022 14:00;12.13
21-04-2022 14:15;12.21
21-04-2022 14:30;12.16
21-04-2022 14:45;12.28
21-04-2022 15:00;12.32
21-04-2022 15:15;12.03
21-04-2022 15:30;12.18
21-04-2022 15:45;12.21
21-04-2022 16:00;12.51
21-04-2022 16:15;13.03
21-04-2022 16:30;14.49
21-04-2022 16:45;14.72
21-04-2022 17:00;14.67
21-04-2022 17:15;15.28
21-04-2022 17:30;15.46
21-04-2022 17:45;15.76
21-04-2022 18:00;15.64
21-04-2022 18:15;15.68
21-04-2022 18:30;15.7
21-04-2022 18:45;15.74
21-04-2022 19:00;15.65
21-04-2022 19:15;15.66
21-04-2022 19:30;15.65
21-04-2022 19:45;15.64
21-04-2022 20:00;15.74
21-04-2022 20:15;16.02
21-04-2022 20:30;15.99
21-04-2022 20:45;15.77
21-04-2022 21:00;15.78
21-04-2022 21:15;15.72
21-04-2022 21:30;15.89
21-04-2022 21:45;16.13
21-04-2022 22:00;15.45
21-04-2022 22:15;15.6
21-04-2022 22:30;15.63
21-04-2022 22:45;15.77
21-04-2022 23:00;15.81
21-04-2022 23:15;15.95
21-04-2022 23:30;16.13
21-04-2022 23:45;16.11
22-04-2022 00:00;16.16
22-04-2022 00:15;16.2
22-04-2022 00:30;16.18
22-04-2022 00:45;16.22
22-04-2022 01:00;16.33
22-04-2022 01:15;16.25
22-04-2022 01:30;16.33
22-04-2022 01:45;16.58
22-04-2022 02:00;16.59
22-04-2022 02:15;16.64
22-04-2022 02:30;16.98
22-04-2022 02:45;16.92
22-04-2022 03:00;16.73
22-04-2022 03:15;16.66
22-04-2022 03:30;16.45
22-04-2022 03:45;16.34
22-04-2022 04:00;16.12
22-04-2022 04:15;16.29
22-04-2022 04:30;16.3
22-04-2022 04:45;16.29
22-04-2022 05:00;16.07
22-04-2022 05:15;16
22-04-2022 05:30;15.74
22-04-2022 05:45;15.32
22-04-2022 06:00;15.3
22-04-2022 06:15;15.13
22-04-2022 06:30;15.08
22-04-2022 06:45;15.58
22-04-2022 07:00;15.36
22-04-2022 07:15;15.21
22-04-2022 07:30;14.71
22-04-2022 07:45;14.14
22-04-2022 08:00;13.98
22-04-2022 08:15;13.59
22-04-2022 08:30;13.27
22-04-2022 08:45;12.99
22-04-2022 09:00;12.74
22-04-2022 09:15;12.52
22-04-2022 09:30;12.36
22-04-2022 09:45;12.28
22-04-2022 10:00;12.69
22-04-2022 10:15;12.54
22-04-2022 10:30;12.59
22-04-2022 10:45;12.73
22-04-2022 11:00;12.89
22-04-2022 11:15;13.01
22-04-2022 11:30;13.13
22-04-2022 11:45;13.24
22-04-2022 12:00;13.43
22-04-2022 12:15;13.77
22-04-2022 12:30;13.9
22-04-2022 12:45;14.29
22-04-2022 13:00;14.41
22-04-2022 13:15;14.94
22-04-2022 13:30;15.26
22-04-2022 13:45;15.21
22-04-2022 14:00;15.67
22-04-2022 14:15;15.54
22-04-2022 14:30;15.95
22-04-2022 14:45;16.02
22-04-2022 15:00;16.22
22-04-2022 15:15;16.28
22-04-2022 15:30;16.44
22-04-2022 15:45;16.74
22-04-2022 16:00;16.78
22-04-2022 16:15;16.83
22-04-2022 16:30;16.47
22-04-2022 16:45;16.52
22-04-2022 17:00;16.34
22-04-2022 17:15;16.25
22-04-2022 17:30;15.85
22-04-2022 17:45;15.9
22-04-2022 18:00;15.58
22-04-2022 18:15;15.46
22-04-2022 18:30;15.09
22-04-2022 18:45;15.05
22-04-2022 19:00;14.8
22-04-2022 19:15;14.89
22-04-2022 19:30;14.73
22-04-2022 19:45;14.83
22-04-2022 20:00;14.63
22-04-2022 20:15;14.4
22-04-2022 20:30;14.38
22-04-2022 20:45;14.21
22-04-2022 21:00;14.18
22-04-2022 21:15;13.87
22-04-2022 21:30;13.88
22-04-2022 21:45;13.37
22-04-2022 22:00;13.42
22-04-2022 22:15;13.14
22-04-2022 22:30;12.96
22-04-2022 22:45;12.4
22-04-2022 23:00;12.21
22-04-2022 23:15;12.35
22-04-2022 23:30;12.27
22-04-2022 23:45;12.47
23-04-2022 00:00;12.81
23-04-2022 00:15;12.74
23-04-2022 00:30;12.67
23-04-2022 00:45;12.71
23-04-2022 01:00;12.72
23-04-2022 01:15;12.67
23-04-2022 01:30;12.79
23-04-2022 01:45;12.7
23-04-2022 02:00;12.72
23-04-2022 02:15;12.73
23-04-2022 02:30;12.72
23-04-2022 02:45;12.78
23-04-2022 03:00;13.32
23-04-2022 03:15;13.23
23-04-2022 03:30;13.26
23-04-2022 03:45;13.46
23-04-2022 04:00;13.47
23-04-2022 04:15;13.46
23-04-2022 04:30;13.53
23-04-2022 04:45;13.39
23-04-2022 05:00;13.2
23-04-2022 05:15;13.02
23-04-2022 05:30;12.72
23-04-2022 05:45;12.63
23-04-2022 06:00;12.42
23-04-2022 06:15;12.17
23-04-2022 06:30;11.99
23-04-2022 06:45;12.01
23-04-2022 07:00;11.83
23-04-2022 07:15;11.82
23-04-2022 07:30;11.65
23-04-2022 07:45;11.64
23-04-2022 08:00;11.49
23-04-2022 08:15;11.46
23-04-2022 08:30;11.34
23-04-2022 08:45;11.23
23-04-2022 09:00;11.13
23-04-2022 09:15;11.11
23-04-2022 09:30;10.81
23-04-2022 09:45;10.61
23-04-2022 10:00;10.67
23-04-2022 10:15;10.53
23-04-2022 10:30;10.84
23-04-2022 10:45;10.79
23-04-2022 11:00;10.84
23-04-2022 11:15;11.31
23-04-2022 11:30;11.26
23-04-2022 11:45;11.45
23-04-2022 12:00;12.22
23-04-2022 12:15;12.74
23-04-2022 12:30;13.23
23-04-2022 12:45;13.28
23-04-2022 13:00;13.39
23-04-2022 13:15;13.98
23-04-2022 13:30;14.4
23-04-2022 13:45;14.53
23-04-2022 14:00;14.73
23-04-2022 14:15;14.83
23-04-2022 14:30;15.25
23-04-2022 14:45;15.53
23-04-2022 15:00;15.6
23-04-2022 15:15;15.84
23-04-2022 15:30;15.83
23-04-2022 15:45;16.12
23-04-2022 16:00;16.26
23-04-2022 16:15;16.33
23-04-2022 16:30;16.76
23-04-2022 16:45;16.92
23-04-2022 17:00;17.17
23-04-2022 17:15;17.15
23-04-2022 17:30;17.56
23-04-2022 17:45;18.25
23-04-2022 18:00;18.77
23-04-2022 18:15;17.78
23-04-2022 18:30;18.35
23-04-2022 18:45;19.58
23-04-2022 19:00;21.06
23-04-2022 19:15;23.45
23-04-2022 19:30;22.93
23-04-2022 19:45;22.79
23-04-2022 20:00;23.18
23-04-2022 20:15;23.81
23-04-2022 20:30;23.48
23-04-2022 20:45;24.1
23-04-2022 21:00;23.75
23-04-2022 21:15;23.03
23-04-2022 21:30;23.79
23-04-2022 21:45;23.23
23-04-2022 22:00;23.27
23-04-2022 22:15;23.55
23-04-2022 22:30;23.1
23-04-2022 22:45;22.95
23-04-2022 23:00;23.48
23-04-2022 23:15;23.2
23-04-2022 23:30;23.2
23-04-2022 23:45;22.89
24-04-2022 00:00;23.08
24-04-2022 00:15;22.7
24-04-2022 00:30;22.65
24-04-2022 00:45;22.06
24-04-2022 01:00;20.58
24-04-2022 01:15;20.1
24-04-2022 01:30;19.86
24-04-2022 01:45;19.13
24-04-2022 02:00;18.81
24-04-2022 02:15;18.47
24-04-2022 02:30;16.44
24-04-2022 02:45;16.13
24-04-2022 03:00;15.34
24-04-2022 03:15;15.11
24-04-2022 03:30;14.9
24-04-2022 03:45;14.75
24-04-2022 04:00;14.41
24-04-2022 04:15;14.78
24-04-2022 04:30;14.46
24-04-2022 04:45;13.75
24-04-2022 05:00;13.78
24-04-2022 05:15;13.64
24-04-2022 05:30;12.97
24-04-2022 05:45;12.13
24-04-2022 06:00;11.33
24-04-2022 06:15;11.35
24-04-2022 06:30;11.37
24-04-2022 06:45;11.43
24-04-2022 07:00;11.18
24-04-2022 07:15;10.89
24-04-2022 07:30;10.89
24-04-2022 07:45;11.04
24-04-2022 08:00;10.89
24-04-2022 08:15;10.71
24-04-2022 08:30;10.65
24-04-2022 08:45;10.77
24-04-2022 09:00;10.62
24-04-2022 09:15;10.44
24-04-2022 09:30;10.57
24-04-2022 09:45;10.26
24-04-2022 10:00;10.06
24-04-2022 10:15;9.95
24-04-2022 10:30;10.05
24-04-2022 10:45;10.09
24-04-2022 11:00;10.18
24-04-2022 11:15;10.6
24-04-2022 11:30;10.94
24-04-2022 11:45;11.12
24-04-2022 12:00;11.75
24-04-2022 12:15;12.22
24-04-2022 12:30;12.31
24-04-2022 12:45;12.68
24-04-2022 13:00;13.07
24-04-2022 13:15;13.41
24-04-2022 13:30;13.55
24-04-2022 13:45;13.96
24-04-2022 14:00;14.34
24-04-2022 14:15;14.55
24-04-2022 14:30;14.82
24-04-2022 14:45;14.98
24-04-2022 15:00;14.97
24-04-2022 15:15;15.1
24-04-2022 15:30;15.31
24-04-2022 15:45;15.33
24-04-2022 16:00;15.6
24-04-2022 16:15;15.68
24-04-2022 16:30;15.85
24-04-2022 16:45;15.85
24-04-2022 17:00;15.96
24-04-2022 17:15;16.1
24-04-2022 17:30;16.22
24-04-2022 17:45;16.2
24-04-2022 18:00;16.21
24-04-2022 18:15;16.2
24-04-2022 18:30;16.12
24-04-2022 18:45;16.21
24-04-2022 19:00;16.13
24-04-2022 19:15;16.18
24-04-2022 19:30;16.12
24-04-2022 19:45;16.24
24-04-2022 20:00;16.39
24-04-2022 20:15;16.38
24-04-2022 20:30;16.44
24-04-2022 20:45;16.32
24-04-2022 21:00;16.42
24-04-2022 21:15;16.36
24-04-2022 21:30;16.38
24-04-2022 21:45;16.31
24-04-2022 22:00;16.53
24-04-2022 22:15;16.89
24-04-2022 22:30;16.27
24-04-2022 22:45;16.2
24-04-2022 23:00;16.01
24-04-2022 23:15;15.59
24-04-2022 23:30;15.12
24-04-2022 23:45;15.25
25-04-2022 00:00;15.21
25-04-2022 00:15;15.27
25-04-2022 00:30;15.28
25-04-2022 00:45;15.22
25-04-2022 01:00;15.26
25-04-2022 01:15;15.25
25-04-2022 01:30;15.53
25-04-2022 01:45;15.02
25-04-2022 02:00;15.12
25-04-2022 02:15;15.04
25-04-2022 02:30;14.96
25-04-2022 02:45;14.86
25-04-2022 03:00;14.7
25-04-2022 03:15;14.6
25-04-2022 03:30;14.44
25-04-2022 03:45;14.28
25-04-2022 04:00;14.05
25-04-2022 04:15;14
25-04-2022 04:30;14
25-04-2022 04:45;13.94
25-04-2022 05:00;13.77
25-04-2022 05:15;13.69
25-04-2022 05:30;13.78
25-04-2022 05:45;13.74
25-04-2022 06:00;13.79
25-04-2022 06:15;13.77
25-04-2022 06:30;13.83
25-04-2022 06:45;13.63
25-04-2022 07:00;13.53
25-04-2022 07:15;13.26
25-04-2022 07:30;12.94
25-04-2022 07:45;12.86
25-04-2022 08:00;12.68
25-04-2022 08:15;12.63
25-04-2022 08:30;12.52
25-04-2022 08:45;12.45
25-04-2022 09:00;12.35
25-04-2022 09:15;12.14
25-04-2022 09:30;
25-04-2022 09:45;
25-04-2022 10:00;12.1
25-04-2022 10:15;12.24
25-04-2022 10:30;12.47
25-04-2022 10:45;12.49
25-04-2022 11:00;12.78
25-04-2022 11:15;13.01
25-04-2022 11:30;13.1
25-04-2022 11:45;13.32
25-04-2022 12:00;13.68
25-04-2022 12:15;13.99
25-04-2022 12:30;14.3
25-04-2022 12:45;14.45
25-04-2022 13:00;14.82
25-04-2022 13:15;14.96
25-04-2022 13:30;15.24
25-04-2022 13:45;16.01
25-04-2022 14:00;15.32
25-04-2022 14:15;15.28
25-04-2022 14:30;15.23
25-04-2022 14:45;15.43
25-04-2022 15:00;15.37
25-04-2022 15:15;15.37
25-04-2022 15:30;15.34
25-04-2022 15:45;15.18
25-04-2022 16:00;15.06
25-04-2022 16:15;14.7
25-04-2022 16:30;14.46
25-04-2022 16:45;14.63
25-04-2022 17:00;14.48
25-04-2022 17:15;14.13
25-04-2022 17:30;14.04
25-04-2022 17:45;14.16
25-04-2022 18:00;14.01
25-04-2022 18:15;13.62
25-04-2022 18:30;13.56
25-04-2022 18:45;13.18
25-04-2022 19:00;13.07
25-04-2022 19:15;12.5
25-04-2022 19:30;12.63
25-04-2022 19:45;12.61
25-04-2022 20:00;12.68
25-04-2022 20:15;12.65
25-04-2022 20:30;12.71
25-04-2022 20:45;12.69
25-04-2022 21:00;12.74
25-04-2022 21:15;12.89
25-04-2022 21:30;12.86
25-04-2022 21:45;12.91
25-04-2022 22:00;12.99
25-04-2022 22:15;13.11
25-04-2022 22:30;13.23
25-04-2022 22:45;13.89
25-04-2022 23:00;13.62
25-04-2022 23:15;14.39
25-04-2022 23:30;14.41
25-04-2022 23:45;14.39
26-04-2022 00:00;14.51
26-04-2022 00:15;14.53
26-04-2022 00:30;14.7
26-04-2022 00:45;14.6
26-04-2022 01:00;14.66
26-04-2022 01:15;14.63
26-04-2022 01:30;14.64
26-04-2022 01:45;14.56
26-04-2022 02:00;14.66
26-04-2022 02:15;14.57
26-04-2022 02:30;14.37
26-04-2022 02:45;14.35
26-04-2022 03:00;14.27
26-04-2022 03:15;14.57
26-04-2022 03:30;14.63
26-04-2022 03:45;14.45
26-04-2022 04:00;14.38
26-04-2022 04:15;14.46
26-04-2022 04:30;14.73
26-04-2022 04:45;14.55
26-04-2022 05:00;14.36
26-04-2022 05:15;14.23
26-04-2022 05:30;14.3
26-04-2022 05:45;14.45
26-04-2022 06:00;14.49
26-04-2022 06:15;14.52
26-04-2022 06:30;14.54
26-04-2022 06:45;15.08
26-04-2022 07:00;14.04
26-04-2022 07:15;13.79
26-04-2022 07:30;13.35
26-04-2022 07:45;13.26
26-04-2022 08:00;13.31
26-04-2022 08:15;13.15
26-04-2022 08:30;13.3
26-04-2022 08:45;13.29
26-04-2022 09:00;13.5
26-04-2022 09:15;13.3
26-04-2022 09:30;13.37
26-04-2022 09:45;13.38
26-04-2022 10:00;13.37
26-04-2022 10:15;14.03
26-04-2022 10:30;13.92
26-04-2022 10:45;13.72
26-04-2022 11:00;13.76
26-04-2022 11:15;13.94
26-04-2022 11:30;14.14
26-04-2022 11:45;14.24
26-04-2022 12:00;14.42
26-04-2022 12:15;14.67
26-04-2022 12:30;14.9
26-04-2022 12:45;15.41
26-04-2022 13:00;15.78
26-04-2022 13:15;15.42
26-04-2022 13:30;15.56
26-04-2022 13:45;15.81
26-04-2022 14:00;15.95
26-04-2022 14:15;16.1
26-04-2022 14:30;15.43
26-04-2022 14:45;15.44
26-04-2022 15:00;15.22
26-04-2022 15:15;15.54
26-04-2022 15:30;14.97
26-04-2022 15:45;15.09
26-04-2022 16:00;15.15
26-04-2022 16:15;14.77
26-04-2022 16:30;14.41
26-04-2022 16:45;13.87
26-04-2022 17:00;13.62
26-04-2022 17:15;13.75
26-04-2022 17:30;13.41
26-04-2022 17:45;13.17
26-04-2022 18:00;12.84
26-04-2022 18:15;12.35
26-04-2022 18:30;12.15
26-04-2022 18:45;11.95
26-04-2022 19:00;11.88
26-04-2022 19:15;11.7
26-04-2022 19:30;11.83
26-04-2022 19:45;11.76
26-04-2022 20:00;11.9
26-04-2022 20:15;12.09
26-04-2022 20:30;12.11
26-04-2022 20:45;12.3
26-04-2022 21:00;12.37
26-04-2022 21:15;12.43
26-04-2022 21:30;12.45
26-04-2022 21:45;12.81
26-04-2022 22:00;12.83
26-04-2022 22:15;13.18
26-04-2022 22:30;13.21
26-04-2022 22:45;13.84
26-04-2022 23:00;14.07
26-04-2022 23:15;13.97
26-04-2022 23:30;14.01
26-04-2022 23:45;14.1
27-04-2022 00:00;14.16
27-04-2022 00:15;14.16
27-04-2022 00:30;14.33
27-04-2022 00:45;14.28
27-04-2022 01:00;14.36
27-04-2022 01:15;14.39
27-04-2022 01:30;14.19
27-04-2022 01:45;14.25
27-04-2022 02:00;14.26
27-04-2022 02:15;14.22
27-04-2022 02:30;14.12
27-04-2022 02:45;14.07
27-04-2022 03:00;14.02
27-04-2022 03:15;13.94
27-04-2022 03:30;13.86
27-04-2022 03:45;13.88
27-04-2022 04:00;13.92
27-04-2022 04:15;14.27
27-04-2022 04:30;14.16
27-04-2022 04:45;14.22
27-04-2022 05:00;14.61
27-04-2022 05:15;14.59
27-04-2022 05:30;14.58
27-04-2022 05:45;14.41
27-04-2022 06:00;14.21
27-04-2022 06:15;14.29
27-04-2022 06:30;14.27
27-04-2022 06:45;14.36
27-04-2022 07:00;14.33
27-04-2022 07:15;14.28
27-04-2022 07:30;14.02
27-04-2022 07:45;13.73
27-04-2022 08:00;13.65
27-04-2022 08:15;13.63
27-04-2022 08:30;13.73
27-04-2022 08:45;13.72
27-04-2022 09:00;13.74
27-04-2022 09:15;13.81
27-04-2022 09:30;14.41
27-04-2022 09:45;13.93
27-04-2022 10:00;13.34
27-04-2022 10:15;13.17
27-04-2022 10:30;13.06
27-04-2022 10:45;13.36
27-04-2022 11:00;13.51
27-04-2022 11:15;13.78
27-04-2022 11:30;13.48
27-04-2022 11:45;13.95
27-04-2022 12:00;13.6
27-04-2022 12:15;14.29
27-04-2022 12:30;14.18
27-04-2022 12:45;14.59
27-04-2022 13:00;14.47
27-04-2022 13:15;14.68
27-04-2022 13:30;14.67
27-04-2022 13:45;14.59
27-04-2022 14:00;14.72
27-04-2022 14:15;14.79
27-04-2022 14:30;15.04
27-04-2022 14:45;14.94
27-04-2022 15:00;15.3
27-04-2022 15:15;15.42
27-04-2022 15:30;15.44
27-04-2022 15:45;15.6
27-04-2022 16:00;15.29
27-04-2022 16:15;14.82
27-04-2022 16:30;14.93
27-04-2022 16:45;14.52
27-04-2022 17:00;14.63
27-04-2022 17:15;14.63
27-04-2022 17:30;14.74
27-04-2022 17:45;14.62
27-04-2022 18:00;14.57
27-04-2022 18:15;14.36
27-04-2022 18:30;14.3
27-04-2022 18:45;13.97
27-04-2022 19:00;13.8
27-04-2022 19:15;13.79
27-04-2022 19:30;13.85
27-04-2022 19:45;13.89
27-04-2022 20:00;13.56
27-04-2022 20:15;13.36
27-04-2022 20:30;12.99
27-04-2022 20:45;13.07
27-04-2022 21:00;13.24
27-04-2022 21:15;12.56
27-04-2022 21:30;12.36
27-04-2022 21:45;12.75
27-04-2022 22:00;12.69
27-04-2022 22:15;12.04
27-04-2022 22:30;11.49
27-04-2022 22:45;10.9
27-04-2022 23:00;11
27-04-2022 23:15;11.37
27-04-2022 23:30;12.07
27-04-2022 23:45;11.83
28-04-2022 00:00;12.43
28-04-2022 00:15;13.26
28-04-2022 00:30;13.65
28-04-2022 00:45;13.59
28-04-2022 01:00;13.63
28-04-2022 01:15;13.62
28-04-2022 01:30;13.6
28-04-2022 01:45;13.71
28-04-2022 02:00;13.65
28-04-2022 02:15;13.61
28-04-2022 02:30;13.55
28-04-2022 02:45;13.79
28-04-2022 03:00;14.37
28-04-2022 03:15;14.47
28-04-2022 03:30;14.26
28-04-2022 03:45;14.15
28-04-2022 04:00;14.29
28-04-2022 04:15;14.09
28-04-2022 04:30;13.91
28-04-2022 04:45;13.73
28-04-2022 05:00;13.39
28-04-2022 05:15;13.29
28-04-2022 05:30;13.23
28-04-2022 05:45;13.13
28-04-2022 06:00;12.95
28-04-2022 06:15;12.98
28-04-2022 06:30;12.9
28-04-2022 06:45;12.63
28-04-2022 07:00;12.5
28-04-2022 07:15;12.32
28-04-2022 07:30;12
28-04-2022 07:45;11.66
28-04-2022 08:00;11.4
28-04-2022 08:15;11.2
28-04-2022 08:30;10.98
28-04-2022 08:45;10.75
28-04-2022 09:00;10.69
28-04-2022 09:15;10.65
28-04-2022 09:30;10.72
28-04-2022 09:45;10.75
28-04-2022 10:00;10.86
28-04-2022 10:15;11.4
28-04-2022 10:30;11.11
28-04-2022 10:45;11.09
28-04-2022 11:00;11.14
28-04-2022 11:15;11.2
28-04-2022 11:30;11.41
28-04-2022 11:45;12.06
28-04-2022 12:00;12.14
28-04-2022 12:15;12.7
28-04-2022 12:30;12.91
28-04-2022 12:45;13.16
28-04-2022 13:00;13.52
28-04-2022 13:15;13.78
28-04-2022 13:30;14.36
28-04-2022 13:45;14.41
28-04-2022 14:00;14.48
28-04-2022 14:15;14.62
28-04-2022 14:30;14.74
28-04-2022 14:45;15.15
28-04-2022 15:00;15.14
28-04-2022 15:15;15.28
28-04-2022 15:30;15.32
28-04-2022 15:45;15.15
28-04-2022 16:00;14.7
28-04-2022 16:15;14.68
28-04-2022 16:30;14.75
28-04-2022 16:45;14.42
28-04-2022 17:00;14.25
28-04-2022 17:15;14.06
28-04-2022 17:30;13.96
28-04-2022 17:45;14.1
28-04-2022 18:00;13.85
28-04-2022 18:15;13.84
28-04-2022 18:30;13.52
28-04-2022 18:45;13.18
28-04-2022 19:00;12.76
28-04-2022 19:15;12.05
28-04-2022 19:30;11.69
28-04-2022 19:45;11.72
28-04-2022 20:00;11.84
28-04-2022 20:15;11.99
28-04-2022 20:30;12.37
28-04-2022 20:45;12.53
28-04-2022 21:00;12.34
28-04-2022 21:15;12.52
28-04-2022 21:30;12.41
28-04-2022 21:45;12.43
28-04-2022 22:00;12.63
28-04-2022 22:15;12.56
28-04-2022 22:30;12.52
28-04-2022 22:45;12.35
28-04-2022 23:00;12.54
28-04-2022 23:15;12.57
28-04-2022 23:30;12.89
28-04-2022 23:45;12.82
29-04-2022 00:00;13.38
29-04-2022 00:15;12.82
29-04-2022 00:30;12.76
29-04-2022 00:45;12.83
29-04-2022 01:00;12.82
29-04-2022 01:15;12.76
29-04-2022 01:30;12.89
29-04-2022 01:45;12.99
29-04-2022 02:00;12.81
29-04-2022 02:15;12.77
29-04-2022 02:30;12.83
29-04-2022 02:45;12.94
29-04-2022 03:00;12.87
29-04-2022 03:15;13.08
29-04-2022 03:30;13.57
29-04-2022 03:45;13.31
29-04-2022 04:00;13.26
29-04-2022 04:15;13.41
29-04-2022 04:30;13.42
29-04-2022 04:45;13.59
29-04-2022 05:00;13.68
29-04-2022 05:15;13.64
29-04-2022 05:30;13.23
29-04-2022 05:45;12.99
29-04-2022 06:00;12.66
29-04-2022 06:15;12.26
29-04-2022 06:30;12.24
29-04-2022 06:45;12.42
29-04-2022 07:00;12.09
29-04-2022 07:15;11.75
29-04-2022 07:30;11.62
29-04-2022 07:45;11.55
29-04-2022 08:00;11.33
29-04-2022 08:15;11.71
29-04-2022 08:30;11.49
29-04-2022 08:45;11.7
29-04-2022 09:00;11.85
29-04-2022 09:15;11.78
29-04-2022 09:30;11.81
29-04-2022 09:45;11.43
29-04-2022 10:00;11.93
29-04-2022 10:15;12.74
29-04-2022 10:30;12.7
29-04-2022 10:45;13.1
29-04-2022 11:00;13.22
29-04-2022 11:15;13.04
29-04-2022 11:30;13.01
29-04-2022 11:45;13
29-04-2022 12:00;13.28
29-04-2022 12:15;13.35
29-04-2022 12:30;13.32
29-04-2022 12:45;13.47
29-04-2022 13:00;14.11
29-04-2022 13:15;14.22
29-04-2022 13:30;14.15
29-04-2022 13:45;14.57
29-04-2022 14:00;14.56
29-04-2022 14:15;14.71
29-04-2022 14:30;14.4
29-04-2022 14:45;15.09
29-04-2022 15:00;14.32
29-04-2022 15:15;14.78
29-04-2022 15:30;14.07
29-04-2022 15:45;13.72
29-04-2022 16:00;13.66
29-04-2022 16:15;13.4
29-04-2022 16:30;13.18
29-04-2022 16:45;12.66
29-04-2022 17:00;12.56
29-04-2022 17:15;12.61
29-04-2022 17:30;12.59
29-04-2022 17:45;12.78
29-04-2022 18:00;12.65
29-04-2022 18:15;12.72
29-04-2022 18:30;12.78
29-04-2022 18:45;12.93
29-04-2022 19:00;12.86
29-04-2022 19:15;12.87
29-04-2022 19:30;12.83
29-04-2022 19:45;12.89
29-04-2022 20:00;12.98
29-04-2022 20:15;12.85
29-04-2022 20:30;12.59
29-04-2022 20:45;12.81
29-04-2022 21:00;12.79
29-04-2022 21:15;12.87
29-04-2022 21:30;13.02
29-04-2022 21:45;13.04
29-04-2022 22:00;13
29-04-2022 22:15;13.15
29-04-2022 22:30;13.93
29-04-2022 22:45;14.29
29-04-2022 23:00;14.22
29-04-2022 23:15;14.36
29-04-2022 23:30;14.7
29-04-2022 23:45;15.09
30-04-2022 00:00;15.06
30-04-2022 00:15;15.31
30-04-2022 00:30;15.45
30-04-2022 00:45;15.38
30-04-2022 01:00;14.45
30-04-2022 01:15;14.57
30-04-2022 01:30;15.31
30-04-2022 01:45;15.47
30-04-2022 02:00;15.34
30-04-2022 02:15;15.48
30-04-2022 02:30;15.81
30-04-2022 02:45;15.92
30-04-2022 03:00;15.79
30-04-2022 03:15;15.96
30-04-2022 03:30;16.25
30-04-2022 03:45;16.85
30-04-2022 04:00;15.89
30-04-2022 04:15;14.89
30-04-2022 04:30;14.14
30-04-2022 04:45;14.46
30-04-2022 05:00;14.05
30-04-2022 05:15;13.55
30-04-2022 05:30;13.18
30-04-2022 05:45;13.31
30-04-2022 06:00;13.42
30-04-2022 06:15;13.31
30-04-2022 06:30;14.26
30-04-2022 06:45;14.35
30-04-2022 07:00;14.78
30-04-2022 07:15;14.56
30-04-2022 07:30;15.14
30-04-2022 07:45;14.97
30-04-2022 08:00;14.93
30-04-2022 08:15;14.71
30-04-2022 08:30;14.71
30-04-2022 08:45;14.53
30-04-2022 09:00;14.45
30-04-2022 09:15;14.4
30-04-2022 09:30;14.15
30-04-2022 09:45;14.17
30-04-2022 10:00;13.82
30-04-2022 10:15;14.01
30-04-2022 10:30;13.5
30-04-2022 10:45;13.77
30-04-2022 11:00;13.61
30-04-2022 11:15;14.03
30-04-2022 11:30;14.37
30-04-2022 11:45;14.7
30-04-2022 12:00;14.76
30-04-2022 12:15;14.47
30-04-2022 12:30;14.51
30-04-2022 12:45;14.73
30-04-2022 13:00;15.68
30-04-2022 13:15;16.73
30-04-2022 13:30;17.24
30-04-2022 13:45;16.65
30-04-2022 14:00;15.97
30-04-2022 14:15;15.98
30-04-2022 14:30;16.01
30-04-2022 14:45;16.23
30-04-2022 15:00;16.38
30-04-2022 15:15;16.57
30-04-2022 15:30;16.85
30-04-2022 15:45;17.01
30-04-2022 16:00;17.01
30-04-2022 16:15;16.98
30-04-2022 16:30;16.99
30-04-2022 16:45;17.14
30-04-2022 17:00;17.16
30-04-2022 17:15;17.34
30-04-2022 17:30;17.45
30-04-2022 17:45;18.08
30-04-2022 18:00;17.85
30-04-2022 18:15;17.64
30-04-2022 18:30;17.46
30-04-2022 18:45;17.43
30-04-2022 19:00;17.49
30-04-2022 19:15;17.73
30-04-2022 19:30;17.88
30-04-2022 19:45;18.22
30-04-2022 20:00;18.23
30-04-2022 20:15;18.22
30-04-2022 20:30;18.18
30-04-2022 20:45;18.27
30-04-2022 21:00;18.2
30-04-2022 21:15;18.34
30-04-2022 21:30;18.43
30-04-2022 21:45;18.35
30-04-2022 22:00;18.42
30-04-2022 22:15;18.06
30-04-2022 22:30;17.85
30-04-2022 22:45;17.82
30-04-2022 23:00;17.44
30-04-2022 23:15;17.39
30-04-2022 23:30;17.46
30-04-2022 23:45;17.4
1-05-2022 00:00;17.6
1-05-2022 00:15;17.59
1-05-2022 00:30;17.54
1-05-2022 00:45;17.71
1-05-2022 01:00;17.67
1-05-2022 01:15;17.74
1-05-2022 01:30;17.71
1-05-2022 01:45;17.8
1-05-2022 02:00;18.75
1-05-2022 02:15;18.27
1-05-2022 02:30;18.03
1-05-2022 02:45;17.6
1-05-2022 03:00;17.69
1-05-2022 03:15;17.46
1-05-2022 03:30;17.62
1-05-2022 03:45;17.35
1-05-2022 04:00;17.87
1-05-2022 04:15;17.51
1-05-2022 04:30;17.79
1-05-2022 04:45;17.44
1-05-2022 05:00;17.53
1-05-2022 05:15;17.34
1-05-2022 05:30;17.25
1-05-2022 05:45;17.16
1-05-2022 06:00;17.03
1-05-2022 06:15;16.93
1-05-2022 06:30;16.81
1-05-2022 06:45;16.78
1-05-2022 07:00;16.64
1-05-2022 07:15;16.92
1-05-2022 07:30;16.64
1-05-2022 07:45;16.62
1-05-2022 08:00;16.76
1-05-2022 08:15;16.83
1-05-2022 08:30;16.71
1-05-2022 08:45;16.52
1-05-2022 09:00;16.52
1-05-2022 09:15;16.38
1-05-2022 09:30;16.32
1-05-2022 09:45;16.21
1-05-2022 10:00;16.33
1-05-2022 10:15;16.2
1-05-2022 10:30;16.42
1-05-2022 10:45;16.73
1-05-2022 11:00;17.28
1-05-2022 11:15;17.27
1-05-2022 11:30;17.17
1-05-2022 11:45;17.19
1-05-2022 12:00;17.07
1-05-2022 12:15;17.25
1-05-2022 12:30;17.12
1-05-2022 12:45;17.25
1-05-2022 13:00;17.21
1-05-2022 13:15;17.32
1-05-2022 13:30;17.26
1-05-2022 13:45;17.62
1-05-2022 14:00;17.57
1-05-2022 14:15;17.93
1-05-2022 14:30;18.56
1-05-2022 14:45;18.07
1-05-2022 15:00;18.25
1-05-2022 15:15;18.25
1-05-2022 15:30;18.26
1-05-2022 15:45;18.17
1-05-2022 16:00;18.09
1-05-2022 16:15;18.41
1-05-2022 16:30;18.33
1-05-2022 16:45;18.07
1-05-2022 17:00;18.27
1-05-2022 17:15;18.38
1-05-2022 17:30;18.57
1-05-2022 17:45;18.56
1-05-2022 18:00;18.74
1-05-2022 18:15;18.84
1-05-2022 18:30;18.76
1-05-2022 18:45;18.72
1-05-2022 19:00;18.57
1-05-2022 19:15;18.21
1-05-2022 19:30;18.22
1-05-2022 19:45;18.22
1-05-2022 20:00;18.2
1-05-2022 20:15;18.31
1-05-2022 20:30;18.34
1-05-2022 20:45;17.67
1-05-2022 21:00;17.18
1-05-2022 21:15;17.24
1-05-2022 21:30;17.19
1-05-2022 21:45;17.34
1-05-2022 22:00;17.46
1-05-2022 22:15;17.43
1-05-2022 22:30;17.52
1-05-2022 22:45;17.78
1-05-2022 23:00;18
1-05-2022 23:15;17.98
1-05-2022 23:30;18.03
1-05-2022 23:45;18.2
2-05-2022 00:00;18.37
2-05-2022 00:15;18.45
2-05-2022 00:30;18.53
2-05-2022 00:45;18.63
2-05-2022 01:00;18.7
2-05-2022 01:15;18.69
2-05-2022 01:30;18.85
2-05-2022 01:45;18.76
2-05-2022 02:00;18.76
2-05-2022 02:15;18.74
2-05-2022 02:30;18.67
2-05-2022 02:45;18.79
2-05-2022 03:00;19.43
2-05-2022 03:15;18.52
2-05-2022 03:30;18.62
2-05-2022 03:45;18.38
2-05-2022 04:00;18.48
2-05-2022 04:15;18.28
2-05-2022 04:30;18.46
2-05-2022 04:45;18.07
2-05-2022 05:00;17.92
2-05-2022 05:15;18.04
2-05-2022 05:30;18.56
2-05-2022 05:45;19.27
2-05-2022 06:00;17.92
2-05-2022 06:15;17.74
2-05-2022 06:30;19.08
2-05-2022 06:45;19.74
2-05-2022 07:00;19.3
2-05-2022 07:15;19.2
2-05-2022 07:30;18.99
2-05-2022 07:45;18.83
2-05-2022 08:00;18.62
2-05-2022 08:15;18.55
2-05-2022 08:30;18.28
2-05-2022 08:45;18.33
2-05-2022 09:00;18.52
2-05-2022 09:15;18.48
2-05-2022 09:30;18.4
2-05-2022 09:45;18.35
2-05-2022 10:00;18.15
2-05-2022 10:15;18.12
2-05-2022 10:30;18.33
2-05-2022 10:45;19.01
2-05-2022 11:00;19.18
2-05-2022 11:15;19.2
2-05-2022 11:30;19.49
2-05-2022 11:45;19.75
2-05-2022 12:00;19.74
2-05-2022 12:15;19.82
2-05-2022 12:30;19.94
2-05-2022 12:45;19.81
2-05-2022 13:00;20.19
2-05-2022 13:15;20.84
2-05-2022 13:30;20.58
2-05-2022 13:45;20.52
2-05-2022 14:00;20.86
2-05-2022 14:15;20.2
2-05-2022 14:30;20.22
2-05-2022 14:45;20.83
2-05-2022 15:00;21.39
2-05-2022 15:15;20.76
2-05-2022 15:30;20.46
2-05-2022 15:45;21.17
2-05-2022 16:00;22.01
2-05-2022 16:15;22.27
2-05-2022 16:30;22.6
2-05-2022 16:45;22.61
2-05-2022 17:00;21.13
2-05-2022 17:15;21.54
2-05-2022 17:30;22.55
2-05-2022 17:45;22.46
2-05-2022 18:00;21.95
2-05-2022 18:15;22.14
2-05-2022 18:30;22.01
2-05-2022 18:45;21.61
2-05-2022 19:00;21.18
2-05-2022 19:15;20.11
2-05-2022 19:30;19.22
2-05-2022 19:45;19.73
2-05-2022 20:00;19.97
2-05-2022 20:15;19.77
2-05-2022 20:30;19.77
2-05-2022 20:45;19.68
2-05-2022 21:00;19.9
2-05-2022 21:15;19.54
2-05-2022 21:30;19.31
2-05-2022 21:45;19.41
2-05-2022 22:00;19.25
2-05-2022 22:15;19.43
2-05-2022 22:30;19.37
2-05-2022 22:45;17.16
2-05-2022 23:00;15.81
2-05-2022 23:15;16.15
2-05-2022 23:30;16.26
2-05-2022 23:45;16.22
3-05-2022 00:00;16.18
3-05-2022 00:15;16.08
3-05-2022 00:30;16.42
3-05-2022 00:45;16.44
3-05-2022 01:00;16.06
3-05-2022 01:15;16.5
3-05-2022 01:30;16.35
3-05-2022 01:45;16.29
3-05-2022 02:00;16.51
3-05-2022 02:15;16.18
3-05-2022 02:30;16.24
3-05-2022 02:45;16.19
3-05-2022 03:00;17.12
3-05-2022 03:15;15.76
3-05-2022 03:30;16.78
3-05-2022 03:45;17.27
3-05-2022 04:00;16.7
3-05-2022 04:15;16.66
3-05-2022 04:30;16.57
3-05-2022 04:45;16.36
3-05-2022 05:00;16.29
3-05-2022 05:15;16.01
3-05-2022 05:30;16.5
3-05-2022 05:45;16.8
3-05-2022 06:00;16.7
3-05-2022 06:15;17.63
3-05-2022 06:30;17.32
3-05-2022 06:45;17.29
3-05-2022 07:00;17.72
3-05-2022 07:15;17.54
3-05-2022 07:30;17.5
3-05-2022 07:45;16.51
3-05-2022 08:00;16.18
3-05-2022 08:15;15.99
3-05-2022 08:30;15.62
3-05-2022 08:45;15.39
3-05-2022 09:00;14.72
3-05-2022 09:15;14.43
3-05-2022 09:30;15.29
3-05-2022 09:45;16.46
3-05-2022 10:00;15.38
3-05-2022 10:15;15.1
3-05-2022 10:30;15.01
3-05-2022 10:45;15.37
3-05-2022 11:00;16.23
3-05-2022 11:15;16.35
3-05-2022 11:30;16.42
3-05-2022 11:45;16.43
3-05-2022 12:00;16.49
3-05-2022 12:15;16.62
3-05-2022 12:30;16.73
3-05-2022 12:45;16.97
3-05-2022 13:00;16.76
3-05-2022 13:15;16.68
3-05-2022 13:30;16.77
3-05-2022 13:45;16.96
3-05-2022 14:00;17.11
3-05-2022 14:15;17.2
3-05-2022 14:30;16.77
3-05-2022 14:45;16.72
3-05-2022 15:00;17.6
3-05-2022 15:15;18.38
3-05-2022 15:30;18.57
3-05-2022 15:45;18.19
3-05-2022 16:00;18.08
3-05-2022 16:15;18.14
3-05-2022 16:30;18.03
3-05-2022 16:45;17.9
3-05-2022 17:00;17.54
3-05-2022 17:15;17.32
3-05-2022 17:30;17.36
3-05-2022 17:45;17.24
3-05-2022 18:00;17.34
3-05-2022 18:15;17.33
3-05-2022 18:30;17.38
3-05-2022 18:45;17.24
3-05-2022 19:00;17.35
3-05-2022 19:15;17.17
3-05-2022 19:30;17.28
3-05-2022 19:45;16.87
3-05-2022 20:00;16.68
3-05-2022 20:15;14.53
3-05-2022 20:30;13.43
3-05-2022 20:45;13.41
3-05-2022 21:00;13.57
3-05-2022 21:15;13.78
3-05-2022 21:30;13.85
3-05-2022 21:45;14.25
3-05-2022 22:00;14.76
3-05-2022 22:15;14.43
3-05-2022 22:30;15.13
3-05-2022 22:45;15.49
3-05-2022 23:00;15.59
3-05-2022 23:15;15.58
3-05-2022 23:30;15.62
3-05-2022 23:45;15.67
4-05-2022 00:00;15.77
4-05-2022 00:15;15.95
4-05-2022 00:30;16.9
4-05-2022 00:45;16.92
4-05-2022 01:00;17.32
4-05-2022 01:15;17.49
4-05-2022 01:30;17.29
4-05-2022 01:45;17.24
4-05-2022 02:00;17.56
4-05-2022 02:15;17.39
4-05-2022 02:30;17.34
4-05-2022 02:45;17.36
4-05-2022 03:00;17.17
4-05-2022 03:15;17.04
4-05-2022 03:30;17.01
4-05-2022 03:45;17.59
4-05-2022 04:00;17.09
4-05-2022 04:15;17.04
4-05-2022 04:30;17.15
4-05-2022 04:45;17.28
4-05-2022 05:00;16.95
4-05-2022 05:15;16.94
4-05-2022 05:30;16.74
4-05-2022 05:45;16.7
4-05-2022 06:00;16.58
4-05-2022 06:15;16.55
4-05-2022 06:30;16.57
4-05-2022 06:45;16.39
4-05-2022 07:00;16.49
4-05-2022 07:15;16.64
4-05-2022 07:30;16.45
4-05-2022 07:45;16.14
4-05-2022 08:00;15.7
4-05-2022 08:15;15.36
4-05-2022 08:30;14.89
4-05-2022 08:45;14.62
4-05-2022 09:00;14.44
4-05-2022 09:15;14.36
4-05-2022 09:30;14.36
4-05-2022 09:45;14.31
4-05-2022 10:00;14.22
4-05-2022 10:15;15.36
4-05-2022 10:30;14.87
4-05-2022 10:45;14.69
4-05-2022 11:00;14.67
4-05-2022 11:15;14.93
4-05-2022 11:30;15.34
4-05-2022 11:45;15.29
4-05-2022 12:00;15.73
4-05-2022 12:15;15.88
4-05-2022 12:30;15.89
4-05-2022 12:45;15.48
4-05-2022 13:00;15.48
4-05-2022 13:15;15.68
4-05-2022 13:30;15.73
4-05-2022 13:45;15.88
4-05-2022 14:00;16.31
4-05-2022 14:15;16.49
4-05-2022 14:30;16.88
4-05-2022 14:45;16.95
4-05-2022 15:00;17.27
4-05-2022 15:15;17.45
4-05-2022 15:30;17.92
4-05-2022 15:45;18.06
4-05-2022 16:00;18.71
4-05-2022 16:15;18.43
4-05-2022 16:30;18.98
4-05-2022 16:45;19.54
4-05-2022 17:00;19.32
4-05-2022 17:15;18.66
4-05-2022 17:30;16.31
4-05-2022 17:45;15.83
4-05-2022 18:00;16.07
4-05-2022 18:15;16.12
4-05-2022 18:30;16.33
4-05-2022 18:45;16.24
4-05-2022 19:00;16.31
4-05-2022 19:15;16.38
4-05-2022 19:30;16.45
4-05-2022 19:45;16.46
4-05-2022 20:00;16.39
4-05-2022 20:15;16.58
4-05-2022 20:30;16.56
4-05-2022 20:45;16.56
4-05-2022 21:00;16.5
4-05-2022 21:15;16.47
4-05-2022 21:30;16.56
4-05-2022 21:45;16.68
4-05-2022 22:00;16.64
4-05-2022 22:15;15.59
4-05-2022 22:30;14.98
4-05-2022 22:45;15.14
4-05-2022 23:00;15.25
4-05-2022 23:15;15.04
4-05-2022 23:30;15.22
4-05-2022 23:45;15.38
5-05-2022 00:00;15.76
5-05-2022 00:15;16.04
5-05-2022 00:30;16.13
5-05-2022 00:45;16.26
5-05-2022 01:00;16.47
5-05-2022 01:15;16.58
5-05-2022 01:30;16.73
5-05-2022 01:45;18.5
5-05-2022 02:00;18.22
5-05-2022 02:15;18.31
5-05-2022 02:30;18.17
5-05-2022 02:45;16.73
5-05-2022 03:00;15.25
5-05-2022 03:15;15.84
5-05-2022 03:30;15.86
5-05-2022 03:45;15.83
5-05-2022 04:00;17.59
5-05-2022 04:15;17.35
5-05-2022 04:30;17.56
5-05-2022 04:45;17.38
5-05-2022 05:00;16.78
5-05-2022 05:15;15.61
5-05-2022 05:30;14
5-05-2022 05:45;13.99
5-05-2022 06:00;13.95
5-05-2022 06:15;14.02
5-05-2022 06:30;14.28
5-05-2022 06:45;14.75
5-05-2022 07:00;14.74
5-05-2022 07:15;8.41
5-05-2022 07:30;14.47
5-05-2022 07:45;11.77
5-05-2022 08:00;12.4
5-05-2022 08:15;12.46
5-05-2022 08:30;12.68
5-05-2022 08:45;12.61
5-05-2022 09:00;12.55
5-05-2022 09:15;12.48
5-05-2022 09:30;12.51
5-05-2022 09:45;12.43
5-05-2022 10:00;12.38
5-05-2022 10:15;12.72
5-05-2022 10:30;13.01
5-05-2022 10:45;13.31
5-05-2022 11:00;13.54
5-05-2022 11:15;14.09
5-05-2022 11:30;14.23
5-05-2022 11:45;14.66
5-05-2022 12:00;17.46
5-05-2022 12:15;17.08
5-05-2022 12:30;17.62
5-05-2022 12:45;17.89
5-05-2022 13:00;17.88
5-05-2022 13:15;17.78
5-05-2022 13:30;17.03
5-05-2022 13:45;16.43
5-05-2022 14:00;16.23
5-05-2022 14:15;16.18
5-05-2022 14:30;16.33
5-05-2022 14:45;16.39
5-05-2022 15:00;16.55
5-05-2022 15:15;16.68
5-05-2022 15:30;16.75
5-05-2022 15:45;16.66
5-05-2022 16:00;16.73
5-05-2022 16:15;16.83
5-05-2022 16:30;16.94
5-05-2022 16:45;16.67
5-05-2022 17:00;16.41
5-05-2022 17:15;16.19
5-05-2022 17:30;15.38
5-05-2022 17:45;15.28
5-05-2022 18:00;15.07
5-05-2022 18:15;15.08
5-05-2022 18:30;15.08
5-05-2022 18:45;15.07
5-05-2022 19:00;14.98
5-05-2022 19:15;15.18
5-05-2022 19:30;15.08
5-05-2022 19:45;15.67
5-05-2022 20:00;15.01
5-05-2022 20:15;15.08
5-05-2022 20:30;15.09
5-05-2022 20:45;15.06
5-05-2022 21:00;15.08
5-05-2022 21:15;15.25
5-05-2022 21:30;15.24
5-05-2022 21:45;15.21
5-05-2022 22:00;15.25
5-05-2022 22:15;15.29
5-05-2022 22:30;15.38
5-05-2022 22:45;15.43
5-05-2022 23:00;15.5
5-05-2022 23:15;15.65
5-05-2022 23:30;15.56
5-05-2022 23:45;15.53
6-05-2022 00:00;15.58
6-05-2022 00:15;15.58
6-05-2022 00:30;15.53
6-05-2022 00:45;15.73
6-05-2022 01:00;16.18
6-05-2022 01:15;17.36
6-05-2022 01:30;17.12
6-05-2022 01:45;16.72
6-05-2022 02:00;16.58
6-05-2022 02:15;16.63
6-05-2022 02:30;16.47
6-05-2022 02:45;16.4
6-05-2022 03:00;16.05
6-05-2022 03:15;16
6-05-2022 03:30;15.79
6-05-2022 03:45;15.61
6-05-2022 04:00;15.36
6-05-2022 04:15;15.37
6-05-2022 04:30;15.1
6-05-2022 04:45;15.03
6-05-2022 05:00;14.89
6-05-2022 05:15;14.73
6-05-2022 05:30;14.48
6-05-2022 05:45;14.2
6-05-2022 06:00;13.83
6-05-2022 06:15;13.42
6-05-2022 06:30;13.15
6-05-2022 06:45;12.81
6-05-2022 07:00;12.44
6-05-2022 07:15;12.17
6-05-2022 07:30;12.03
6-05-2022 07:45;11.72
6-05-2022 08:00;11.64
6-05-2022 08:15;11.5
6-05-2022 08:30;11.45
6-05-2022 08:45;11.84
6-05-2022 09:00;11.74
6-05-2022 09:15;12.25
6-05-2022 09:30;12.75
6-05-2022 09:45;13.2
6-05-2022 10:00;13.99
6-05-2022 10:15;14.1
6-05-2022 10:30;14.48
6-05-2022 10:45;14.09
6-05-2022 11:00;14.99
6-05-2022 11:15;15.06
6-05-2022 11:30;15.23
6-05-2022 11:45;15.52
6-05-2022 12:00;15.65
6-05-2022 12:15;16.02
6-05-2022 12:30;16.3
6-05-2022 12:45;16.6
6-05-2022 13:00;17
6-05-2022 13:15;18.04
6-05-2022 13:30;18.39
6-05-2022 13:45;16.98
6-05-2022 14:00;15.95
6-05-2022 14:15;15.6
6-05-2022 14:30;15.7
6-05-2022 14:45;15.74
6-05-2022 15:00;15.88
6-05-2022 15:15;15.79
6-05-2022 15:30;15.84
6-05-2022 15:45;15.94
6-05-2022 16:00;16.33
6-05-2022 16:15;16.3
6-05-2022 16:30;16.3
6-05-2022 16:45;16.37
6-05-2022 17:00;16.19
6-05-2022 17:15;16.06
6-05-2022 17:30;15.86
6-05-2022 17:45;15.39
6-05-2022 18:00;15.21
6-05-2022 18:15;15
6-05-2022 18:30;15.01
6-05-2022 18:45;14.93
6-05-2022 19:00;14.95
6-05-2022 19:15;14.92
6-05-2022 19:30;15
6-05-2022 19:45;14.94
6-05-2022 20:00;14.94
6-05-2022 20:15;14.92
6-05-2022 20:30;14.98
6-05-2022 20:45;14.99
6-05-2022 21:00;15
6-05-2022 21:15;15.04
6-05-2022 21:30;15.12
6-05-2022 21:45;15.15
6-05-2022 22:00;15.22
6-05-2022 22:15;15.76
6-05-2022 22:30;15.9
6-05-2022 22:45;15.93
6-05-2022 23:00;16.02
6-05-2022 23:15;16.08
6-05-2022 23:30;16.13
6-05-2022 23:45;16.16
7-05-2022 00:00;16.44
7-05-2022 00:15;16.85
7-05-2022 00:30;16.87
7-05-2022 00:45;16.76
7-05-2022 01:00;16.75
7-05-2022 01:15;16.63
7-05-2022 01:30;16.53
7-05-2022 01:45;16.88
7-05-2022 02:00;17.57
7-05-2022 02:15;16.87
7-05-2022 02:30;15.68
7-05-2022 02:45;15.3
7-05-2022 03:00;14.86
7-05-2022 03:15;14.85
7-05-2022 03:30;14.63
7-05-2022 03:45;14.49
7-05-2022 04:00;14.51
7-05-2022 04:15;14.42
7-05-2022 04:30;14.29
7-05-2022 04:45;14.19
7-05-2022 05:00;13.99
7-05-2022 05:15;14.04
7-05-2022 05:30;13.96
7-05-2022 05:45;13.78
7-05-2022 06:00;13.66
7-05-2022 06:15;13.46
7-05-2022 06:30;13.29
7-05-2022 06:45;12.93
7-05-2022 07:00;12.62
7-05-2022 07:15;12.32
7-05-2022 07:30;11.95
7-05-2022 07:45;11.77
7-05-2022 08:00;11.75
7-05-2022 08:15;11.63
7-05-2022 08:30;11.6
7-05-2022 08:45;11.53
7-05-2022 09:00;11.32
7-05-2022 09:15;11.36
7-05-2022 09:30;11.29
7-05-2022 09:45;11.16
7-05-2022 10:00;11.04
7-05-2022 10:15;10.95
7-05-2022 10:30;10.9
7-05-2022 10:45;10.86
7-05-2022 11:00;10.88
7-05-2022 11:15;11
7-05-2022 11:30;11.22
7-05-2022 11:45;11.48
7-05-2022 12:00;11.55
7-05-2022 12:15;11.87
7-05-2022 12:30;12.3
7-05-2022 12:45;12.75
7-05-2022 13:00;13.16
7-05-2022 13:15;13.48
7-05-2022 13:30;13.82
7-05-2022 13:45;14.38
7-05-2022 14:00;14.54
7-05-2022 14:15;15
7-05-2022 14:30;15.77
7-05-2022 14:45;15.63
7-05-2022 15:00;15.71
7-05-2022 15:15;15.97
7-05-2022 15:30;16.5
7-05-2022 15:45;16.31
7-05-2022 16:00;16.23
7-05-2022 16:15;16.34
7-05-2022 16:30;16.45
7-05-2022 16:45;16.5
7-05-2022 17:00;16.59
7-05-2022 17:15;16.64
7-05-2022 17:30;17.13
7-05-2022 17:45;16.42
7-05-2022 18:00;15.37
7-05-2022 18:15;15.75
7-05-2022 18:30;16.38
7-05-2022 18:45;16.67
7-05-2022 19:00;16.67
7-05-2022 19:15;16.58
7-05-2022 19:30;16.61
7-05-2022 19:45;16.59
7-05-2022 20:00;16.69
7-05-2022 20:15;16.72
7-05-2022 20:30;16.78
7-05-2022 20:45;17.89
7-05-2022 21:00;18.21
7-05-2022 21:15;17.76
7-05-2022 21:30;16.73
7-05-2022 21:45;15.66
7-05-2022 22:00;15.47
7-05-2022 22:15;15.69
7-05-2022 22:30;15.26
7-05-2022 22:45;15.39
7-05-2022 23:00;15.17
7-05-2022 23:15;15.08
7-05-2022 23:30;15.05
7-05-2022 23:45;14.99
8-05-2022 00:00;15.08
8-05-2022 00:15;15.06
8-05-2022 00:30;15.49
8-05-2022 00:45;15.53
8-05-2022 01:00;15.51
8-05-2022 01:15;15.44
8-05-2022 01:30;15.51
8-05-2022 01:45;15.44
8-05-2022 02:00;15.51
8-05-2022 02:15;15.52
8-05-2022 02:30;15.79
8-05-2022 02:45;15.79
8-05-2022 03:00;15.65
8-05-2022 03:15;15.53
8-05-2022 03:30;15.38
8-05-2022 03:45;15.34
8-05-2022 04:00;15.18
8-05-2022 04:15;15.2
8-05-2022 04:30;15.11
8-05-2022 04:45;15.22
8-05-2022 05:00;15.03
8-05-2022 05:15;14.7
8-05-2022 05:30;14.61
8-05-2022 05:45;14.44
8-05-2022 06:00;14.16
8-05-2022 06:15;13.97
8-05-2022 06:30;13.62
8-05-2022 06:45;13.3
8-05-2022 07:00;12.81
8-05-2022 07:15;12.42
8-05-2022 07:30;11.97
8-05-2022 07:45;11.82
8-05-2022 08:00;11.21
8-05-2022 08:15;10.59
8-05-2022 08:30;10.25
8-05-2022 08:45;9.99
8-05-2022 09:00;9.87
8-05-2022 09:15;9.73
8-05-2022 09:30;9.56
8-05-2022 09:45;10.02
8-05-2022 10:00;10.11
8-05-2022 10:15;10.28
8-05-2022 10:30;10.19
8-05-2022 10:45;10.21
8-05-2022 11:00;10.41
8-05-2022 11:15;10.55
8-05-2022 11:30;10.67
8-05-2022 11:45;10.95
8-05-2022 12:00;11.35
8-05-2022 12:15;11.97
8-05-2022 12:30;12.36
8-05-2022 12:45;12.62
8-05-2022 13:00;12.94
8-05-2022 13:15;13.39
8-05-2022 13:30;13.73
8-05-2022 13:45;13.98
8-05-2022 14:00;14.24
8-05-2022 14:15;14.53
8-05-2022 14:30;14.79
8-05-2022 14:45;15.04
8-05-2022 15:00;15.26
8-05-2022 15:15;15.41
8-05-2022 15:30;15.89
8-05-2022 15:45;16.52
8-05-2022 16:00;16.6
8-05-2022 16:15;16.5
8-05-2022 16:30;16.72
8-05-2022 16:45;16.77
8-05-2022 17:00;16.91
8-05-2022 17:15;16.95
8-05-2022 17:30;17.14
8-05-2022 17:45;17.05
8-05-2022 18:00;17.16
8-05-2022 18:15;16.84
8-05-2022 18:30;16.09
8-05-2022 18:45;16.52
8-05-2022 19:00;15.9
8-05-2022 19:15;15.18
8-05-2022 19:30;15.47
8-05-2022 19:45;15.87
8-05-2022 20:00;16.14
8-05-2022 20:15;16.97
8-05-2022 20:30;17.68
8-05-2022 20:45;17.67
8-05-2022 21:00;17.89
8-05-2022 21:15;17.87
8-05-2022 21:30;18.08
8-05-2022 21:45;18.12
8-05-2022 22:00;19.43
8-05-2022 22:15;19.19
8-05-2022 22:30;18.63
8-05-2022 22:45;18.48
8-05-2022 23:00;18.54
8-05-2022 23:15;18.62
8-05-2022 23:30;18.63
8-05-2022 23:45;18.58
9-05-2022 00:00;18.24
9-05-2022 00:15;18.18
9-05-2022 00:30;18.18
9-05-2022 00:45;18
9-05-2022 01:00;19.95
9-05-2022 01:15;19.7
9-05-2022 01:30;19.55
9-05-2022 01:45;19.43
9-05-2022 02:00;19.25
9-05-2022 02:15;19.07
9-05-2022 02:30;18.96
9-05-2022 02:45;18.78
9-05-2022 03:00;18.68
9-05-2022 03:15;18.46
9-05-2022 03:30;18.34
9-05-2022 03:45;18.09
9-05-2022 04:00;18.05
9-05-2022 04:15;18.15
9-05-2022 04:30;17.37
9-05-2022 04:45;17.76
9-05-2022 05:00;17.87
9-05-2022 05:15;17.4
9-05-2022 05:30;16.58
9-05-2022 05:45;15.91
9-05-2022 06:00;15.46
9-05-2022 06:15;15.16
9-05-2022 06:30;15.02
9-05-2022 06:45;14.71
9-05-2022 07:00;14.42
9-05-2022 07:15;14.17
9-05-2022 07:30;13.95
9-05-2022 07:45;13.83
9-05-2022 08:00;13.72
9-05-2022 08:15;13.33
9-05-2022 08:30;12.93
9-05-2022 08:45;12.78
9-05-2022 09:00;12.75
9-05-2022 09:15;12.71
9-05-2022 09:30;12.84
9-05-2022 09:45;13.17
9-05-2022 10:00;13.64
9-05-2022 10:15;13.7
9-05-2022 10:30;13.84
9-05-2022 10:45;14.25
9-05-2022 11:00;14.8
9-05-2022 11:15;15.07
9-05-2022 11:30;15.47
9-05-2022 11:45;16.07
9-05-2022 12:00;16.28
9-05-2022 12:15;16.33
9-05-2022 12:30;16.15
9-05-2022 12:45;16.1
9-05-2022 13:00;16.14
9-05-2022 13:15;16.09
9-05-2022 13:30;16.36
9-05-2022 13:45;16.68
9-05-2022 14:00;17.37
9-05-2022 14:15;17.41
9-05-2022 14:30;18.08
9-05-2022 14:45;14.04
9-05-2022 15:00;16.49
9-05-2022 15:15;17.84
9-05-2022 15:30;18.05
9-05-2022 15:45;17.97
9-05-2022 16:00;18.27
9-05-2022 16:15;18.38
9-05-2022 16:30;18.43
9-05-2022 16:45;18.47
9-05-2022 17:00;18.31
9-05-2022 17:15;18.44
9-05-2022 17:30;18.29
9-05-2022 17:45;18.59
9-05-2022 18:00;18.64
9-05-2022 18:15;18.32
9-05-2022 18:30;17.68
9-05-2022 18:45;17.34
9-05-2022 19:00;17.37
9-05-2022 19:15;16.92
9-05-2022 19:30;16.83
9-05-2022 19:45;16.68
9-05-2022 20:00;16.7
9-05-2022 20:15;16.62
9-05-2022 20:30;16.61
9-05-2022 20:45;16.33
9-05-2022 21:00;16.37
9-05-2022 21:15;16.57
9-05-2022 21:30;16.57
9-05-2022 21:45;16.6
9-05-2022 22:00;16.58
9-05-2022 22:15;17.13
9-05-2022 22:30;16.64
9-05-2022 22:45;16.75
9-05-2022 23:00;16.76
9-05-2022 23:15;17.02
9-05-2022 23:30;17.02
9-05-2022 23:45;17.1
10-05-2022 00:00;17.06
10-05-2022 00:15;16.96
10-05-2022 00:30;17.07
10-05-2022 00:45;16.89
10-05-2022 01:00;17.02
10-05-2022 01:15;16.89
10-05-2022 01:30;16.96
10-05-2022 01:45;16.84
10-05-2022 02:00;16.85
10-05-2022 02:15;16.77
10-05-2022 02:30;16.58
10-05-2022 02:45;16.64
10-05-2022 03:00;16.45
10-05-2022 03:15;16.37
10-05-2022 03:30;16.29
10-05-2022 03:45;16.13
10-05-2022 04:00;15.94
10-05-2022 04:15;15.59
10-05-2022 04:30;15.48
10-05-2022 04:45;15.36
10-05-2022 05:00;15.26
10-05-2022 05:15;15.17
10-05-2022 05:30;15.49
10-05-2022 05:45;15.56
10-05-2022 06:00;15.4
10-05-2022 06:15;15.18
10-05-2022 06:30;15.49
10-05-2022 06:45;15.52
10-05-2022 07:00;15.27
10-05-2022 07:15;14.98
10-05-2022 07:30;13.92
10-05-2022 07:45;13.71
10-05-2022 08:00;13.51
10-05-2022 08:15;14.15
10-05-2022 08:30;14.14
10-05-2022 08:45;14.09
10-05-2022 09:00;13.85
10-05-2022 09:15;13.79
10-05-2022 09:30;13.61
10-05-2022 09:45;13.54
10-05-2022 10:00;13.64
10-05-2022 10:15;15.06
10-05-2022 10:30;14.76
10-05-2022 10:45;14.85
10-05-2022 11:00;14.96
10-05-2022 11:15;15.96
10-05-2022 11:30;17.32
10-05-2022 11:45;14.96
10-05-2022 12:00;14.24
10-05-2022 12:15;13.83
10-05-2022 12:30;13.11
10-05-2022 12:45;13.9
10-05-2022 13:00;13.79
10-05-2022 13:15;14.3
10-05-2022 13:30;14.13
10-05-2022 13:45;15.02
10-05-2022 14:00;15.46
10-05-2022 14:15;15.7
10-05-2022 14:30;15.21
10-05-2022 14:45;15.94
10-05-2022 15:00;16.13
10-05-2022 15:15;13.07
10-05-2022 15:30;13.32
10-05-2022 15:45;15.85
10-05-2022 16:00;15.5
10-05-2022 16:15;15.96
10-05-2022 16:30;16.22
10-05-2022 16:45;16.31
10-05-2022 17:00;16.28
10-05-2022 17:15;16.28
10-05-2022 17:30;16.4
10-05-2022 17:45;16.89
10-05-2022 18:00;17.05
10-05-2022 18:15;17.45
10-05-2022 18:30;17.67
10-05-2022 18:45;17.73
10-05-2022 19:00;17.65
10-05-2022 19:15;17.33
10-05-2022 19:30;17.23
10-05-2022 19:45;17.2
10-05-2022 20:00;17.17
10-05-2022 20:15;17.27
10-05-2022 20:30;17.29
10-05-2022 20:45;17.27
10-05-2022 21:00;17.4
10-05-2022 21:15;17.49
10-05-2022 21:30;17.38
10-05-2022 21:45;17.5
10-05-2022 22:00;17.5
10-05-2022 22:15;17.54
10-05-2022 22:30;17.63
10-05-2022 22:45;17.84
10-05-2022 23:00;17.86
10-05-2022 23:15;17.89
10-05-2022 23:30;18.05
10-05-2022 23:45;18.18
11-05-2022 00:00;18.59
11-05-2022 00:15;18.14
11-05-2022 00:30;17.49
11-05-2022 00:45;17.44
11-05-2022 01:00;17.22
11-05-2022 01:15;16.94
11-05-2022 01:30;17.19
11-05-2022 01:45;16.97
11-05-2022 02:00;16.1
11-05-2022 02:15;16.54
11-05-2022 02:30;16.74
11-05-2022 02:45;16.83
11-05-2022 03:00;16.98
11-05-2022 03:15;17.29
11-05-2022 03:30;16.5
11-05-2022 03:45;16.61
11-05-2022 04:00;16.46
11-05-2022 04:15;16.73
11-05-2022 04:30;16.67
11-05-2022 04:45;16.47
11-05-2022 05:00;15.51
11-05-2022 05:15;15.52
11-05-2022 05:30;14.92
11-05-2022 05:45;14.73
11-05-2022 06:00;13.97
11-05-2022 06:15;13.71
11-05-2022 06:30;13.7
11-05-2022 06:45;13.65
11-05-2022 07:00;13.79
11-05-2022 07:15;13.71
11-05-2022 07:30;14.17
11-05-2022 07:45;14
11-05-2022 08:00;13.91
11-05-2022 08:15;13.8
11-05-2022 08:30;13.63
11-05-2022 08:45;13.66
11-05-2022 09:00;13.34
11-05-2022 09:15;13.44
11-05-2022 09:30;13.52
11-05-2022 09:45;13.79
11-05-2022 10:00;13.46
11-05-2022 10:15;14.08
11-05-2022 10:30;14.19
11-05-2022 10:45;14.28
11-05-2022 11:00;14.44
11-05-2022 11:15;15.02
11-05-2022 11:30;15.4
11-05-2022 11:45;16.05
11-05-2022 12:00;16.44
11-05-2022 12:15;16.83
11-05-2022 12:30;16.98
11-05-2022 12:45;17
11-05-2022 13:00;17.02
11-05-2022 13:15;17.2
11-05-2022 13:30;17.31
11-05-2022 13:45;17.72
11-05-2022 14:00;18.36
11-05-2022 14:15;18.76
11-05-2022 14:30;17.3
11-05-2022 14:45;17.42
11-05-2022 15:00;17.51
11-05-2022 15:15;17.8
11-05-2022 15:30;18.6
11-05-2022 15:45;18.98
11-05-2022 16:00;16.38
11-05-2022 16:15;15.8
11-05-2022 16:30;15.87
11-05-2022 16:45;15.94
11-05-2022 17:00;15.98
11-05-2022 17:15;15.84
11-05-2022 17:30;14.82
11-05-2022 17:45;14.66
11-05-2022 18:00;13.94
11-05-2022 18:15;13.93
11-05-2022 18:30;15.21
11-05-2022 18:45;15.59
11-05-2022 19:00;15.91
11-05-2022 19:15;15.64
11-05-2022 19:30;15.35
11-05-2022 19:45;15.26
11-05-2022 20:00;15.3
11-05-2022 20:15;15.67
11-05-2022 20:30;15.68
11-05-2022 20:45;15.73
11-05-2022 21:00;15.71
11-05-2022 21:15;15.74
11-05-2022 21:30;15.69
11-05-2022 21:45;15.85
11-05-2022 22:00;15.92
11-05-2022 22:15;16.61
11-05-2022 22:30;16.93
11-05-2022 22:45;16.95
11-05-2022 23:00;17
11-05-2022 23:15;16.99
11-05-2022 23:30;17.06
11-05-2022 23:45;17.1
12-05-2022 00:00;17.1
12-05-2022 00:15;17.18
12-05-2022 00:30;17.22
12-05-2022 00:45;17.32
12-05-2022 01:00;17.53
12-05-2022 01:15;17.7
12-05-2022 01:30;17.66
12-05-2022 01:45;17.65
12-05-2022 02:00;17.62
12-05-2022 02:15;17.63
12-05-2022 02:30;17.56
12-05-2022 02:45;17.4
12-05-2022 03:00;17.49
12-05-2022 03:15;17.57
12-05-2022 03:30;17.45
12-05-2022 03:45;17.36
12-05-2022 04:00;17.61
12-05-2022 04:15;17.36
12-05-2022 04:30;17.06
12-05-2022 04:45;16.94
12-05-2022 05:00;16.82
12-05-2022 05:15;16.7
12-05-2022 05:30;17.77
12-05-2022 05:45;16.73
12-05-2022 06:00;16.53
12-05-2022 06:15;15.97
12-05-2022 06:30;15.76
12-05-2022 06:45;15.27
12-05-2022 07:00;15.29
12-05-2022 07:15;15.09
12-05-2022 07:30;14.88
12-05-2022 07:45;14.96
12-05-2022 08:00;14.68
12-05-2022 08:15;14.75
12-05-2022 08:30;14.71
12-05-2022 08:45;14.85
12-05-2022 09:00;14.93
12-05-2022 09:15;14.96
12-05-2022 09:30;14.91
12-05-2022 09:45;14.86
12-05-2022 10:00;15.04
12-05-2022 10:15;14.8
12-05-2022 10:30;15.32
12-05-2022 10:45;15.28
12-05-2022 11:00;15.46
12-05-2022 11:15;15.62
12-05-2022 11:30;16.26
12-05-2022 11:45;16.23
12-05-2022 12:00;16.74
12-05-2022 12:15;16.69
12-05-2022 12:30;16.44
12-05-2022 12:45;15.85
12-05-2022 13:00;15.93
12-05-2022 13:15;16.13
12-05-2022 13:30;16.2
12-05-2022 13:45;16.23
12-05-2022 14:00;16.14
12-05-2022 14:15;16.5
12-05-2022 14:30;16.36
12-05-2022 14:45;16.82
12-05-2022 15:00;14.85
12-05-2022 15:15;16.1
12-05-2022 15:30;15.96
12-05-2022 15:45;16.22
12-05-2022 16:00;16.28
12-05-2022 16:15;16.09
12-05-2022 16:30;16.02
12-05-2022 16:45;15.95
12-05-2022 17:00;16.01
12-05-2022 17:15;15.57
12-05-2022 17:30;15.96
12-05-2022 17:45;15.46
12-05-2022 18:00;15.88
12-05-2022 18:15;15.02
12-05-2022 18:30;14.26
12-05-2022 18:45;14.35
12-05-2022 19:00;14.34
12-05-2022 19:15;14.39
12-05-2022 19:30;14.33
12-05-2022 19:45;14.51
12-05-2022 20:00;14.33
12-05-2022 20:15;14.06
12-05-2022 20:30;13.64
12-05-2022 20:45;13.61
12-05-2022 21:00;13.64
12-05-2022 21:15;13.74
12-05-2022 21:30;13.8
12-05-2022 21:45;13.86
12-05-2022 22:00;13.99
12-05-2022 22:15;14.15
12-05-2022 22:30;14.08
12-05-2022 22:45;14.28
12-05-2022 23:00;14.36
12-05-2022 23:15;14.54
12-05-2022 23:30;14.66
12-05-2022 23:45;14.68
13-05-2022 00:00;14.71
13-05-2022 00:15;15
13-05-2022 00:30;15.7
13-05-2022 00:45;15.03
13-05-2022 01:00;15.03
13-05-2022 01:15;14.93
13-05-2022 01:30;15.07
13-05-2022 01:45;15.07
13-05-2022 02:00;15.06
13-05-2022 02:15;15.01
13-05-2022 02:30;15.02
13-05-2022 02:45;14.95
13-05-2022 03:00;14.81
13-05-2022 03:15;14.84
13-05-2022 03:30;14.76
13-05-2022 03:45;14.71
13-05-2022 04:00;14.57
13-05-2022 04:15;14.46
13-05-2022 04:30;14.45
13-05-2022 04:45;14.22
13-05-2022 05:00;14.78
13-05-2022 05:15;15.01
13-05-2022 05:30;15.02
13-05-2022 05:45;15.29
13-05-2022 06:00;15.27
13-05-2022 06:15;16.03
13-05-2022 06:30;15.87
13-05-2022 06:45;15.85
13-05-2022 07:00;15.9
13-05-2022 07:15;15.82
13-05-2022 07:30;15.95
13-05-2022 07:45;15.95
13-05-2022 08:00;16.19
13-05-2022 08:15;16.46
13-05-2022 08:30;16.55
13-05-2022 08:45;16.39
13-05-2022 09:00;16.25
13-05-2022 09:15;15.95
13-05-2022 09:30;15.92
13-05-2022 09:45;15.55
13-05-2022 10:00;15.26
13-05-2022 10:15;14.92
13-05-2022 10:30;14.93
13-05-2022 10:45;14.74
13-05-2022 11:00;14.81
13-05-2022 11:15;14.51
13-05-2022 11:30;14.15
13-05-2022 11:45;13.87
13-05-2022 12:00;13.53
13-05-2022 12:15;13.63
13-05-2022 12:30;12.18
13-05-2022 12:45;9.55
13-05-2022 13:00;9.69
13-05-2022 13:15;10.86
13-05-2022 13:30;11.61
13-05-2022 13:45;12.25
13-05-2022 14:00;12.5
13-05-2022 14:15;13.07
13-05-2022 14:30;14.48
13-05-2022 14:45;17.07
13-05-2022 15:00;17.48
13-05-2022 15:15;17.18
13-05-2022 15:30;17.57
13-05-2022 15:45;16.26
13-05-2022 16:00;15.81
13-05-2022 16:15;15.35
13-05-2022 16:30;16.7
13-05-2022 16:45;17.33
13-05-2022 17:00;17.43
13-05-2022 17:15;18.36
13-05-2022 17:30;19.02
13-05-2022 17:45;20.33
13-05-2022 18:00;19.65
13-05-2022 18:15;18.82
13-05-2022 18:30;17.29
13-05-2022 18:45;16.28
13-05-2022 19:00;15.76
13-05-2022 19:15;15.57
13-05-2022 19:30;15.6
13-05-2022 19:45;16.23
13-05-2022 20:00;15.91
13-05-2022 20:15;15.59
13-05-2022 20:30;15.51
13-05-2022 20:45;15.27
13-05-2022 21:00;15.27
13-05-2022 21:15;15.29
13-05-2022 21:30;15.41
13-05-2022 21:45;15.11
13-05-2022 22:00;14.98
13-05-2022 22:15;14.73
13-05-2022 22:30;14.09
13-05-2022 22:45;14.21
13-05-2022 23:00;14.19
13-05-2022 23:15;14.33
13-05-2022 23:30;14.41
13-05-2022 23:45;14.43
14-05-2022 00:00;14.41
14-05-2022 00:15;14.68
14-05-2022 00:30;14.47
14-05-2022 00:45;13.74
14-05-2022 01:00;13.63
14-05-2022 01:15;13.55
14-05-2022 01:30;13.45
14-05-2022 01:45;13.65
14-05-2022 02:00;13.73
14-05-2022 02:15;13.66
14-05-2022 02:30;13.75
14-05-2022 02:45;13.81
14-05-2022 03:00;13.9
14-05-2022 03:15;13.89
14-05-2022 03:30;13.76
14-05-2022 03:45;13.78
14-05-2022 04:00;13.74
14-05-2022 04:15;13.72
14-05-2022 04:30;13.66
14-05-2022 04:45;13.56
14-05-2022 05:00;13.53
14-05-2022 05:15;13.37
14-05-2022 05:30;13.21
14-05-2022 05:45;13.02
14-05-2022 06:00;12.8
14-05-2022 06:15;12.73
14-05-2022 06:30;12.55
14-05-2022 06:45;12.98
14-05-2022 07:00;14.83
14-05-2022 07:15;15.84
14-05-2022 07:30;15.99
14-05-2022 07:45;15.39
14-05-2022 08:00;14.76
14-05-2022 08:15;14.45
14-05-2022 08:30;13.86
14-05-2022 08:45;13.43
14-05-2022 09:00;13.38
14-05-2022 09:15;12.33
14-05-2022 09:30;10.01
14-05-2022 09:45;9.64
14-05-2022 10:00;10.36
14-05-2022 10:15;11.15
14-05-2022 10:30;12.13
14-05-2022 10:45;12.29
14-05-2022 11:00;12.73
14-05-2022 11:15;13.16
14-05-2022 11:30;13.26
14-05-2022 11:45;13.29
14-05-2022 12:00;14.23
14-05-2022 12:15;13.86
14-05-2022 12:30;14.14
14-05-2022 12:45;16.41
14-05-2022 13:00;17.57
14-05-2022 13:15;18.59
14-05-2022 13:30;18.8
14-05-2022 13:45;19.13
14-05-2022 14:00;19.09
14-05-2022 14:15;18.62
14-05-2022 14:30;17.31
14-05-2022 14:45;16.42
14-05-2022 15:00;16.34
14-05-2022 15:15;16.09
14-05-2022 15:30;16.35
14-05-2022 15:45;15.72
14-05-2022 16:00;15.78
14-05-2022 16:15;15.71
14-05-2022 16:30;15.71
14-05-2022 16:45;15.79
14-05-2022 17:00;16.76
14-05-2022 17:15;15.74
14-05-2022 17:30;15.76
14-05-2022 17:45;15.4
14-05-2022 18:00;14.05
14-05-2022 18:15;13.84
14-05-2022 18:30;13.66
14-05-2022 18:45;13.94
14-05-2022 19:00;13.7
14-05-2022 19:15;13.81
14-05-2022 19:30;13.9
14-05-2022 19:45;13.91
14-05-2022 20:00;14.12
14-05-2022 20:15;14.03
14-05-2022 20:30;14.16
14-05-2022 20:45;14.18
14-05-2022 21:00;14.41
14-05-2022 21:15;15.35
14-05-2022 21:30;14.52
14-05-2022 21:45;14.33
14-05-2022 22:00;14.33
14-05-2022 22:15;14.54
14-05-2022 22:30;14.33
14-05-2022 22:45;14.37
14-05-2022 23:00;14.42
14-05-2022 23:15;14.55
14-05-2022 23:30;14.53
14-05-2022 23:45;14.55
15-05-2022 00:00;14.54
15-05-2022 00:15;14.59
15-05-2022 00:30;14.62
15-05-2022 00:45;14.6
15-05-2022 01:00;14.73
15-05-2022 01:15;14.56
15-05-2022 01:30;14.68
15-05-2022 01:45;14.78
15-05-2022 02:00;14.73
15-05-2022 02:15;14.7
15-05-2022 02:30;14.63
15-05-2022 02:45;14.83
15-05-2022 03:00;14.68
15-05-2022 03:15;14.7
15-05-2022 03:30;14.61
15-05-2022 03:45;14.36
15-05-2022 04:00;14.36
15-05-2022 04:15;14.8
15-05-2022 04:30;14.59
15-05-2022 04:45;14.5
15-05-2022 05:00;14.33
15-05-2022 05:15;14.36
15-05-2022 05:30;14.67
15-05-2022 05:45;14.8
15-05-2022 06:00;15.67
15-05-2022 06:15;14.61
15-05-2022 06:30;14.05
15-05-2022 06:45;13.88
15-05-2022 07:00;13.93
15-05-2022 07:15;13.66
15-05-2022 07:30;13.54
15-05-2022 07:45;13.44
15-05-2022 08:00;13.09
15-05-2022 08:15;12.9
15-05-2022 08:30;12.72
15-05-2022 08:45;10.42
15-05-2022 09:00;9.67
15-05-2022 09:15;9.88
15-05-2022 09:30;10.4
15-05-2022 09:45;10.69
15-05-2022 10:00;10.8
15-05-2022 10:15;11.08
15-05-2022 10:30;11.23
15-05-2022 10:45;11.22
15-05-2022 11:00;14.5
15-05-2022 11:15;15.64
15-05-2022 11:30;16.12
15-05-2022 11:45;15.28
15-05-2022 12:00;15.29
15-05-2022 12:15;15.34
15-05-2022 12:30;15.08
15-05-2022 12:45;15.29
15-05-2022 13:00;15.11
15-05-2022 13:15;16.01
15-05-2022 13:30;15.77
15-05-2022 13:45;15.84
15-05-2022 14:00;16.9
15-05-2022 14:15;16.55
15-05-2022 14:30;16.97
15-05-2022 14:45;17.5
15-05-2022 15:00;17.97
15-05-2022 15:15;18
15-05-2022 15:30;18.89
15-05-2022 15:45;18.66
15-05-2022 16:00;19.53
15-05-2022 16:15;18.96
15-05-2022 16:30;19.61
15-05-2022 16:45;18.97
15-05-2022 17:00;19.24
15-05-2022 17:15;19.35
15-05-2022 17:30;18.85
15-05-2022 17:45;18.5
15-05-2022 18:00;16.61
15-05-2022 18:15;18.69
15-05-2022 18:30;17.49
15-05-2022 18:45;17.54
15-05-2022 19:00;17.77
15-05-2022 19:15;18.39
15-05-2022 19:30;18.68
15-05-2022 19:45;18.71
15-05-2022 20:00;19.34
15-05-2022 20:15;19.85
15-05-2022 20:30;20.42
15-05-2022 20:45;20.24
15-05-2022 21:00;20.85
15-05-2022 21:15;20.73
15-05-2022 21:30;21.06
15-05-2022 21:45;20.01
15-05-2022 22:00;20.66
15-05-2022 22:15;21.64
15-05-2022 22:30;20.77
15-05-2022 22:45;21.44
15-05-2022 23:00;21.48
15-05-2022 23:15;22.25
15-05-2022 23:30;22.76
15-05-2022 23:45;22.5
16-05-2022 00:00;22.83
16-05-2022 00:15;23.19
16-05-2022 00:30;21.78
16-05-2022 00:45;22.44
16-05-2022 01:00;23.48
16-05-2022 01:15;23.75
16-05-2022 01:30;23.58
16-05-2022 01:45;25.01
16-05-2022 02:00;24.44
16-05-2022 02:15;23.99
16-05-2022 02:30;23.31
16-05-2022 02:45;22.69
16-05-2022 03:00;23.08
16-05-2022 03:15;23.21
16-05-2022 03:30;23.44
16-05-2022 03:45;24.11
16-05-2022 04:00;26.27
16-05-2022 04:15;25.59
16-05-2022 04:30;21.79
16-05-2022 04:45;24.04
16-05-2022 05:00;26.01
16-05-2022 05:15;25.85
16-05-2022 05:30;26.43
16-05-2022 05:45;26.24
16-05-2022 06:00;25.92
16-05-2022 06:15;25.68
16-05-2022 06:30;25.47
16-05-2022 06:45;24.85
16-05-2022 07:00;26.35
16-05-2022 07:15;26.71
16-05-2022 07:30;24.18
16-05-2022 07:45;22.75
16-05-2022 08:00;23.01
16-05-2022 08:15;23.56
16-05-2022 08:30;23.29
16-05-2022 08:45;23.15
16-05-2022 09:00;22.92
16-05-2022 09:15;22.78
16-05-2022 09:30;22.79
16-05-2022 09:45;23.1
16-05-2022 10:00;22.75
16-05-2022 10:15;22.18
16-05-2022 10:30;22.58
16-05-2022 10:45;22.68
16-05-2022 11:00;22.41
16-05-2022 11:15;22.83
16-05-2022 11:30;23.64
16-05-2022 11:45;22.15
16-05-2022 12:00;22.29
16-05-2022 12:15;23.16
16-05-2022 12:30;22.77
16-05-2022 12:45;22.48
16-05-2022 13:00;22.54
16-05-2022 13:15;22.61
16-05-2022 13:30;22.38
16-05-2022 13:45;22.25
16-05-2022 14:00;22.33
16-05-2022 14:15;22.61
16-05-2022 14:30;22.64
16-05-2022 14:45;22.27
16-05-2022 15:00;22.35
16-05-2022 15:15;20.51
16-05-2022 15:30;18.12
16-05-2022 15:45;19.37
16-05-2022 16:00;20.05
16-05-2022 16:15;16.84
16-05-2022 16:30;16.74
16-05-2022 16:45;15.04
16-05-2022 17:00;16.63
16-05-2022 17:15;14.74
16-05-2022 17:30;14.74
16-05-2022 17:45;13.8
16-05-2022 18:00;12.89
16-05-2022 18:15;12.17
16-05-2022 18:30;12.72
16-05-2022 18:45;12.6
16-05-2022 19:00;12.77
16-05-2022 19:15;13.01
16-05-2022 19:30;13.94
16-05-2022 19:45;13.72
16-05-2022 20:00;13.58
16-05-2022 20:15;13.43
16-05-2022 20:30;13.65
16-05-2022 20:45;13.79
16-05-2022 21:00;14.07
16-05-2022 21:15;14.15
16-05-2022 21:30;14.25
16-05-2022 21:45;14.7
16-05-2022 22:00;15.12
16-05-2022 22:15;14.94
16-05-2022 22:30;15.06
16-05-2022 22:45;15.1
16-05-2022 23:00;15.14
16-05-2022 23:15;15.39
16-05-2022 23:30;15.6
16-05-2022 23:45;15.51
17-05-2022 00:00;15.73
17-05-2022 00:15;15.91
17-05-2022 00:30;14.94
17-05-2022 00:45;15.07
17-05-2022 01:00;14.97
17-05-2022 01:15;15.19
17-05-2022 01:30;15.15
17-05-2022 01:45;15.3
17-05-2022 02:00;15.27
17-05-2022 02:15;15.33
17-05-2022 02:30;15.32
17-05-2022 02:45;15.6
17-05-2022 03:00;16.82
17-05-2022 03:15;16.36
17-05-2022 03:30;16.19
17-05-2022 03:45;16.13
17-05-2022 04:00;16.15
17-05-2022 04:15;16.72
17-05-2022 04:30;16.68
17-05-2022 04:45;16.96
17-05-2022 05:00;16.59
17-05-2022 05:15;17.48
17-05-2022 05:30;16.89
17-05-2022 05:45;17.61
17-05-2022 06:00;16.99
17-05-2022 06:15;17.12
17-05-2022 06:30;16.7
17-05-2022 06:45;16.16
17-05-2022 07:00;16.52
17-05-2022 07:15;16.97
17-05-2022 07:30;17.79
17-05-2022 07:45;17.35
17-05-2022 08:00;16.92
17-05-2022 08:15;15.3
17-05-2022 08:30;15.34
17-05-2022 08:45;15.32
17-05-2022 09:00;15.71
17-05-2022 09:15;16.37
17-05-2022 09:30;16.3
17-05-2022 09:45;15.88
17-05-2022 10:00;15.76
17-05-2022 10:15;15.96
17-05-2022 10:30;16.41
17-05-2022 10:45;15.14
17-05-2022 11:00;16.44
17-05-2022 11:15;16.62
17-05-2022 11:30;17.07
17-05-2022 11:45;17.73
17-05-2022 12:00;17.65
17-05-2022 12:15;17.6
17-05-2022 12:30;17.59
17-05-2022 12:45;17.53
17-05-2022 13:00;17.27
17-05-2022 13:15;17.33
17-05-2022 13:30;17.24
17-05-2022 13:45;17.3
17-05-2022 14:00;17.22
17-05-2022 14:15;17.17
17-05-2022 14:30;17.18
17-05-2022 14:45;17.41
17-05-2022 15:00;17.36
17-05-2022 15:15;17.38
17-05-2022 15:30;17.69
17-05-2022 15:45;16.09
17-05-2022 16:00;15.28
17-05-2022 16:15;15.78
17-05-2022 16:30;15.14
17-05-2022 16:45;15.06
17-05-2022 17:00;15.21
17-05-2022 17:15;16.34
17-05-2022 17:30;15.5
17-05-2022 17:45;15.33
17-05-2022 18:00;15
17-05-2022 18:15;14.61
17-05-2022 18:30;14.03
17-05-2022 18:45;13.47
17-05-2022 19:00;13.34
17-05-2022 19:15;13.18
17-05-2022 19:30;13
17-05-2022 19:45;13.05
17-05-2022 20:00;12.9
17-05-2022 20:15;13.84
17-05-2022 20:30;13.47
17-05-2022 20:45;13.62
17-05-2022 21:00;13.65
17-05-2022 21:15;13.7
17-05-2022 21:30;13.97
17-05-2022 21:45;14.41
17-05-2022 22:00;14.88
17-05-2022 22:15;15.43
17-05-2022 22:30;16.05
17-05-2022 22:45;16.57
17-05-2022 23:00;17.29
17-05-2022 23:15;17.32
17-05-2022 23:30;17.89
17-05-2022 23:45;18.24
18-05-2022 00:00;18
18-05-2022 00:15;17.81
18-05-2022 00:30;17.09
18-05-2022 00:45;17.15
18-05-2022 01:00;17.24
18-05-2022 01:15;16.74
18-05-2022 01:30;16.01
18-05-2022 01:45;16.11
18-05-2022 02:00;16.18
18-05-2022 02:15;16.25
18-05-2022 02:30;16.02
18-05-2022 02:45;15.92
18-05-2022 03:00;15.91
18-05-2022 03:15;15.75
18-05-2022 03:30;16.05
18-05-2022 03:45;14.92
18-05-2022 04:00;15.79
18-05-2022 04:15;15.54
18-05-2022 04:30;15.45
18-05-2022 04:45;15.45
18-05-2022 05:00;15.4
18-05-2022 05:15;15.17
18-05-2022 05:30;14.84
18-05-2022 05:45;14.68
18-05-2022 06:00;14.74
18-05-2022 06:15;13.9
18-05-2022 06:30;13.89
18-05-2022 06:45;13.77
18-05-2022 07:00;13.59
18-05-2022 07:15;13.54
18-05-2022 07:30;13.81
18-05-2022 07:45;13.15
18-05-2022 08:00;13.89
18-05-2022 08:15;13.16
18-05-2022 08:30;13.25
18-05-2022 08:45;13.26
18-05-2022 09:00;13.24
18-05-2022 09:15;13.23
18-05-2022 09:30;11.49
18-05-2022 09:45;10.21
18-05-2022 10:00;13.49
18-05-2022 10:15;14.78
18-05-2022 10:30;15.36
18-05-2022 10:45;15.31
18-05-2022 11:00;15.72
18-05-2022 11:15;16.19
18-05-2022 11:30;16.73
18-05-2022 11:45;15.48
18-05-2022 12:00;16.27
18-05-2022 12:15;16.43
18-05-2022 12:30;16.35
18-05-2022 12:45;16.86
18-05-2022 13:00;16.96
18-05-2022 13:15;16.82
18-05-2022 13:30;17
18-05-2022 13:45;16.29
18-05-2022 14:00;17.21
18-05-2022 14:15;17.16
18-05-2022 14:30;17.15
18-05-2022 14:45;15.82
18-05-2022 15:00;15.95
18-05-2022 15:15;17.67
18-05-2022 15:30;15.61
18-05-2022 15:45;17.51
18-05-2022 16:00;20.8
18-05-2022 16:15;20.16
18-05-2022 16:30;20.7
18-05-2022 16:45;20.39
18-05-2022 17:00;19.91
18-05-2022 17:15;20.81
18-05-2022 17:30;20.44
18-05-2022 17:45;19.89
18-05-2022 18:00;19.17
18-05-2022 18:15;17.7
18-05-2022 18:30;17.27
18-05-2022 18:45;17.03
18-05-2022 19:00;16.04
18-05-2022 19:15;15.69
18-05-2022 19:30;15.27
18-05-2022 19:45;15.53
18-05-2022 20:00;15.47
18-05-2022 20:15;15.6
18-05-2022 20:30;15.83
18-05-2022 20:45;15.93
18-05-2022 21:00;16.07
18-05-2022 21:15;16.42
18-05-2022 21:30;16.56
18-05-2022 21:45;16.94
18-05-2022 22:00;15.64
18-05-2022 22:15;15.36
18-05-2022 22:30;15.61
18-05-2022 22:45;15.96
18-05-2022 23:00;16.45
18-05-2022 23:15;16.78
18-05-2022 23:30;17.01
18-05-2022 23:45;17.23
19-05-2022 00:00;17.26
19-05-2022 00:15;17.41
19-05-2022 00:30;17.8
19-05-2022 00:45;17.9
19-05-2022 01:00;17.71
19-05-2022 01:15;17.99
19-05-2022 01:30;17.57
19-05-2022 01:45;15.9
19-05-2022 02:00;16.69
19-05-2022 02:15;19.19
19-05-2022 02:30;19.08
19-05-2022 02:45;22.02
19-05-2022 03:00;20.04
19-05-2022 03:15;20.03
19-05-2022 03:30;20.1
19-05-2022 03:45;20.38
19-05-2022 04:00;20.48
19-05-2022 04:15;20.46
19-05-2022 04:30;21.01
19-05-2022 04:45;21.33
19-05-2022 05:00;21.38
19-05-2022 05:15;21.53
19-05-2022 05:30;21.74
19-05-2022 05:45;21.76
19-05-2022 06:00;21.53
19-05-2022 06:15;21.69
19-05-2022 06:30;21.22
19-05-2022 06:45;21.05
19-05-2022 07:00;21.38
19-05-2022 07:15;20.91
19-05-2022 07:30;19.82
19-05-2022 07:45;19.59
19-05-2022 08:00;20.6
19-05-2022 08:15;18.97
19-05-2022 08:30;18.43
19-05-2022 08:45;18.02
19-05-2022 09:00;17.33
19-05-2022 09:15;17.25
19-05-2022 09:30;17.13
19-05-2022 09:45;17.85
19-05-2022 10:00;17.55
19-05-2022 10:15;17.82
19-05-2022 10:30;18.09
19-05-2022 10:45;17.39
19-05-2022 11:00;16.21
19-05-2022 11:15;17.35
19-05-2022 11:30;18.31
19-05-2022 11:45;18.51
19-05-2022 12:00;18.04
19-05-2022 12:15;17.89
19-05-2022 12:30;17.85
19-05-2022 12:45;18.14
19-05-2022 13:00;18.38
19-05-2022 13:15;18.66
19-05-2022 13:30;18.91
19-05-2022 13:45;19.1
19-05-2022 14:00;18.86
19-05-2022 14:15;19.13
19-05-2022 14:30;19.23
19-05-2022 14:45;18.97
19-05-2022 15:00;19.44
19-05-2022 15:15;19.04
19-05-2022 15:30;19.29
19-05-2022 15:45;19
19-05-2022 16:00;19.27
19-05-2022 16:15;18.86
19-05-2022 16:30;18.16
19-05-2022 16:45;18.48
19-05-2022 17:00;18.15
19-05-2022 17:15;18.15
19-05-2022 17:30;17.83
19-05-2022 17:45;17.88
19-05-2022 18:00;17.55
19-05-2022 18:15;17.23
19-05-2022 18:30;16.57
19-05-2022 18:45;16.67
19-05-2022 19:00;16.53
19-05-2022 19:15;16.51
19-05-2022 19:30;16.62
19-05-2022 19:45;16.45
19-05-2022 20:00;16.36
19-05-2022 20:15;16.22
19-05-2022 20:30;16.17
19-05-2022 20:45;14.22
19-05-2022 21:00;14.34
19-05-2022 21:15;14.24
19-05-2022 21:30;14.35
19-05-2022 21:45;14.43
19-05-2022 22:00;14.78
19-05-2022 22:15;14.98
19-05-2022 22:30;14.94
19-05-2022 22:45;15.26
19-05-2022 23:00;15.28
19-05-2022 23:15;15.52
19-05-2022 23:30;15.57
19-05-2022 23:45;15.81
20-05-2022 00:00;16.39
20-05-2022 00:15;16.24
20-05-2022 00:30;16.45
20-05-2022 00:45;16.36
20-05-2022 01:00;17.12
20-05-2022 01:15;17.24
20-05-2022 01:30;17.19
20-05-2022 01:45;17.04
20-05-2022 02:00;17.99
20-05-2022 02:15;18.12
20-05-2022 02:30;18.04
20-05-2022 02:45;17.88
20-05-2022 03:00;17.74
20-05-2022 03:15;17.66
20-05-2022 03:30;17.63
20-05-2022 03:45;17.44
20-05-2022 04:00;17.26
20-05-2022 04:15;17.17
20-05-2022 04:30;16.98
20-05-2022 04:45;16.9
20-05-2022 05:00;16.84
20-05-2022 05:15;15.99
20-05-2022 05:30;16.1
20-05-2022 05:45;16.18
20-05-2022 06:00;16.35
20-05-2022 06:15;16.4
20-05-2022 06:30;16.69
20-05-2022 06:45;16.62
20-05-2022 07:00;16.46
20-05-2022 07:15;16.02
20-05-2022 07:30;15.6
20-05-2022 07:45;15.05
20-05-2022 08:00;14.42
20-05-2022 08:15;14.03
20-05-2022 08:30;14.23
20-05-2022 08:45;14.2
20-05-2022 09:00;14.47
20-05-2022 09:15;15.16
20-05-2022 09:30;16.58
20-05-2022 09:45;15.49
20-05-2022 10:00;15.69
20-05-2022 10:15;16.16
20-05-2022 10:30;16.34
20-05-2022 10:45;16.53
20-05-2022 11:00;16.21
20-05-2022 11:15;17.45
20-05-2022 11:30;18.74
20-05-2022 11:45;18.71
20-05-2022 12:00;18.7
20-05-2022 12:15;17.63
20-05-2022 12:30;20.81
20-05-2022 12:45;24.02
20-05-2022 13:00;26.02
20-05-2022 13:15;27.84
20-05-2022 13:30;30.7
20-05-2022 13:45;32.98
20-05-2022 14:00;34.09
20-05-2022 14:15;34.8
20-05-2022 14:30;35.27
20-05-2022 14:45;37.22
20-05-2022 15:00;39.37
20-05-2022 15:15;42.73
20-05-2022 15:30;44.33
20-05-2022 15:45;45.54
20-05-2022 16:00;44.92
20-05-2022 16:15;44.86
20-05-2022 16:30;44.73
20-05-2022 16:45;44.04
20-05-2022 17:00;43.56
20-05-2022 17:15;43.19
20-05-2022 17:30;41.76
20-05-2022 17:45;38.79
20-05-2022 18:00;37.73
20-05-2022 18:15;33.84
20-05-2022 18:30;31.58
20-05-2022 18:45;29.77
20-05-2022 19:00;27.69
20-05-2022 19:15;27.84
20-05-2022 19:30;27.67
20-05-2022 19:45;27.14
20-05-2022 20:00;26.83
20-05-2022 20:15;25.26
20-05-2022 20:30;22.74
20-05-2022 20:45;21.76
20-05-2022 21:00;20.92
20-05-2022 21:15;21.07
20-05-2022 21:30;20.93
20-05-2022 21:45;20.79
20-05-2022 22:00;20.46
20-05-2022 22:15;19.95
20-05-2022 22:30;19.55
20-05-2022 22:45;19.66
20-05-2022 23:00;20.07
20-05-2022 23:15;19.85
20-05-2022 23:30;19.94
20-05-2022 23:45;20.17
21-05-2022 00:00;20.22
21-05-2022 00:15;20.22
21-05-2022 00:30;19.72
21-05-2022 00:45;19.31
21-05-2022 01:00;19.44
21-05-2022 01:15;19.5
21-05-2022 01:30;19.04
21-05-2022 01:45;18.2
21-05-2022 02:00;18.08
21-05-2022 02:15;17.26
21-05-2022 02:30;17.34
21-05-2022 02:45;16.45
21-05-2022 03:00;16.52
21-05-2022 03:15;16.3
21-05-2022 03:30;16.28
21-05-2022 03:45;15.83
21-05-2022 04:00;15.69
21-05-2022 04:15;15.54
21-05-2022 04:30;15.45
21-05-2022 04:45;15.14
21-05-2022 05:00;14.77
21-05-2022 05:15;14.71
21-05-2022 05:30;14.82
21-05-2022 05:45;14.96
21-05-2022 06:00;14.23
21-05-2022 06:15;14.78
21-05-2022 06:30;13.81
21-05-2022 06:45;12.93
21-05-2022 07:00;12.98
21-05-2022 07:15;12.52
21-05-2022 07:30;10.89
21-05-2022 07:45;9.43
21-05-2022 08:00;9.61
21-05-2022 08:15;9.73
21-05-2022 08:30;9.86
21-05-2022 08:45;9.98
21-05-2022 09:00;10.27
21-05-2022 09:15;10.25
21-05-2022 09:30;10.38
21-05-2022 09:45;10.46
21-05-2022 10:00;10.72
21-05-2022 10:15;10.79
21-05-2022 10:30;10.89
21-05-2022 10:45;10.88
21-05-2022 11:00;11.02
21-05-2022 11:15;11.22
21-05-2022 11:30;11.51
21-05-2022 11:45;11.95
21-05-2022 12:00;12.52
21-05-2022 12:15;12.9
21-05-2022 12:30;13.26
21-05-2022 12:45;15.69
21-05-2022 13:00;16.49
21-05-2022 13:15;17.2
21-05-2022 13:30;17.94
21-05-2022 13:45;18.59
21-05-2022 14:00;18.8
21-05-2022 14:15;18.37
21-05-2022 14:30;17.98
21-05-2022 14:45;18.06
21-05-2022 15:00;17.95
21-05-2022 15:15;18.21
21-05-2022 15:30;18.02
21-05-2022 15:45;18.28
21-05-2022 16:00;18.52
21-05-2022 16:15;18.74
21-05-2022 16:30;18.97
21-05-2022 16:45;18.87
21-05-2022 17:00;19.01
21-05-2022 17:15;18.9
21-05-2022 17:30;18.96
21-05-2022 17:45;19.05
21-05-2022 18:00;18.73
21-05-2022 18:15;18.64
21-05-2022 18:30;18.69
21-05-2022 18:45;19.15
21-05-2022 19:00;16.62
21-05-2022 19:15;16.88
21-05-2022 19:30;16.7
21-05-2022 19:45;16.41
21-05-2022 20:00;16.45
21-05-2022 20:15;16.35
21-05-2022 20:30;15.93
21-05-2022 20:45;16.15
21-05-2022 21:00;16.32
21-05-2022 21:15;16.28
21-05-2022 21:30;16.26
21-05-2022 21:45;16.43
21-05-2022 22:00;16.74
21-05-2022 22:15;16.6
21-05-2022 22:30;16.63
21-05-2022 22:45;16.63
21-05-2022 23:00;16.54
21-05-2022 23:15;16.49
21-05-2022 23:30;16.57
21-05-2022 23:45;18.01
22-05-2022 00:00;17.89
22-05-2022 00:15;17.64
22-05-2022 00:30;17.34
22-05-2022 00:45;17.27
22-05-2022 01:00;17.11
22-05-2022 01:15;16.76
22-05-2022 01:30;16.69
22-05-2022 01:45;16.7
22-05-2022 02:00;16.62
22-05-2022 02:15;16.37
22-05-2022 02:30;16.18
22-05-2022 02:45;16.16
22-05-2022 03:00;16.18
22-05-2022 03:15;15.88
22-05-2022 03:30;15.6
22-05-2022 03:45;16.31
22-05-2022 04:00;16.47
22-05-2022 04:15;16.33
22-05-2022 04:30;16.09
22-05-2022 04:45;15.78
22-05-2022 05:00;15.63
22-05-2022 05:15;15.46
22-05-2022 05:30;15.27
22-05-2022 05:45;14.84
22-05-2022 06:00;14.61
22-05-2022 06:15;14.24
22-05-2022 06:30;14.02
22-05-2022 06:45;13.84
22-05-2022 07:00;14.66
22-05-2022 07:15;13.62
22-05-2022 07:30;13.01
22-05-2022 07:45;12.61
22-05-2022 08:00;11.02
22-05-2022 08:15;9.39
22-05-2022 08:30;9.19
22-05-2022 08:45;9.23
22-05-2022 09:00;9.21
22-05-2022 09:15;9.16
22-05-2022 09:30;9.15
22-05-2022 09:45;9.14
22-05-2022 10:00;9.11
22-05-2022 10:15;8.98
22-05-2022 10:30;9
22-05-2022 10:45;8.93
22-05-2022 11:00;9.22
22-05-2022 11:15;9.82
22-05-2022 11:30;9.7
22-05-2022 11:45;10.33
22-05-2022 12:00;12.06
22-05-2022 12:15;14.91
22-05-2022 12:30;14.28
22-05-2022 12:45;13.54
22-05-2022 13:00;13.71
22-05-2022 13:15;14.13
22-05-2022 13:30;14.71
22-05-2022 13:45;15.14
22-05-2022 14:00;15.31
22-05-2022 14:15;15.44
22-05-2022 14:30;16.03
22-05-2022 14:45;16.03
22-05-2022 15:00;16.01
22-05-2022 15:15;16.5
22-05-2022 15:30;16.36
22-05-2022 15:45;16.11
22-05-2022 16:00;16.12
22-05-2022 16:15;16.24
22-05-2022 16:30;15.82
22-05-2022 16:45;15.93
22-05-2022 17:00;15.96
22-05-2022 17:15;15.94
22-05-2022 17:30;16.08
22-05-2022 17:45;16.32
22-05-2022 18:00;15.95
22-05-2022 18:15;15.79
22-05-2022 18:30;15.81
22-05-2022 18:45;15.73
22-05-2022 19:00;15.44
22-05-2022 19:15;15.23
22-05-2022 19:30;15.05
22-05-2022 19:45;15.03
22-05-2022 20:00;15.22
22-05-2022 20:15;16.58
22-05-2022 20:30;16.04
22-05-2022 20:45;16.1
22-05-2022 21:00;16.07
22-05-2022 21:15;16.1
22-05-2022 21:30;16.15
22-05-2022 21:45;16.53
22-05-2022 22:00;16.94
22-05-2022 22:15;16.93
22-05-2022 22:30;16.97
22-05-2022 22:45;17.16
22-05-2022 23:00;17.32
22-05-2022 23:15;17.24
22-05-2022 23:30;17.29
22-05-2022 23:45;17.25
23-05-2022 00:00;17.51
23-05-2022 00:15;17.55
23-05-2022 00:30;17.6
23-05-2022 00:45;17.69
23-05-2022 01:00;17.9
23-05-2022 01:15;19.19
23-05-2022 01:30;17.7
23-05-2022 01:45;17.58
23-05-2022 02:00;17.94
23-05-2022 02:15;17.81
23-05-2022 02:30;18.03
23-05-2022 02:45;18.36
23-05-2022 03:00;18.16
23-05-2022 03:15;18.69
23-05-2022 03:30;18.6
23-05-2022 03:45;18.39
23-05-2022 04:00;18.27
23-05-2022 04:15;17.8
23-05-2022 04:30;17.53
23-05-2022 04:45;17.09
23-05-2022 05:00;16.78
23-05-2022 05:15;16.35
23-05-2022 05:30;16.03
23-05-2022 05:45;15.65
23-05-2022 06:00;15.38
23-05-2022 06:15;14.84
23-05-2022 06:30;14.6
23-05-2022 06:45;14.67
23-05-2022 07:00;15.86
23-05-2022 07:15;13.47
23-05-2022 07:30;13.19
23-05-2022 07:45;12.61
23-05-2022 08:00;10.43
23-05-2022 08:15;9.8
23-05-2022 08:30;12.12
23-05-2022 08:45;10.13
23-05-2022 09:00;10.56
23-05-2022 09:15;11.33
23-05-2022 09:30;11.58
23-05-2022 09:45;12.33
23-05-2022 10:00;12.8
23-05-2022 10:15;12.75
23-05-2022 10:30;13.57
23-05-2022 10:45;15.24
23-05-2022 11:00;16.72
23-05-2022 11:15;16.8
23-05-2022 11:30;17.33
23-05-2022 11:45;17.98
23-05-2022 12:00;18.08
23-05-2022 12:15;18.22
23-05-2022 12:30;18.52
23-05-2022 12:45;18.74
23-05-2022 13:00;17.21
23-05-2022 13:15;17.63
23-05-2022 13:30;19.55
23-05-2022 13:45;19.8
23-05-2022 14:00;19.82
23-05-2022 14:15;19.87
23-05-2022 14:30;20.07
23-05-2022 14:45;20.62
23-05-2022 15:00;21.24
23-05-2022 15:15;24.53
23-05-2022 15:30;23.61
23-05-2022 15:45;25.03
23-05-2022 16:00;27.02
23-05-2022 16:15;29.52
23-05-2022 16:30;28
23-05-2022 16:45;30.58
23-05-2022 17:00;31.08
23-05-2022 17:15;31.19
23-05-2022 17:30;31.72
23-05-2022 17:45;30.97
23-05-2022 18:00;30.93
23-05-2022 18:15;30.76
23-05-2022 18:30;30.72
23-05-2022 18:45;30.64
23-05-2022 19:00;30.64
23-05-2022 19:15;30.43
23-05-2022 19:30;30.22
23-05-2022 19:45;30.21
23-05-2022 20:00;30.03
23-05-2022 20:15;29.54
23-05-2022 20:30;30.51
23-05-2022 20:45;30.69
23-05-2022 21:00;30.89
23-05-2022 21:15;29.53
23-05-2022 21:30;29.43
23-05-2022 21:45;28.99
23-05-2022 22:00;29.07
23-05-2022 22:15;28.45
23-05-2022 22:30;28.16
23-05-2022 22:45;26.04
23-05-2022 23:00;23.62
23-05-2022 23:15;24.26
23-05-2022 23:30;24.69
23-05-2022 23:45;25.47
24-05-2022 00:00;25.83
24-05-2022 00:15;26.1
24-05-2022 00:30;26.39
24-05-2022 00:45;26.82
24-05-2022 01:00;27.05
24-05-2022 01:15;27.32
24-05-2022 01:30;27.48
24-05-2022 01:45;27.44
24-05-2022 02:00;27.47
24-05-2022 02:15;27.36
24-05-2022 02:30;27.26
24-05-2022 02:45;27.04
24-05-2022 03:00;26.75
24-05-2022 03:15;26.47
24-05-2022 03:30;26.25
24-05-2022 03:45;25.93
24-05-2022 04:00;25.5
24-05-2022 04:15;25.05
24-05-2022 04:30;24.59
24-05-2022 04:45;24.11
24-05-2022 05:00;23.17
24-05-2022 05:15;22.81
24-05-2022 05:30;22.13
24-05-2022 05:45;20.86
24-05-2022 06:00;20.69
24-05-2022 06:15;20.71
24-05-2022 06:30;19.84
24-05-2022 06:45;18.67
24-05-2022 07:00;18.04
24-05-2022 07:15;17.91
24-05-2022 07:30;16.69
24-05-2022 07:45;17.36
24-05-2022 08:00;16.74
24-05-2022 08:15;17.52
24-05-2022 08:30;17.29
24-05-2022 08:45;17.16
24-05-2022 09:00;16.01
24-05-2022 09:15;15.96
24-05-2022 09:30;15.81
24-05-2022 09:45;15.66
24-05-2022 10:00;16.14
24-05-2022 10:15;17
24-05-2022 10:30;17.76
24-05-2022 10:45;16.45
24-05-2022 11:00;16.52
24-05-2022 11:15;15.74
24-05-2022 11:30;16.3
24-05-2022 11:45;15.62
24-05-2022 12:00;15.63
24-05-2022 12:15;15.26
24-05-2022 12:30;15.08
24-05-2022 12:45;14.98
24-05-2022 13:00;14.97
24-05-2022 13:15;14.99
24-05-2022 13:30;14.98
24-05-2022 13:45;14.64
24-05-2022 14:00;14.51
24-05-2022 14:15;14.55
24-05-2022 14:30;14.05
24-05-2022 14:45;10.32
24-05-2022 15:00;11.56
24-05-2022 15:15;14.99
24-05-2022 15:30;15.41
24-05-2022 15:45;15.61
24-05-2022 16:00;15.67
24-05-2022 16:15;15.8
24-05-2022 16:30;15.52
24-05-2022 16:45;15.72
24-05-2022 17:00;15.86
24-05-2022 17:15;16.37
24-05-2022 17:30;15.72
24-05-2022 17:45;16.4
24-05-2022 18:00;16.49
24-05-2022 18:15;16.56
24-05-2022 18:30;16.7
24-05-2022 18:45;16.74
24-05-2022 19:00;16.72
24-05-2022 19:15;16.87
24-05-2022 19:30;16.86
24-05-2022 19:45;16.74
24-05-2022 20:00;16.88
24-05-2022 20:15;16.89
24-05-2022 20:30;16.93
24-05-2022 20:45;16.82
24-05-2022 21:00;16.77
24-05-2022 21:15;16.78
24-05-2022 21:30;16.71
24-05-2022 21:45;16.78
24-05-2022 22:00;16.69
24-05-2022 22:15;16.67
24-05-2022 22:30;16.73
24-05-2022 22:45;16.68
24-05-2022 23:00;16.61
24-05-2022 23:15;16.61
24-05-2022 23:30;16.61
24-05-2022 23:45;16.81
25-05-2022 00:00;16.79
25-05-2022 00:15;16.85
25-05-2022 00:30;16.82
25-05-2022 00:45;16.79
25-05-2022 01:00;16.8
25-05-2022 01:15;16.8
25-05-2022 01:30;16.8
25-05-2022 01:45;16.81
25-05-2022 02:00;16.8
25-05-2022 02:15;16.73
25-05-2022 02:30;16.43
25-05-2022 02:45;16.14
25-05-2022 03:00;16.2
25-05-2022 03:15;16.06
25-05-2022 03:30;15.72
25-05-2022 03:45;15.28
25-05-2022 04:00;15.08
25-05-2022 04:15;14.49
25-05-2022 04:30;13.98
25-05-2022 04:45;13.62
25-05-2022 05:00;13.33
25-05-2022 05:15;11.52
25-05-2022 05:30;10.37
25-05-2022 05:45;9.81
25-05-2022 06:00;10.07
25-05-2022 06:15;10.15
25-05-2022 06:30;10.26
25-05-2022 06:45;10.57
25-05-2022 07:00;10.48
25-05-2022 07:15;10.57
25-05-2022 07:30;10.52
25-05-2022 07:45;10.8
25-05-2022 08:00;10.67
25-05-2022 08:15;10.91
25-05-2022 08:30;10.69
25-05-2022 08:45;10.98
25-05-2022 09:00;11.57
25-05-2022 09:15;12.27
25-05-2022 09:30;13.51
25-05-2022 09:45;12.12
25-05-2022 10:00;14.29
25-05-2022 10:15;14.54
25-05-2022 10:30;16.02
25-05-2022 10:45;16.5
25-05-2022 11:00;16.14
25-05-2022 11:15;15.74
25-05-2022 11:30;16.41
25-05-2022 11:45;18.4
25-05-2022 12:00;19.92
25-05-2022 12:15;18.54
25-05-2022 12:30;17.47
25-05-2022 12:45;14
25-05-2022 13:00;14.85
25-05-2022 13:15;16.96
25-05-2022 13:30;15.88
25-05-2022 13:45;16.78
25-05-2022 14:00;18
25-05-2022 14:15;17.99
25-05-2022 14:30;18.04
25-05-2022 14:45;17.83
25-05-2022 15:00;17.51
25-05-2022 15:15;17.43
25-05-2022 15:30;17.46
25-05-2022 15:45;17.76
25-05-2022 16:00;17.71
25-05-2022 16:15;17.79
25-05-2022 16:30;17.93
25-05-2022 16:45;18.03
25-05-2022 17:00;18.45
25-05-2022 17:15;16.78
25-05-2022 17:30;17.03
25-05-2022 17:45;17.03
25-05-2022 18:00;17.34
25-05-2022 18:15;17.19
25-05-2022 18:30;17.22
25-05-2022 18:45;17.32
25-05-2022 19:00;17.26
25-05-2022 19:15;17.21
25-05-2022 19:30;17.09
25-05-2022 19:45;16.98
25-05-2022 20:00;17.02
25-05-2022 20:15;16.54
25-05-2022 20:30;16.57
25-05-2022 20:45;16.61
25-05-2022 21:00;16.31
25-05-2022 21:15;16.4
25-05-2022 21:30;16.5
25-05-2022 21:45;16.48
25-05-2022 22:00;16.27
25-05-2022 22:15;16.18
25-05-2022 22:30;16.08
25-05-2022 22:45;15.95
25-05-2022 23:00;15.96
25-05-2022 23:15;15.97
25-05-2022 23:30;15.98
25-05-2022 23:45;16.09
26-05-2022 00:00;16.04
26-05-2022 00:15;15.98
26-05-2022 00:30;15.83
26-05-2022 00:45;15.77
26-05-2022 01:00;15.86
26-05-2022 01:15;15.94
26-05-2022 01:30;15.78
26-05-2022 01:45;15.71
26-05-2022 02:00;15.76
26-05-2022 02:15;15.46
26-05-2022 02:30;15.42
26-05-2022 02:45;15.43
26-05-2022 03:00;15.29
26-05-2022 03:15;15.14
26-05-2022 03:30;15.14
26-05-2022 03:45;14.33
26-05-2022 04:00;14.31
26-05-2022 04:15;14.4
26-05-2022 04:30;14.24
26-05-2022 04:45;14.09
26-05-2022 05:00;13.94
26-05-2022 05:15;14.89
26-05-2022 05:30;13.97
26-05-2022 05:45;10.31
26-05-2022 06:00;9.8
26-05-2022 06:15;10.12
26-05-2022 06:30;10.43
26-05-2022 06:45;10.62
26-05-2022 07:00;11.33
26-05-2022 07:15;12.51
26-05-2022 07:30;14.64
26-05-2022 07:45;11.78
26-05-2022 08:00;11.49
26-05-2022 08:15;11.61
26-05-2022 08:30;12.88
26-05-2022 08:45;14.99
26-05-2022 09:00;14.39
26-05-2022 09:15;13.93
26-05-2022 09:30;13.4
26-05-2022 09:45;12.84
26-05-2022 10:00;10.06
26-05-2022 10:15;9.87
26-05-2022 10:30;10.67
26-05-2022 10:45;12.9
26-05-2022 11:00;10.99
26-05-2022 11:15;11.36
26-05-2022 11:30;11.66
26-05-2022 11:45;12.06
26-05-2022 12:00;12.15
26-05-2022 12:15;12.35
26-05-2022 12:30;12.73
26-05-2022 12:45;13.13
26-05-2022 13:00;16.38
26-05-2022 13:15;16.08
26-05-2022 13:30;16.12
26-05-2022 13:45;15.79
26-05-2022 14:00;15.76
26-05-2022 14:15;15.63
26-05-2022 14:30;15.57
26-05-2022 14:45;15.77
26-05-2022 15:00;15.64
26-05-2022 15:15;15.33
26-05-2022 15:30;15.55
26-05-2022 15:45;15.34
26-05-2022 16:00;15.39
26-05-2022 16:15;15.46
26-05-2022 16:30;15.42
26-05-2022 16:45;15.47
26-05-2022 17:00;14.93
26-05-2022 17:15;14.78
26-05-2022 17:30;14.75
26-05-2022 17:45;14.6
26-05-2022 18:00;14.53
26-05-2022 18:15;14.53
26-05-2022 18:30;14.37
26-05-2022 18:45;14.42
26-05-2022 19:00;14.28
26-05-2022 19:15;14.35
26-05-2022 19:30;14.97
26-05-2022 19:45;16.05
26-05-2022 20:00;15.16
26-05-2022 20:15;13.18
26-05-2022 20:30;10.18
26-05-2022 20:45;10.34
26-05-2022 21:00;11.23
26-05-2022 21:15;12.16
26-05-2022 21:30;13.29
26-05-2022 21:45;15.58
26-05-2022 22:00;16.55
26-05-2022 22:15;16.77
26-05-2022 22:30;17.06
26-05-2022 22:45;16.76
26-05-2022 23:00;16.58
26-05-2022 23:15;16.37
26-05-2022 23:30;16.11
26-05-2022 23:45;16.1
27-05-2022 00:00;15.82
27-05-2022 00:15;15.6
27-05-2022 00:30;15.61
27-05-2022 00:45;15.6
27-05-2022 01:00;15.51
27-05-2022 01:15;15.49
27-05-2022 01:30;15.32
27-05-2022 01:45;14.94
27-05-2022 02:00;14.97
27-05-2022 02:15;14.81
27-05-2022 02:30;14.66
27-05-2022 02:45;14.53
27-05-2022 03:00;14.44
27-05-2022 03:15;14.39
27-05-2022 03:30;14.84
27-05-2022 03:45;14.48
27-05-2022 04:00;14.36
27-05-2022 04:15;14
27-05-2022 04:30;13.61
27-05-2022 04:45;13.67
27-05-2022 05:00;13.56
27-05-2022 05:15;13.59
27-05-2022 05:30;13.56
27-05-2022 05:45;13.71
27-05-2022 06:00;13.79
27-05-2022 06:15;14.66
27-05-2022 06:30;14.48
27-05-2022 06:45;13.84
27-05-2022 07:00;13.32
27-05-2022 07:15;11.16
27-05-2022 07:30;10.37
27-05-2022 07:45;10.15
27-05-2022 08:00;10.72
27-05-2022 08:15;11.44
27-05-2022 08:30;11.04
27-05-2022 08:45;9.54
27-05-2022 09:00;9.97
27-05-2022 09:15;10.39
27-05-2022 09:30;10.53
27-05-2022 09:45;10.96
27-05-2022 10:00;11.09
27-05-2022 10:15;11.24
27-05-2022 10:30;11.49
27-05-2022 10:45;11.77
27-05-2022 11:00;11.82
27-05-2022 11:15;11.94
27-05-2022 11:30;12.36
27-05-2022 11:45;12.4
27-05-2022 12:00;12.79
27-05-2022 12:15;13.02
27-05-2022 12:30;16.47
27-05-2022 12:45;16.33
27-05-2022 13:00;16.26
27-05-2022 13:15;16.17
27-05-2022 13:30;16.07
27-05-2022 13:45;16.07
27-05-2022 14:00;16.17
27-05-2022 14:15;16.08
27-05-2022 14:30;16.19
27-05-2022 14:45;16.15
27-05-2022 15:00;16.04
27-05-2022 15:15;16.13
27-05-2022 15:30;16.23
27-05-2022 15:45;16.42
27-05-2022 16:00;16.48
27-05-2022 16:15;16.41
27-05-2022 16:30;16.37
27-05-2022 16:45;16.09
27-05-2022 17:00;16.16
27-05-2022 17:15;16.07
27-05-2022 17:30;15.66
27-05-2022 17:45;16.73
27-05-2022 18:00;15.51
27-05-2022 18:15;14.96
27-05-2022 18:30;14.64
27-05-2022 18:45;14.42
27-05-2022 19:00;13.83
27-05-2022 19:15;9.92
27-05-2022 19:30;10.08
27-05-2022 19:45;12.85
27-05-2022 20:00;11.9
27-05-2022 20:15;13.11
27-05-2022 20:30;14.9
27-05-2022 20:45;15.67
27-05-2022 21:00;15.15
27-05-2022 21:15;14.69
27-05-2022 21:30;14.56
27-05-2022 21:45;14.32
27-05-2022 22:00;14.25
27-05-2022 22:15;14.15
27-05-2022 22:30;14.08
27-05-2022 22:45;13.82
27-05-2022 23:00;13.66
27-05-2022 23:15;13.84
27-05-2022 23:30;13.84
27-05-2022 23:45;13.78
28-05-2022 00:00;13.74
28-05-2022 00:15;13.81
28-05-2022 00:30;13.74
28-05-2022 00:45;13.67
28-05-2022 01:00;13.79
28-05-2022 01:15;13.75
28-05-2022 01:30;13.68
28-05-2022 01:45;13.67
28-05-2022 02:00;13.65
28-05-2022 02:15;13.58
28-05-2022 02:30;13.53
28-05-2022 02:45;13.52
28-05-2022 03:00;13.36
28-05-2022 03:15;13.31
28-05-2022 03:30;13.21
28-05-2022 03:45;11.12
28-05-2022 04:00;10.59
28-05-2022 04:15;10.72
28-05-2022 04:30;10.95
28-05-2022 04:45;11.17
28-05-2022 05:00;11.23
28-05-2022 05:15;11.23
28-05-2022 05:30;11.21
28-05-2022 05:45;11.29
28-05-2022 06:00;11.74
28-05-2022 06:15;11.57
28-05-2022 06:30;11.49
28-05-2022 06:45;11.68
28-05-2022 07:00;11.88
28-05-2022 07:15;11.89
28-05-2022 07:30;12.5
28-05-2022 07:45;12.84
28-05-2022 08:00;16.56
28-05-2022 08:15;16.78
28-05-2022 08:30;16.66
28-05-2022 08:45;16.13
28-05-2022 09:00;15.6
28-05-2022 09:15;15.3
28-05-2022 09:30;15.31
28-05-2022 09:45;15.47
28-05-2022 10:00;15.83
28-05-2022 10:15;13.88
28-05-2022 10:30;14.24
28-05-2022 10:45;14.23
28-05-2022 11:00;14.32
28-05-2022 11:15;14.34
28-05-2022 11:30;14.46
28-05-2022 11:45;14.58
28-05-2022 12:00;14.72
28-05-2022 12:15;14.69
28-05-2022 12:30;14.38
28-05-2022 12:45;14.34
28-05-2022 13:00;14.24
28-05-2022 13:15;14.07
28-05-2022 13:30;13.89
28-05-2022 13:45;14.22
28-05-2022 14:00;14.23
28-05-2022 14:15;14.42
28-05-2022 14:30;14.58
28-05-2022 14:45;14.77
28-05-2022 15:00;15
28-05-2022 15:15;15.28
28-05-2022 15:30;15.32
28-05-2022 15:45;15.39
28-05-2022 16:00;15.84
28-05-2022 16:15;15.77
28-05-2022 16:30;16.01
28-05-2022 16:45;15.99
28-05-2022 17:00;16.09
28-05-2022 17:15;16.26
28-05-2022 17:30;16.2
28-05-2022 17:45;16.07
28-05-2022 18:00;16.35
28-05-2022 18:15;16.34
28-05-2022 18:30;16.29
28-05-2022 18:45;16.36
28-05-2022 19:00;16.15
28-05-2022 19:15;16.26
28-05-2022 19:30;16.17
28-05-2022 19:45;16.06
28-05-2022 20:00;16.04
28-05-2022 20:15;15.9
28-05-2022 20:30;15.81
28-05-2022 20:45;15.33
28-05-2022 21:00;14.9
28-05-2022 21:15;14.73
28-05-2022 21:30;14.4
28-05-2022 21:45;14.18
28-05-2022 22:00;13.72
28-05-2022 22:15;13.3
28-05-2022 22:30;13.27
28-05-2022 22:45;12.97
28-05-2022 23:00;10.71
28-05-2022 23:15;10.67
28-05-2022 23:30;11.09
28-05-2022 23:45;11.29
29-05-2022 00:00;11.78
29-05-2022 00:15;11.91
29-05-2022 00:30;12.18
29-05-2022 00:45;12.35
29-05-2022 01:00;12.5
29-05-2022 01:15;12.57
29-05-2022 01:30;12.79
29-05-2022 01:45;12.75
29-05-2022 02:00;12.66
29-05-2022 02:15;12.73
29-05-2022 02:30;12.69
29-05-2022 02:45;12.7
29-05-2022 03:00;12.66
29-05-2022 03:15;12.62
29-05-2022 03:30;12.57
29-05-2022 03:45;12.52
29-05-2022 04:00;12.55
29-05-2022 04:15;12.46
29-05-2022 04:30;12.39
29-05-2022 04:45;12.16
29-05-2022 05:00;12.41
29-05-2022 05:15;12.6
29-05-2022 05:30;12.49
29-05-2022 05:45;12.4
29-05-2022 06:00;12.41
29-05-2022 06:15;12.29
29-05-2022 06:30;12.25
29-05-2022 06:45;12.04
29-05-2022 07:00;11.68
29-05-2022 07:15;11.66
29-05-2022 07:30;11.53
29-05-2022 07:45;11.39
29-05-2022 08:00;11.25
29-05-2022 08:15;10.99
29-05-2022 08:30;11.4
29-05-2022 08:45;12.55
29-05-2022 09:00;9.41
29-05-2022 09:15;9.38
29-05-2022 09:30;9.44
29-05-2022 09:45;9.64
29-05-2022 10:00;10
29-05-2022 10:15;11.11
29-05-2022 10:30;12.19
29-05-2022 10:45;11.97
29-05-2022 11:00;12.1
29-05-2022 11:15;12.02
29-05-2022 11:30;11.38
29-05-2022 11:45;12.54
29-05-2022 12:00;11.41
29-05-2022 12:15;12.79
29-05-2022 12:30;12.85
29-05-2022 12:45;14.81
29-05-2022 13:00;12.79
29-05-2022 13:15;12.6
29-05-2022 13:30;13.19
29-05-2022 13:45;16.45
29-05-2022 14:00;15.99
29-05-2022 14:15;15.03
29-05-2022 14:30;14.27
29-05-2022 14:45;14.19
29-05-2022 15:00;13.86
29-05-2022 15:15;13.81
29-05-2022 15:30;13.91
29-05-2022 15:45;13.76
29-05-2022 16:00;14.43
29-05-2022 16:15;14.65
29-05-2022 16:30;16.18
29-05-2022 16:45;14.62
29-05-2022 17:00;14.84
29-05-2022 17:15;15.01
29-05-2022 17:30;15.52
29-05-2022 17:45;15.46
29-05-2022 18:00;15.61
29-05-2022 18:15;15.54
29-05-2022 18:30;15.59
29-05-2022 18:45;15.93
29-05-2022 19:00;15.95
29-05-2022 19:15;16.05
29-05-2022 19:30;16.05
29-05-2022 19:45;16.02
29-05-2022 20:00;16.05
29-05-2022 20:15;16.02
29-05-2022 20:30;15.99
29-05-2022 20:45;16.23
29-05-2022 21:00;16.22
29-05-2022 21:15;16.3
29-05-2022 21:30;16.26
29-05-2022 21:45;16.32
29-05-2022 22:00;16.5
29-05-2022 22:15;16.56
29-05-2022 22:30;16.58
29-05-2022 22:45;16.75
29-05-2022 23:00;16.75
29-05-2022 23:15;16.96
29-05-2022 23:30;17.07
29-05-2022 23:45;16.99
30-05-2022 00:00;16.88
30-05-2022 00:15;17.09
30-05-2022 00:30;17.11
30-05-2022 00:45;16.93
30-05-2022 01:00;17.14
30-05-2022 01:15;17
30-05-2022 01:30;16.91
30-05-2022 01:45;16.9
30-05-2022 02:00;16.71
30-05-2022 02:15;16.66
30-05-2022 02:30;16.88
30-05-2022 02:45;16.76
30-05-2022 03:00;16.5
30-05-2022 03:15;16.44
30-05-2022 03:30;16.26
30-05-2022 03:45;16.16
30-05-2022 04:00;16.03
30-05-2022 04:15;15.9
30-05-2022 04:30;16.28
30-05-2022 04:45;17.46
30-05-2022 05:00;16.85
30-05-2022 05:15;16.83
30-05-2022 05:30;16.42
30-05-2022 05:45;16.24
30-05-2022 06:00;16.27
30-05-2022 06:15;15.95
30-05-2022 06:30;15.85
30-05-2022 06:45;16.62
30-05-2022 07:00;15.04
30-05-2022 07:15;14.3
30-05-2022 07:30;14.01
30-05-2022 07:45;13.83
30-05-2022 08:00;13.92
30-05-2022 08:15;14
30-05-2022 08:30;13.94
30-05-2022 08:45;14.09
30-05-2022 09:00;14.05
30-05-2022 09:15;14.14
30-05-2022 09:30;14.32
30-05-2022 09:45;14.19
30-05-2022 10:00;14.39
30-05-2022 10:15;15.25
30-05-2022 10:30;15.81
30-05-2022 10:45;15.2
30-05-2022 11:00;13.83
30-05-2022 11:15;11.02
30-05-2022 11:30;11.83
30-05-2022 11:45;11.69
30-05-2022 12:00;11.72
30-05-2022 12:15;14.63
30-05-2022 12:30;17.8
30-05-2022 12:45;18.02
30-05-2022 13:00;18.99
30-05-2022 13:15;18.7
30-05-2022 13:30;18.62
30-05-2022 13:45;18.2
30-05-2022 14:00;17.53
30-05-2022 14:15;17.19
30-05-2022 14:30;17.63
30-05-2022 14:45;17.86
30-05-2022 15:00;17.77
30-05-2022 15:15;17.69
30-05-2022 15:30;16.84
30-05-2022 15:45;16.83
30-05-2022 16:00;16.71
30-05-2022 16:15;16.78
30-05-2022 16:30;16.29
30-05-2022 16:45;16.18
30-05-2022 17:00;16.11
30-05-2022 17:15;16.08
30-05-2022 17:30;16.38
30-05-2022 17:45;16.69
30-05-2022 18:00;15.52
30-05-2022 18:15;15.52
30-05-2022 18:30;15.39
30-05-2022 18:45;14.88
30-05-2022 19:00;15.06
30-05-2022 19:15;15.55
30-05-2022 19:30;14.59
30-05-2022 19:45;14.66
30-05-2022 20:00;14.71
30-05-2022 20:15;14.47
30-05-2022 20:30;14.63
30-05-2022 20:45;14.55
30-05-2022 21:00;14.65
30-05-2022 21:15;14.8
30-05-2022 21:30;14.86
30-05-2022 21:45;14.84
30-05-2022 22:00;14.93
30-05-2022 22:15;14.98
30-05-2022 22:30;15
30-05-2022 22:45;15.16
30-05-2022 23:00;15.26
30-05-2022 23:15;15.38
30-05-2022 23:30;15.49
30-05-2022 23:45;15.6
31-05-2022 00:00;15.62
31-05-2022 00:15;16.34
31-05-2022 00:30;15.28
31-05-2022 00:45;15.29
31-05-2022 01:00;15.12
31-05-2022 01:15;15.18
31-05-2022 01:30;15.15
31-05-2022 01:45;15.14
31-05-2022 02:00;15.43
31-05-2022 02:15;15.18
31-05-2022 02:30;15.37
31-05-2022 02:45;15.24
31-05-2022 03:00;15.18
31-05-2022 03:15;15.15
31-05-2022 03:30;15.13
31-05-2022 03:45;14.9
31-05-2022 04:00;14.73
31-05-2022 04:15;14.85
31-05-2022 04:30;14.65
31-05-2022 04:45;14.47
31-05-2022 05:00;14.14
31-05-2022 05:15;14.83
31-05-2022 05:30;14.67
31-05-2022 05:45;14.93
31-05-2022 06:00;14.71
31-05-2022 06:15;14.97
31-05-2022 06:30;14.96
31-05-2022 06:45;12.44
31-05-2022 07:00;11.36
31-05-2022 07:15;10.86
31-05-2022 07:30;10.52
31-05-2022 07:45;10.56
31-05-2022 08:00;10.88
31-05-2022 08:15;10.91
31-05-2022 08:30;10.87
31-05-2022 08:45;11.04
31-05-2022 09:00;10.96
31-05-2022 09:15;11.2
31-05-2022 09:30;11.46
31-05-2022 09:45;11.31
31-05-2022 10:00;11.78
31-05-2022 10:15;11.73
31-05-2022 10:30;11.82
31-05-2022 10:45;11.79
31-05-2022 11:00;12.28
31-05-2022 11:15;12.49
31-05-2022 11:30;16.27
31-05-2022 11:45;17.21
31-05-2022 12:00;17.34
31-05-2022 12:15;17.7
31-05-2022 12:30;17.34
31-05-2022 12:45;17.11
31-05-2022 13:00;16.66
31-05-2022 13:15;16.95
31-05-2022 13:30;16.78
31-05-2022 13:45;16.95
31-05-2022 14:00;16.98
31-05-2022 14:15;16.7
31-05-2022 14:30;16.97
31-05-2022 14:45;16.56
31-05-2022 15:00;16.59
31-05-2022 15:15;16.56
31-05-2022 15:30;16.38
31-05-2022 15:45;15.72
31-05-2022 16:00;15.48
31-05-2022 16:15;15.74
31-05-2022 16:30;15.88
31-05-2022 16:45;15.93
31-05-2022 17:00;15.99
31-05-2022 17:15;16.09
31-05-2022 17:30;15.64
31-05-2022 17:45;15.67
31-05-2022 18:00;15.56
31-05-2022 18:15;15.7
31-05-2022 18:30;15.68
31-05-2022 18:45;15.66
31-05-2022 19:00;15.97
31-05-2022 19:15;15.8
31-05-2022 19:30;14.88
31-05-2022 19:45;14.89
31-05-2022 20:00;14.82
31-05-2022 20:15;14.4
31-05-2022 20:30;14.51
31-05-2022 20:45;14.55
31-05-2022 21:00;14.56
31-05-2022 21:15;14.62
31-05-2022 21:30;14.7
31-05-2022 21:45;14.73
31-05-2022 22:00;14.93
31-05-2022 22:15;15.19
31-05-2022 22:30;15.13
31-05-2022 22:45;15.2
31-05-2022 23:00;15.24
31-05-2022 23:15;15.37
31-05-2022 23:30;15.4
31-05-2022 23:45;15.4
1-06-2022 00:00;15.56
1-06-2022 00:15;15.53
1-06-2022 00:30;15.65
1-06-2022 00:45;15.59
1-06-2022 01:00;15.67
1-06-2022 01:15;15.61
1-06-2022 01:30;15.6
1-06-2022 01:45;15.54
1-06-2022 02:00;15.57
1-06-2022 02:15;15.48
1-06-2022 02:30;15.38
1-06-2022 02:45;15.36
1-06-2022 03:00;15.27
1-06-2022 03:15;15.05
1-06-2022 03:30;15
1-06-2022 03:45;14.8
1-06-2022 04:00;15.49
1-06-2022 04:15;15.4
1-06-2022 04:30;15.27
1-06-2022 04:45;15.02
1-06-2022 05:00;15.19
1-06-2022 05:15;15.21
1-06-2022 05:30;14.92
1-06-2022 05:45;14.59
1-06-2022 06:00;14.97
1-06-2022 06:15;14.85
1-06-2022 06:30;14.41
1-06-2022 06:45;14.42
1-06-2022 07:00;14.98
1-06-2022 07:15;11.72
1-06-2022 07:30;11.33
1-06-2022 07:45;11.34
1-06-2022 08:00;11.78
1-06-2022 08:15;12.21
1-06-2022 08:30;12.19
1-06-2022 08:45;12.65
1-06-2022 09:00;12.74
1-06-2022 09:15;14.07
1-06-2022 09:30;17.16
1-06-2022 09:45;16.83
1-06-2022 10:00;16.68
1-06-2022 10:15;16.79
1-06-2022 10:30;15.84
1-06-2022 10:45;15.45
1-06-2022 11:00;15.75
1-06-2022 11:15;16.75
1-06-2022 11:30;16.02
1-06-2022 11:45;16.11
1-06-2022 12:00;16.08
1-06-2022 12:15;16.49
1-06-2022 12:30;16.58
1-06-2022 12:45;16.85
1-06-2022 13:00;16.88
1-06-2022 13:15;16.81
1-06-2022 13:30;17.11
1-06-2022 13:45;16.88
1-06-2022 14:00;17.2
1-06-2022 14:15;16.78
1-06-2022 14:30;17.07
1-06-2022 14:45;17.12
1-06-2022 15:00;17.39
1-06-2022 15:15;17.16
1-06-2022 15:30;17
1-06-2022 15:45;17.75
1-06-2022 16:00;16.79
1-06-2022 16:15;17
1-06-2022 16:30;16.88
1-06-2022 16:45;16.29
1-06-2022 17:00;16.25
1-06-2022 17:15;15.92
1-06-2022 17:30;15.56
1-06-2022 17:45;15.54
1-06-2022 18:00;14.95
1-06-2022 18:15;14.29
1-06-2022 18:30;13.75
1-06-2022 18:45;13.58
1-06-2022 19:00;11.23
1-06-2022 19:15;10.67
1-06-2022 19:30;10.96
1-06-2022 19:45;11.58
1-06-2022 20:00;11.76
1-06-2022 20:15;12.38
1-06-2022 20:30;12.26
1-06-2022 20:45;12.45
1-06-2022 21:00;12.99
1-06-2022 21:15;13.33
1-06-2022 21:30;13.44
1-06-2022 21:45;13.64
1-06-2022 22:00;13.73
1-06-2022 22:15;13.92
1-06-2022 22:30;14.29
1-06-2022 22:45;14.45
1-06-2022 23:00;14.17
1-06-2022 23:15;15.51
1-06-2022 23:30;18.31
1-06-2022 23:45;18.69
2-06-2022 00:00;18.82
2-06-2022 00:15;18.38
2-06-2022 00:30;18.23
2-06-2022 00:45;17.53
2-06-2022 01:00;17.46
2-06-2022 01:15;17.27
2-06-2022 01:30;17.23
2-06-2022 01:45;16.13
2-06-2022 02:00;16.41
2-06-2022 02:15;16.29
2-06-2022 02:30;16.24
2-06-2022 02:45;16.18
2-06-2022 03:00;15.93
2-06-2022 03:15;15.74
2-06-2022 03:30;15.94
2-06-2022 03:45;15.71
2-06-2022 04:00;15.98
2-06-2022 04:15;15.84
2-06-2022 04:30;15.92
2-06-2022 04:45;16.96
2-06-2022 05:00;16.02
2-06-2022 05:15;15.87
2-06-2022 05:30;15.62
2-06-2022 05:45;15.43
2-06-2022 06:00;15.2
2-06-2022 06:15;15.12
2-06-2022 06:30;15.36
2-06-2022 06:45;16.22
2-06-2022 07:00;15.54
2-06-2022 07:15;14.26
2-06-2022 07:30;12.77
2-06-2022 07:45;11.32
2-06-2022 08:00;9.28
2-06-2022 08:15;9.19
2-06-2022 08:30;9.35
2-06-2022 08:45;9.62
2-06-2022 09:00;9.78
2-06-2022 09:15;9.9
2-06-2022 09:30;10.02
2-06-2022 09:45;10.12
2-06-2022 10:00;10.12
2-06-2022 10:15;10.31
2-06-2022 10:30;10.36
2-06-2022 10:45;10.88
2-06-2022 11:00;11.27
2-06-2022 11:15;11.45
2-06-2022 11:30;11.7
2-06-2022 11:45;13.97
2-06-2022 12:00;16.3
2-06-2022 12:15;16.23
2-06-2022 12:30;16.49
2-06-2022 12:45;16.78
2-06-2022 13:00;19.01
2-06-2022 13:15;20.02
2-06-2022 13:30;19.88
2-06-2022 13:45;19.41
2-06-2022 14:00;18.75
2-06-2022 14:15;18.85
2-06-2022 14:30;18.75
2-06-2022 14:45;20.86
2-06-2022 15:00;20.76
2-06-2022 15:15;19.35
2-06-2022 15:30;18.52
2-06-2022 15:45;17.02
2-06-2022 16:00;16.86
2-06-2022 16:15;16.34
2-06-2022 16:30;16.25
2-06-2022 16:45;17.12
2-06-2022 17:00;15.61
2-06-2022 17:15;15.46
2-06-2022 17:30;15.26
2-06-2022 17:45;15.19
2-06-2022 18:00;15.24
2-06-2022 18:15;15.15
2-06-2022 18:30;15.28
2-06-2022 18:45;15.31
2-06-2022 19:00;16.25
2-06-2022 19:15;15.45
2-06-2022 19:30;15.19
2-06-2022 19:45;15.52
2-06-2022 20:00;15.37
2-06-2022 20:15;15.56
2-06-2022 20:30;15.38
2-06-2022 20:45;15.63
2-06-2022 21:00;15.75
2-06-2022 21:15;15.99
2-06-2022 21:30;15.12
2-06-2022 21:45;15.17
2-06-2022 22:00;15.27
2-06-2022 22:15;15.34
2-06-2022 22:30;15.29
2-06-2022 22:45;15.3
2-06-2022 23:00;15.33
2-06-2022 23:15;15.52
2-06-2022 23:30;15.53
2-06-2022 23:45;15.59
3-06-2022 00:00;15.71
3-06-2022 00:15;15.77
3-06-2022 00:30;15.8
3-06-2022 00:45;15.83
3-06-2022 01:00;15.11
3-06-2022 01:15;15.81
3-06-2022 01:30;15.73
3-06-2022 01:45;15.76
3-06-2022 02:00;15.58
3-06-2022 02:15;15.56
3-06-2022 02:30;15.51
3-06-2022 02:45;15.43
3-06-2022 03:00;15.35
3-06-2022 03:15;15.23
3-06-2022 03:30;15.03
3-06-2022 03:45;14.77
3-06-2022 04:00;14.96
3-06-2022 04:15;15.06
3-06-2022 04:30;15.26
3-06-2022 04:45;15.43
3-06-2022 05:00;15.28
3-06-2022 05:15;15.4
3-06-2022 05:30;15.32
3-06-2022 05:45;15.45
3-06-2022 06:00;15.2
3-06-2022 06:15;15.15
3-06-2022 06:30;14.96
3-06-2022 06:45;14.68
3-06-2022 07:00;14.24
3-06-2022 07:15;14.47
3-06-2022 07:30;14.21
3-06-2022 07:45;13.03
3-06-2022 08:00;13.05
3-06-2022 08:15;12.94
3-06-2022 08:30;12.85
3-06-2022 08:45;12.85
3-06-2022 09:00;13.18
3-06-2022 09:15;13.2
3-06-2022 09:30;13.34
3-06-2022 09:45;14.74
3-06-2022 10:00;14.5
3-06-2022 10:15;14.92
3-06-2022 10:30;15.01
3-06-2022 10:45;15.27
3-06-2022 11:00;15.4
3-06-2022 11:15;17.12
3-06-2022 11:30;16.44
3-06-2022 11:45;16.86
3-06-2022 12:00;17.29
3-06-2022 12:15;17.43
3-06-2022 12:30;17.5
3-06-2022 12:45;17.53
3-06-2022 13:00;17.87
3-06-2022 13:15;17.54
3-06-2022 13:30;17.98
3-06-2022 13:45;17.77
3-06-2022 14:00;18.05
3-06-2022 14:15;17.86
3-06-2022 14:30;17.41
3-06-2022 14:45;16.51
3-06-2022 15:00;17.75
3-06-2022 15:15;17.78
3-06-2022 15:30;17.84
3-06-2022 15:45;17.98
3-06-2022 16:00;18.06
3-06-2022 16:15;18.23
3-06-2022 16:30;18.36
3-06-2022 16:45;18.72
3-06-2022 17:00;18.93
3-06-2022 17:15;18.71
3-06-2022 17:30;18.3
3-06-2022 17:45;17.88
3-06-2022 18:00;17.63
3-06-2022 18:15;18.41
3-06-2022 18:30;17.41
3-06-2022 18:45;16.93
3-06-2022 19:00;16.8
3-06-2022 19:15;16.71
3-06-2022 19:30;17.52
3-06-2022 19:45;18.45
3-06-2022 20:00;17.62
3-06-2022 20:15;16.94
3-06-2022 20:30;17.09
3-06-2022 20:45;17.29
3-06-2022 21:00;17.22
3-06-2022 21:15;17.18
3-06-2022 21:30;17.16
3-06-2022 21:45;17.17
3-06-2022 22:00;17.23
3-06-2022 22:15;17.27
3-06-2022 22:30;17.2
3-06-2022 22:45;17.23
3-06-2022 23:00;17.31
3-06-2022 23:15;17.21
3-06-2022 23:30;17.42
3-06-2022 23:45;17.38
4-06-2022 00:00;17.29
4-06-2022 00:15;17.41
4-06-2022 00:30;17.2
4-06-2022 00:45;17.2
4-06-2022 01:00;17.14
4-06-2022 01:15;17.16
4-06-2022 01:30;17.07
4-06-2022 01:45;16.96
4-06-2022 02:00;16.86
4-06-2022 02:15;16.8
4-06-2022 02:30;16.79
4-06-2022 02:45;17.58
4-06-2022 03:00;16.56
4-06-2022 03:15;16.39
4-06-2022 03:30;16.29
4-06-2022 03:45;16.02
4-06-2022 04:00;15.88
4-06-2022 04:15;16.03
4-06-2022 04:30;15.98
4-06-2022 04:45;15.63
4-06-2022 05:00;15.22
4-06-2022 05:15;15.35
4-06-2022 05:30;14.9
4-06-2022 05:45;14.62
4-06-2022 06:00;14.24
4-06-2022 06:15;13.9
4-06-2022 06:30;13.68
4-06-2022 06:45;13.24
4-06-2022 07:00;12.51
4-06-2022 07:15;10.13
4-06-2022 07:30;10.05
4-06-2022 07:45;10.21
4-06-2022 08:00;12.43
4-06-2022 08:15;10.02
4-06-2022 08:30;10.49
4-06-2022 08:45;10.39
4-06-2022 09:00;10.76
4-06-2022 09:15;10.54
4-06-2022 09:30;10.67
4-06-2022 09:45;10.82
4-06-2022 10:00;11.21
4-06-2022 10:15;10.85
4-06-2022 10:30;11.06
4-06-2022 10:45;11.15
4-06-2022 11:00;11.22
4-06-2022 11:15;11.68
4-06-2022 11:30;11.5
4-06-2022 11:45;12.31
4-06-2022 12:00;12.36
4-06-2022 12:15;12.61
4-06-2022 12:30;14.59
4-06-2022 12:45;16.27
4-06-2022 13:00;15.9
4-06-2022 13:15;15.88
4-06-2022 13:30;16.29
4-06-2022 13:45;16.33
4-06-2022 14:00;16.22
4-06-2022 14:15;16.6
4-06-2022 14:30;16.93
4-06-2022 14:45;17.13
4-06-2022 15:00;17.36
4-06-2022 15:15;17.7
4-06-2022 15:30;17.81
4-06-2022 15:45;18.36
4-06-2022 16:00;18.23
4-06-2022 16:15;18.22
4-06-2022 16:30;18.14
4-06-2022 16:45;18.13
4-06-2022 17:00;18.39
4-06-2022 17:15;18.48
4-06-2022 17:30;18.91
4-06-2022 17:45;19.8
4-06-2022 18:00;19.66
4-06-2022 18:15;19.63
4-06-2022 18:30;21.11
4-06-2022 18:45;22.47
4-06-2022 19:00;23.89
4-06-2022 19:15;25.8
4-06-2022 19:30;27.94
4-06-2022 19:45;30.97
4-06-2022 20:00;34.98
4-06-2022 20:15;36.79
4-06-2022 20:30;41.75
4-06-2022 20:45;45.68
4-06-2022 21:00;46.52
4-06-2022 21:15;46.65
4-06-2022 21:30;46.47
4-06-2022 21:45;46.05
4-06-2022 22:00;45.3
4-06-2022 22:15;43.79
4-06-2022 22:30;43.23
4-06-2022 22:45;43.04
4-06-2022 23:00;42.73
4-06-2022 23:15;42.31
4-06-2022 23:30;42
4-06-2022 23:45;41.42
5-06-2022 00:00;41.48
5-06-2022 00:15;41.61
5-06-2022 00:30;41.3
5-06-2022 00:45;41.02
5-06-2022 01:00;40.37
5-06-2022 01:15;38.89
5-06-2022 01:30;38.93
5-06-2022 01:45;39.46
5-06-2022 02:00;38.97
5-06-2022 02:15;38.94
5-06-2022 02:30;39.36
5-06-2022 02:45;39.08
5-06-2022 03:00;38.73
5-06-2022 03:15;38.62
5-06-2022 03:30;38.24
5-06-2022 03:45;37.71
5-06-2022 04:00;37.1
5-06-2022 04:15;36.45
5-06-2022 04:30;35.76
5-06-2022 04:45;34.83
5-06-2022 05:00;34.3
5-06-2022 05:15;33.58
5-06-2022 05:30;31.28
5-06-2022 05:45;32.13
5-06-2022 06:00;31.35
5-06-2022 06:15;30.71
5-06-2022 06:30;30.05
5-06-2022 06:45;29.18
5-06-2022 07:00;27.26
5-06-2022 07:15;26.01
5-06-2022 07:30;22.67
5-06-2022 07:45;21.71
5-06-2022 08:00;20.53
5-06-2022 08:15;19.23
5-06-2022 08:30;17.4
5-06-2022 08:45;16.63
5-06-2022 09:00;15.88
5-06-2022 09:15;16.2
5-06-2022 09:30;15.52
5-06-2022 09:45;15.2
5-06-2022 10:00;15.16
5-06-2022 10:15;14.98
5-06-2022 10:30;14.75
5-06-2022 10:45;14.46
5-06-2022 11:00;14.41
5-06-2022 11:15;14.24
5-06-2022 11:30;12.1
5-06-2022 11:45;11.67
5-06-2022 12:00;11.87
5-06-2022 12:15;12.48
5-06-2022 12:30;12.71
5-06-2022 12:45;13.1
5-06-2022 13:00;13.19
5-06-2022 13:15;15.37
5-06-2022 13:30;16.73
5-06-2022 13:45;16.65
5-06-2022 14:00;16.72
5-06-2022 14:15;16.98
5-06-2022 14:30;17.25
5-06-2022 14:45;17.3
5-06-2022 15:00;17.63
5-06-2022 15:15;17.63
5-06-2022 15:30;18.14
5-06-2022 15:45;17.98
5-06-2022 16:00;17.95
5-06-2022 16:15;17.72
5-06-2022 16:30;17.74
5-06-2022 16:45;17.74
5-06-2022 17:00;17.6
5-06-2022 17:15;17.4
5-06-2022 17:30;16.84
5-06-2022 17:45;16.97
5-06-2022 18:00;16.27
5-06-2022 18:15;16
5-06-2022 18:30;16.13
5-06-2022 18:45;16.8
5-06-2022 19:00;17.78
5-06-2022 19:15;16.85
5-06-2022 19:30;16.89
5-06-2022 19:45;17.55
5-06-2022 20:00;18.42
5-06-2022 20:15;18.41
5-06-2022 20:30;19.65
5-06-2022 20:45;20.66
5-06-2022 21:00;22.1
5-06-2022 21:15;23.48
5-06-2022 21:30;24.24
5-06-2022 21:45;26.76
5-06-2022 22:00;27.93
5-06-2022 22:15;28.87
5-06-2022 22:30;27.95
5-06-2022 22:45;27.46
5-06-2022 23:00;28.38
5-06-2022 23:15;29.28
5-06-2022 23:30;27.58
5-06-2022 23:45;25.5
6-06-2022 00:00;25.9
6-06-2022 00:15;25.75
6-06-2022 00:30;26.41
6-06-2022 00:45;28.04
6-06-2022 01:00;27.37
6-06-2022 01:15;27.22
6-06-2022 01:30;27.36
6-06-2022 01:45;28.18
6-06-2022 02:00;26.63
6-06-2022 02:15;24.93
6-06-2022 02:30;24.38
6-06-2022 02:45;23.69
6-06-2022 03:00;21.82
6-06-2022 03:15;20.87
6-06-2022 03:30;20.74
6-06-2022 03:45;21.03
6-06-2022 04:00;20.68
6-06-2022 04:15;19.87
6-06-2022 04:30;19.14
6-06-2022 04:45;19.41
6-06-2022 05:00;20.33
6-06-2022 05:15;19.05
6-06-2022 05:30;18.43
6-06-2022 05:45;18.01
6-06-2022 06:00;17.96
6-06-2022 06:15;17.14
6-06-2022 06:30;16.72
6-06-2022 06:45;16.25
6-06-2022 07:00;15.85
6-06-2022 07:15;15.28
6-06-2022 07:30;14.93
6-06-2022 07:45;14.31
6-06-2022 08:00;14.07
6-06-2022 08:15;14.12
6-06-2022 08:30;13.86
6-06-2022 08:45;13.8
6-06-2022 09:00;13.54
6-06-2022 09:15;13.3
6-06-2022 09:30;12.97
6-06-2022 09:45;11.3
6-06-2022 10:00;10.43
6-06-2022 10:15;10.18
6-06-2022 10:30;10.54
6-06-2022 10:45;10.88
6-06-2022 11:00;11.15
6-06-2022 11:15;11.55
6-06-2022 11:30;12.23
6-06-2022 11:45;14.82
6-06-2022 12:00;14.45
6-06-2022 12:15;14.31
6-06-2022 12:30;14.13
6-06-2022 12:45;14.57
6-06-2022 13:00;14.6
6-06-2022 13:15;14.6
6-06-2022 13:30;14.6
6-06-2022 13:45;15.08
6-06-2022 14:00;15.27
6-06-2022 14:15;15.51
6-06-2022 14:30;15.9
6-06-2022 14:45;16.54
6-06-2022 15:00;16.82
6-06-2022 15:15;16.85
6-06-2022 15:30;17.2
6-06-2022 15:45;17.24
6-06-2022 16:00;17.4
6-06-2022 16:15;17.59
6-06-2022 16:30;18
6-06-2022 16:45;17.93
6-06-2022 17:00;18.4
6-06-2022 17:15;18.43
6-06-2022 17:30;18.58
6-06-2022 17:45;18.54
6-06-2022 18:00;18.51
6-06-2022 18:15;18.53
6-06-2022 18:30;18.46
6-06-2022 18:45;18.45
6-06-2022 19:00;18.51
6-06-2022 19:15;18.41
6-06-2022 19:30;18.07
6-06-2022 19:45;17.99
6-06-2022 20:00;17.85
6-06-2022 20:15;17.19
6-06-2022 20:30;17.34
6-06-2022 20:45;17.17
6-06-2022 21:00;17.15
6-06-2022 21:15;17.34
6-06-2022 21:30;17.56
6-06-2022 21:45;17.54
6-06-2022 22:00;17.63
6-06-2022 22:15;17.54
6-06-2022 22:30;17.76
6-06-2022 22:45;17.42
6-06-2022 23:00;17.08
6-06-2022 23:15;17.22
6-06-2022 23:30;17.26
6-06-2022 23:45;17.31
7-06-2022 00:00;17.32
7-06-2022 00:15;18.15
7-06-2022 00:30;17.29
7-06-2022 00:45;17.14
7-06-2022 01:00;17.2
7-06-2022 01:15;17.24
7-06-2022 01:30;17.05
7-06-2022 01:45;16.87
7-06-2022 02:00;16.99
7-06-2022 02:15;17.09
7-06-2022 02:30;16.95
7-06-2022 02:45;16.68
7-06-2022 03:00;16.82
7-06-2022 03:15;16.8
7-06-2022 03:30;16.57
7-06-2022 03:45;16.38
7-06-2022 04:00;16.25
7-06-2022 04:15;16.05
7-06-2022 04:30;15.56
7-06-2022 04:45;15.44
7-06-2022 05:00;15.28
7-06-2022 05:15;14.81
7-06-2022 05:30;14.87
7-06-2022 05:45;14.81
7-06-2022 06:00;14.54
7-06-2022 06:15;14.36
7-06-2022 06:30;14.83
7-06-2022 06:45;14.1
7-06-2022 07:00;12.07
7-06-2022 07:15;10.47
7-06-2022 07:30;10.74
7-06-2022 07:45;10.89
7-06-2022 08:00;11.42
7-06-2022 08:15;11.64
7-06-2022 08:30;12.09
7-06-2022 08:45;12.61
7-06-2022 09:00;12.7
7-06-2022 09:15;13.3
7-06-2022 09:30;12.7
7-06-2022 09:45;13.37
7-06-2022 10:00;16.28
7-06-2022 10:15;17.07
7-06-2022 10:30;17.25
7-06-2022 10:45;17.15
7-06-2022 11:00;17.92
7-06-2022 11:15;18.86
7-06-2022 11:30;19.52
7-06-2022 11:45;19.79
7-06-2022 12:00;19.75
7-06-2022 12:15;19.79
7-06-2022 12:30;20.94
7-06-2022 12:45;19.86
7-06-2022 13:00;20.4
7-06-2022 13:15;20.48
7-06-2022 13:30;19.83
7-06-2022 13:45;19.71
7-06-2022 14:00;19.46
7-06-2022 14:15;19.42
7-06-2022 14:30;18.94
7-06-2022 14:45;18.93
7-06-2022 15:00;18.68
7-06-2022 15:15;18.41
7-06-2022 15:30;18.29
7-06-2022 15:45;18.45
7-06-2022 16:00;18.27
7-06-2022 16:15;18.4
7-06-2022 16:30;17.86
7-06-2022 16:45;17.86
7-06-2022 17:00;15.85
7-06-2022 17:15;16.9
7-06-2022 17:30;16.9
7-06-2022 17:45;16.65
7-06-2022 18:00;16.41
7-06-2022 18:15;16.27
7-06-2022 18:30;15.96
7-06-2022 18:45;15.82
7-06-2022 19:00;15.95
7-06-2022 19:15;15.91
7-06-2022 19:30;16.06
7-06-2022 19:45;15.81
7-06-2022 20:00;15.94
7-06-2022 20:15;15.27
7-06-2022 20:30;14.96
7-06-2022 20:45;14.97
7-06-2022 21:00;15.03
7-06-2022 21:15;15.31
7-06-2022 21:30;15.2
7-06-2022 21:45;15.43
7-06-2022 22:00;15.39
7-06-2022 22:15;15.93
7-06-2022 22:30;15.96
7-06-2022 22:45;16.15
7-06-2022 23:00;16.76
7-06-2022 23:15;16.88
7-06-2022 23:30;17.22
7-06-2022 23:45;17.16
8-06-2022 00:00;17.34
8-06-2022 00:15;17.63
8-06-2022 00:30;18.09
8-06-2022 00:45;18.13
8-06-2022 01:00;18.18
8-06-2022 01:15;18.69
8-06-2022 01:30;17.93
8-06-2022 01:45;16.32
8-06-2022 02:00;17.14
8-06-2022 02:15;17.1
8-06-2022 02:30;17.39
8-06-2022 02:45;17.16
8-06-2022 03:00;17.17
8-06-2022 03:15;17.05
8-06-2022 03:30;17.21
8-06-2022 03:45;17.38
8-06-2022 04:00;17.27
8-06-2022 04:15;17.3
8-06-2022 04:30;17.33
8-06-2022 04:45;17.49
8-06-2022 05:00;17.58
8-06-2022 05:15;17.71
8-06-2022 05:30;17.36
8-06-2022 05:45;17.37
8-06-2022 06:00;17.88
8-06-2022 06:15;18.12
8-06-2022 06:30;18.59
8-06-2022 06:45;18.68
8-06-2022 07:00;19.35
8-06-2022 07:15;20.53
8-06-2022 07:30;21.44
8-06-2022 07:45;21.98
8-06-2022 08:00;23.22
8-06-2022 08:15;24.6
8-06-2022 08:30;26.01
8-06-2022 08:45;32.39
8-06-2022 09:00;34
8-06-2022 09:15;36.24
8-06-2022 09:30;40.36
8-06-2022 09:45;44.93
8-06-2022 10:00;46.21
8-06-2022 10:15;46.43
8-06-2022 10:30;46.72
8-06-2022 10:45;47.22
8-06-2022 11:00;46.61
8-06-2022 11:15;45.99
8-06-2022 11:30;44.52
8-06-2022 11:45;44.7
8-06-2022 12:00;44.42
8-06-2022 12:15;45.06
8-06-2022 12:30;44.98
8-06-2022 12:45;47.05
8-06-2022 13:00;48.69
8-06-2022 13:15;48.04
8-06-2022 13:30;46.46
8-06-2022 13:45;46.23
8-06-2022 14:00;45.67
8-06-2022 14:15;44.68
8-06-2022 14:30;43.1
8-06-2022 14:45;41.64
8-06-2022 15:00;42.5
8-06-2022 15:15;44.03
8-06-2022 15:30;44.56
8-06-2022 15:45;45.14
8-06-2022 16:00;45.14
8-06-2022 16:15;44.71
8-06-2022 16:30;43.71
8-06-2022 16:45;43.33
8-06-2022 17:00;42.05
8-06-2022 17:15;41.73
8-06-2022 17:30;40.68
8-06-2022 17:45;39.36
8-06-2022 18:00;39.08
8-06-2022 18:15;38.69
8-06-2022 18:30;38.17
8-06-2022 18:45;37.53
8-06-2022 19:00;35.35
8-06-2022 19:15;29.65
8-06-2022 19:30;27.92
8-06-2022 19:45;27.03
8-06-2022 20:00;25.55
8-06-2022 20:15;23.91
8-06-2022 20:30;23.95
8-06-2022 20:45;23.95
8-06-2022 21:00;23.11
8-06-2022 21:15;23.53
8-06-2022 21:30;23.31
8-06-2022 21:45;23.16
8-06-2022 22:00;22.78
8-06-2022 22:15;23.18
8-06-2022 22:30;22.97
8-06-2022 22:45;22.8
8-06-2022 23:00;22.87
8-06-2022 23:15;22.88
8-06-2022 23:30;23.13
8-06-2022 23:45;23.14
9-06-2022 00:00;23.51
9-06-2022 00:15;23.88
9-06-2022 00:30;23.9
9-06-2022 00:45;24.34
9-06-2022 01:00;24.34
9-06-2022 01:15;24.01
9-06-2022 01:30;23.83
9-06-2022 01:45;23.56
9-06-2022 02:00;23.87
9-06-2022 02:15;23.57
9-06-2022 02:30;23.59
9-06-2022 02:45;23.67
9-06-2022 03:00;23.3
9-06-2022 03:15;23.13
9-06-2022 03:30;23.17
9-06-2022 03:45;22.52
9-06-2022 04:00;22.7
9-06-2022 04:15;22.44
9-06-2022 04:30;22.5
9-06-2022 04:45;22.54
9-06-2022 05:00;21.65
9-06-2022 05:15;20.7
9-06-2022 05:30;20.48
9-06-2022 05:45;20.78
9-06-2022 06:00;19.36
9-06-2022 06:15;18.81
9-06-2022 06:30;17.97
9-06-2022 06:45;17.46
9-06-2022 07:00;16.69
9-06-2022 07:15;16.06
9-06-2022 07:30;15.34
9-06-2022 07:45;14.66
9-06-2022 08:00;15.31
9-06-2022 08:15;14.31
9-06-2022 08:30;14.42
9-06-2022 08:45;15.47
9-06-2022 09:00;16.76
9-06-2022 09:15;17.45
9-06-2022 09:30;17.63
9-06-2022 09:45;17.43
9-06-2022 10:00;17.66
9-06-2022 10:15;16.72
9-06-2022 10:30;16.31
9-06-2022 10:45;16.55
9-06-2022 11:00;16.55
9-06-2022 11:15;17.99
9-06-2022 11:30;17.87
9-06-2022 11:45;17.89
9-06-2022 12:00;18.13
9-06-2022 12:15;18.32
9-06-2022 12:30;18.72
9-06-2022 12:45;19.15
9-06-2022 13:00;19.73
9-06-2022 13:15;19.87
9-06-2022 13:30;20.16
9-06-2022 13:45;20.75
9-06-2022 14:00;20.6
9-06-2022 14:15;20.41
9-06-2022 14:30;20.65
9-06-2022 14:45;20.56
9-06-2022 15:00;20.51
9-06-2022 15:15;20.51
9-06-2022 15:30;20.19
9-06-2022 15:45;20.07
9-06-2022 16:00;19.63
9-06-2022 16:15;18.65
9-06-2022 16:30;18.29
9-06-2022 16:45;17.46
9-06-2022 17:00;17.45
9-06-2022 17:15;17.36
9-06-2022 17:30;16.97
9-06-2022 17:45;16.44
9-06-2022 18:00;15.94
9-06-2022 18:15;15.36
9-06-2022 18:30;15.06
9-06-2022 18:45;14.53
9-06-2022 19:00;14.05
9-06-2022 19:15;11.55
9-06-2022 19:30;10.51
9-06-2022 19:45;10.66
9-06-2022 20:00;10.93
9-06-2022 20:15;13.85
9-06-2022 20:30;14.99
9-06-2022 20:45;14.93
9-06-2022 21:00;14.63
9-06-2022 21:15;14.26
9-06-2022 21:30;14.18
9-06-2022 21:45;14.39
9-06-2022 22:00;14.64
9-06-2022 22:15;16.22
9-06-2022 22:30;16.1
9-06-2022 22:45;16.11
9-06-2022 23:00;16.49
9-06-2022 23:15;16.65
9-06-2022 23:30;16.56
9-06-2022 23:45;16.68
10-06-2022 00:00;16.78
10-06-2022 00:15;17.13
10-06-2022 00:30;18.55
10-06-2022 00:45;19.36
10-06-2022 01:00;20
10-06-2022 01:15;20.35
10-06-2022 01:30;20.51
10-06-2022 01:45;20.38
10-06-2022 02:00;19.89
10-06-2022 02:15;19.69
10-06-2022 02:30;19.26
10-06-2022 02:45;19.03
10-06-2022 03:00;18.76
10-06-2022 03:15;18.12
10-06-2022 03:30;17.95
10-06-2022 03:45;17.64
10-06-2022 04:00;17.5
10-06-2022 04:15;17.08
10-06-2022 04:30;16.73
10-06-2022 04:45;16.35
10-06-2022 05:00;15.91
10-06-2022 05:15;15.22
10-06-2022 05:30;14.73
10-06-2022 05:45;14.18
10-06-2022 06:00;14.76
10-06-2022 06:15;12.83
10-06-2022 06:30;10.79
10-06-2022 06:45;9.18
10-06-2022 07:00;9.11
10-06-2022 07:15;9.23
10-06-2022 07:30;9.36
10-06-2022 07:45;9.52
10-06-2022 08:00;12.15
10-06-2022 08:15;10.76
10-06-2022 08:30;10.06
10-06-2022 08:45;10.11
10-06-2022 09:00;10.16
10-06-2022 09:15;10.21
10-06-2022 09:30;10.33
10-06-2022 09:45;10.36
10-06-2022 10:00;10.57
10-06-2022 10:15;10.77
10-06-2022 10:30;
10-06-2022 10:45;11.52
10-06-2022 11:00;
10-06-2022 11:15;12.44
10-06-2022 11:30;12.99
10-06-2022 11:45;13.55
10-06-2022 12:00;14.2
10-06-2022 12:15;14.58
10-06-2022 12:30;18.52
10-06-2022 12:45;18.55
10-06-2022 13:00;17.52
10-06-2022 13:15;17.68
10-06-2022 13:30;17.65
10-06-2022 13:45;17.81
10-06-2022 14:00;17.66
10-06-2022 14:15;17.79
10-06-2022 14:30;17.84
10-06-2022 14:45;17.9
10-06-2022 15:00;17.98
10-06-2022 15:15;18.43
10-06-2022 15:30;18.37
10-06-2022 15:45;18.12
10-06-2022 16:00;18.03
10-06-2022 16:15;17.86
10-06-2022 16:30;17.44
10-06-2022 16:45;17.15
10-06-2022 17:00;16.42
10-06-2022 17:15;15.48
10-06-2022 17:30;14.72
10-06-2022 17:45;15.06
10-06-2022 18:00;15.04
10-06-2022 18:15;15.08
10-06-2022 18:30;15.13
10-06-2022 18:45;15.3
10-06-2022 19:00;15.48
10-06-2022 19:15;15.66
10-06-2022 19:30;15.62
10-06-2022 19:45;15.57
10-06-2022 20:00;15.71
10-06-2022 20:15;15.83
10-06-2022 20:30;15.73
10-06-2022 20:45;15.77
10-06-2022 21:00;15.95
10-06-2022 21:15;15.98
10-06-2022 21:30;16.11
10-06-2022 21:45;16.32
10-06-2022 22:00;16.31
10-06-2022 22:15;16.58
10-06-2022 22:30;16.56
10-06-2022 22:45;16.56
10-06-2022 23:00;16.59
10-06-2022 23:15;16.7
10-06-2022 23:30;16.68
10-06-2022 23:45;16.78
11-06-2022 00:00;16.75
11-06-2022 00:15;16.89
11-06-2022 00:30;16.86
11-06-2022 00:45;16.65
11-06-2022 01:00;16.54
11-06-2022 01:15;16.6
11-06-2022 01:30;16.47
11-06-2022 01:45;16.33
11-06-2022 02:00;16.2
11-06-2022 02:15;16.11
11-06-2022 02:30;15.88
11-06-2022 02:45;15.76
11-06-2022 03:00;15.4
11-06-2022 03:15;15.2
11-06-2022 03:30;14.99
11-06-2022 03:45;15.44
11-06-2022 04:00;15.58
11-06-2022 04:15;15.34
11-06-2022 04:30;15.26
11-06-2022 04:45;14.89
11-06-2022 05:00;14.35
11-06-2022 05:15;13.81
11-06-2022 05:30;11.33
11-06-2022 05:45;11.07
11-06-2022 06:00;10.96
11-06-2022 06:15;11.12
11-06-2022 06:30;11.15
11-06-2022 06:45;11.25
11-06-2022 07:00;11.25
11-06-2022 07:15;10.89
11-06-2022 07:30;10.81
11-06-2022 07:45;10.54
11-06-2022 08:00;10.47
11-06-2022 08:15;10.47
11-06-2022 08:30;10.45
11-06-2022 08:45;10.35
11-06-2022 09:00;10.41
11-06-2022 09:15;10.37
11-06-2022 09:30;10.7
11-06-2022 09:45;10.59
11-06-2022 10:00;10.7
11-06-2022 10:15;13.13
11-06-2022 10:30;11.08
11-06-2022 10:45;11.18
11-06-2022 11:00;11.29
11-06-2022 11:15;11.55
11-06-2022 11:30;11.69
11-06-2022 11:45;11.96
11-06-2022 12:00;12.42
11-06-2022 12:15;12.49
11-06-2022 12:30;12.93
11-06-2022 12:45;12.94
11-06-2022 13:00;13.51
11-06-2022 13:15;15.94
11-06-2022 13:30;17.25
11-06-2022 13:45;17.4
11-06-2022 14:00;17.56
11-06-2022 14:15;17.5
11-06-2022 14:30;17.86
11-06-2022 14:45;17.8
11-06-2022 15:00;18.04
11-06-2022 15:15;18.83
11-06-2022 15:30;18.86
11-06-2022 15:45;18.81
11-06-2022 16:00;18.41
11-06-2022 16:15;18.28
11-06-2022 16:30;18.13
11-06-2022 16:45;17.9
11-06-2022 17:00;18.05
11-06-2022 17:15;18.52
11-06-2022 17:30;17.28
11-06-2022 17:45;17.5
11-06-2022 18:00;17.51
11-06-2022 18:15;17.55
11-06-2022 18:30;17.47
11-06-2022 18:45;17.41
11-06-2022 19:00;17.5
11-06-2022 19:15;17.43
11-06-2022 19:30;17.43
11-06-2022 19:45;17.14
11-06-2022 20:00;16.63
11-06-2022 20:15;16.5
11-06-2022 20:30;16.45
11-06-2022 20:45;16.37
11-06-2022 21:00;16.16
11-06-2022 21:15;16.01
11-06-2022 21:30;15.69
11-06-2022 21:45;15.42
11-06-2022 22:00;15.38
11-06-2022 22:15;15.34
11-06-2022 22:30;14.63
11-06-2022 22:45;14.28
11-06-2022 23:00;14.25
11-06-2022 23:15;14.27
11-06-2022 23:30;14.16
11-06-2022 23:45;14.24
12-06-2022 00:00;14.14
12-06-2022 00:15;14.15
12-06-2022 00:30;14.19
12-06-2022 00:45;12.02
12-06-2022 01:00;11.97
12-06-2022 01:15;12.22
12-06-2022 01:30;12.48
12-06-2022 01:45;12.63
12-06-2022 02:00;12.61
12-06-2022 02:15;12.76
12-06-2022 02:30;12.65
12-06-2022 02:45;12.7
12-06-2022 03:00;12.73
12-06-2022 03:15;12.63
12-06-2022 03:30;15.43
12-06-2022 03:45;16.17
12-06-2022 04:00;15.65
12-06-2022 04:15;15.25
12-06-2022 04:30;14.76
12-06-2022 04:45;14.42
12-06-2022 05:00;14.02
12-06-2022 05:15;13.77
12-06-2022 05:30;13.38
12-06-2022 05:45;13.18
12-06-2022 06:00;12.38
12-06-2022 06:15;10.81
12-06-2022 06:30;11.02
12-06-2022 06:45;11.2
12-06-2022 07:00;11.49
12-06-2022 07:15;11.76
12-06-2022 07:30;11.63
12-06-2022 07:45;11.71
12-06-2022 08:00;11.71
12-06-2022 08:15;11.66
12-06-2022 08:30;11.63
12-06-2022 08:45;11.51
12-06-2022 09:00;11.41
12-06-2022 09:15;11.2
12-06-2022 09:30;12.41
12-06-2022 09:45;13.24
12-06-2022 10:00;12.78
12-06-2022 10:15;12.6
12-06-2022 10:30;12.08
12-06-2022 10:45;11.86
12-06-2022 11:00;10.06
12-06-2022 11:15;9.94
12-06-2022 11:30;10.6
12-06-2022 11:45;10.78
12-06-2022 12:00;10.06
12-06-2022 12:15;10.12
12-06-2022 12:30;10.31
12-06-2022 12:45;10.53
12-06-2022 13:00;10.84
12-06-2022 13:15;11.5
12-06-2022 13:30;11.67
12-06-2022 13:45;12.12
12-06-2022 14:00;12.37
12-06-2022 14:15;13.39
12-06-2022 14:30;13.34
12-06-2022 14:45;13.82
12-06-2022 15:00;14.14
12-06-2022 15:15;14.89
12-06-2022 15:30;18.02
12-06-2022 15:45;18.72
12-06-2022 16:00;18.75
12-06-2022 16:15;18.42
12-06-2022 16:30;18.51
12-06-2022 16:45;18.52
12-06-2022 17:00;18.72
12-06-2022 17:15;18.31
12-06-2022 17:30;17.86
12-06-2022 17:45;17.88
12-06-2022 18:00;17.87
12-06-2022 18:15;18.06
12-06-2022 18:30;17.91
12-06-2022 18:45;17.88
12-06-2022 19:00;17.81
12-06-2022 19:15;17.92
12-06-2022 19:30;17.88
12-06-2022 19:45;17.68
12-06-2022 20:00;17.5
12-06-2022 20:15;17.22
12-06-2022 20:30;17.25
12-06-2022 20:45;17.32
12-06-2022 21:00;17.26
12-06-2022 21:15;17.28
12-06-2022 21:30;17.31
12-06-2022 21:45;17.1
12-06-2022 22:00;16.86
12-06-2022 22:15;17.07
12-06-2022 22:30;16.93
12-06-2022 22:45;16.85
12-06-2022 23:00;17.26
12-06-2022 23:15;17.22
12-06-2022 23:30;16.6
12-06-2022 23:45;16.79
13-06-2022 00:00;16.65
13-06-2022 00:15;16.83
13-06-2022 00:30;16.66
13-06-2022 00:45;16.65
13-06-2022 01:00;16.61
13-06-2022 01:15;16.58
13-06-2022 01:30;16.51
13-06-2022 01:45;16.39
13-06-2022 02:00;16.34
13-06-2022 02:15;16.34
13-06-2022 02:30;16.22
13-06-2022 02:45;16.13
13-06-2022 03:00;15.97
13-06-2022 03:15;15.79
13-06-2022 03:30;15.65
13-06-2022 03:45;15.46
13-06-2022 04:00;15.3
13-06-2022 04:15;15.11
13-06-2022 04:30;14.92
13-06-2022 04:45;14.74
13-06-2022 05:00;14.46
13-06-2022 05:15;14.35
13-06-2022 05:30;14
13-06-2022 05:45;13.95
13-06-2022 06:00;13.68
13-06-2022 06:15;13.42
13-06-2022 06:30;13.09
13-06-2022 06:45;11.13
13-06-2022 07:00;10.2
13-06-2022 07:15;10.26
13-06-2022 07:30;10.59
13-06-2022 07:45;10.83
13-06-2022 08:00;11.14
13-06-2022 08:15;11.08
13-06-2022 08:30;12.07
13-06-2022 08:45;13.45
13-06-2022 09:00;13.43
13-06-2022 09:15;13.87
13-06-2022 09:30;16.06
13-06-2022 09:45;16.9
13-06-2022 10:00;16.97
13-06-2022 10:15;16.18
13-06-2022 10:30;17.37
13-06-2022 10:45;17.93
13-06-2022 11:00;17.81
13-06-2022 11:15;17.44
13-06-2022 11:30;17.65
13-06-2022 11:45;18.37
13-06-2022 12:00;17.93
13-06-2022 12:15;16.84
13-06-2022 12:30;16.38
13-06-2022 12:45;17.14
13-06-2022 13:00;16.46
13-06-2022 13:15;16.54
13-06-2022 13:30;16.52
13-06-2022 13:45;16.51
13-06-2022 14:00;16.35
13-06-2022 14:15;16.07
13-06-2022 14:30;16.05
13-06-2022 14:45;16.15
13-06-2022 15:00;16.13
13-06-2022 15:15;16.09
13-06-2022 15:30;15.91
13-06-2022 15:45;15.49
13-06-2022 16:00;15.69
13-06-2022 16:15;15.44
13-06-2022 16:30;15.06
13-06-2022 16:45;14.56
13-06-2022 17:00;14.68
13-06-2022 17:15;14.73
13-06-2022 17:30;14.6
13-06-2022 17:45;14.53
13-06-2022 18:00;14.44
13-06-2022 18:15;13.97
13-06-2022 18:30;13.57
13-06-2022 18:45;12.18
13-06-2022 19:00;11.41
13-06-2022 19:15;11.39
13-06-2022 19:30;12.4
13-06-2022 19:45;12.5
13-06-2022 20:00;12.89
13-06-2022 20:15;14.46
13-06-2022 20:30;14.67
13-06-2022 20:45;15.06
13-06-2022 21:00;16.04
13-06-2022 21:15;15.85
13-06-2022 21:30;15.83
13-06-2022 21:45;16.15
13-06-2022 22:00;16.38
13-06-2022 22:15;16.52
13-06-2022 22:30;17.12
13-06-2022 22:45;17.6
13-06-2022 23:00;17.68
13-06-2022 23:15;17.75
13-06-2022 23:30;17.9
13-06-2022 23:45;17.96
14-06-2022 00:00;17.78
14-06-2022 00:15;17.93
14-06-2022 00:30;18.12
14-06-2022 00:45;19.07
14-06-2022 01:00;20.05
14-06-2022 01:15;19.51
14-06-2022 01:30;18.73
14-06-2022 01:45;18.97
14-06-2022 02:00;18.82
14-06-2022 02:15;18.17
14-06-2022 02:30;17.7
14-06-2022 02:45;17.54
14-06-2022 03:00;17.87
14-06-2022 03:15;15.69
14-06-2022 03:30;15.88
14-06-2022 03:45;15.59
14-06-2022 04:00;15.38
14-06-2022 04:15;15.35
14-06-2022 04:30;15.12
14-06-2022 04:45;14.79
14-06-2022 05:00;14.55
14-06-2022 05:15;14.47
14-06-2022 05:30;14.12
14-06-2022 05:45;14.07
14-06-2022 06:00;14.79
14-06-2022 06:15;13.26
14-06-2022 06:30;11.21
14-06-2022 06:45;11.16
14-06-2022 07:00;10.73
14-06-2022 07:15;11.09
14-06-2022 07:30;10.97
14-06-2022 07:45;10.88
14-06-2022 08:00;10.98
14-06-2022 08:15;12.02
14-06-2022 08:30;12.03
14-06-2022 08:45;11.57
14-06-2022 09:00;10.11
14-06-2022 09:15;10.54
14-06-2022 09:30;10.34
14-06-2022 09:45;10.68
14-06-2022 10:00;11.07
14-06-2022 10:15;11.41
14-06-2022 10:30;11.95
14-06-2022 10:45;12.24
14-06-2022 11:00;12.28
14-06-2022 11:15;12.42
14-06-2022 11:30;12.76
14-06-2022 11:45;13.6
14-06-2022 12:00;15.33
14-06-2022 12:15;14.62
14-06-2022 12:30;14.67
14-06-2022 12:45;13.18
14-06-2022 13:00;14.25
14-06-2022 13:15;14.54
14-06-2022 13:30;16.73
14-06-2022 13:45;15.69
14-06-2022 14:00;16.53
14-06-2022 14:15;18.93
14-06-2022 14:30;18.15
14-06-2022 14:45;16.03
14-06-2022 15:00;18.02
14-06-2022 15:15;17.65
14-06-2022 15:30;17.2
14-06-2022 15:45;17.22
14-06-2022 16:00;17.61
14-06-2022 16:15;17.77
14-06-2022 16:30;15.33
14-06-2022 16:45;11.41
14-06-2022 17:00;12.81
14-06-2022 17:15;16.26
14-06-2022 17:30;16
14-06-2022 17:45;12.64
14-06-2022 18:00;12.72
14-06-2022 18:15;13.22
14-06-2022 18:30;15.33
14-06-2022 18:45;17.84
14-06-2022 19:00;17.48
14-06-2022 19:15;17.13
14-06-2022 19:30;15.4
14-06-2022 19:45;17.06
14-06-2022 20:00;17.2
14-06-2022 20:15;17.34
14-06-2022 20:30;16.82
14-06-2022 20:45;17.37
14-06-2022 21:00;17.03
14-06-2022 21:15;17.03
14-06-2022 21:30;16.5
14-06-2022 21:45;15.82
14-06-2022 22:00;15.96
14-06-2022 22:15;16.28
14-06-2022 22:30;16.49
14-06-2022 22:45;16.46
14-06-2022 23:00;16.59
14-06-2022 23:15;16.56
14-06-2022 23:30;16.76
14-06-2022 23:45;16.71
15-06-2022 00:00;16.93
15-06-2022 00:15;16.76
15-06-2022 00:30;16.73
15-06-2022 00:45;16.7
15-06-2022 01:00;16.78
15-06-2022 01:15;16.95
15-06-2022 01:30;16.59
15-06-2022 01:45;16.61
15-06-2022 02:00;16.72
15-06-2022 02:15;16.56
15-06-2022 02:30;16.3
15-06-2022 02:45;16.08
15-06-2022 03:00;16.12
15-06-2022 03:15;16.09
15-06-2022 03:30;15.87
15-06-2022 03:45;15.89
15-06-2022 04:00;15.71
15-06-2022 04:15;15.93
15-06-2022 04:30;16.77
15-06-2022 04:45;16.27
15-06-2022 05:00;16.01
15-06-2022 05:15;15.75
15-06-2022 05:30;16.15
15-06-2022 05:45;16.2
15-06-2022 06:00;15.66
15-06-2022 06:15;15.31
15-06-2022 06:30;15.05
15-06-2022 06:45;14.79
15-06-2022 07:00;14.37
15-06-2022 07:15;14.11
15-06-2022 07:30;12.3
15-06-2022 07:45;11.48
15-06-2022 08:00;11.39
15-06-2022 08:15;11.26
15-06-2022 08:30;11.34
15-06-2022 08:45;11.13
15-06-2022 09:00;11.6
15-06-2022 09:15;11.85
15-06-2022 09:30;11.81
15-06-2022 09:45;12.08
15-06-2022 10:00;12.1
15-06-2022 10:15;10.47
15-06-2022 10:30;13.95
15-06-2022 10:45;13.43
15-06-2022 11:00;14
15-06-2022 11:15;14.14
15-06-2022 11:30;16.85
15-06-2022 11:45;17.03
15-06-2022 12:00;18.34
15-06-2022 12:15;18.76
15-06-2022 12:30;18.83
15-06-2022 12:45;18.56
15-06-2022 13:00;19.01
15-06-2022 13:15;17.71
15-06-2022 13:30;18.02
15-06-2022 13:45;18.01
15-06-2022 14:00;16.6
15-06-2022 14:15;16.84
15-06-2022 14:30;16.69
15-06-2022 14:45;14.1
15-06-2022 15:00;13.56
15-06-2022 15:15;13.55
15-06-2022 15:30;13.61
15-06-2022 15:45;13.76
15-06-2022 16:00;13.77
15-06-2022 16:15;13.88
15-06-2022 16:30;13.83
15-06-2022 16:45;12.83
15-06-2022 17:00;14.05
15-06-2022 17:15;14.89
15-06-2022 17:30;15.14
15-06-2022 17:45;15.23
15-06-2022 18:00;15.39
15-06-2022 18:15;15.42
15-06-2022 18:30;16.1
15-06-2022 18:45;17.53
15-06-2022 19:00;14.94
15-06-2022 19:15;12.43
15-06-2022 19:30;14.45
15-06-2022 19:45;14.25
15-06-2022 20:00;13.22
15-06-2022 20:15;13.8
15-06-2022 20:30;13.82
15-06-2022 20:45;14.46
15-06-2022 21:00;17.36
15-06-2022 21:15;18.62
15-06-2022 21:30;19.23
15-06-2022 21:45;19.09
15-06-2022 22:00;18.46
15-06-2022 22:15;18.02
15-06-2022 22:30;18.09
15-06-2022 22:45;18.31
15-06-2022 23:00;18.23
15-06-2022 23:15;18.3
15-06-2022 23:30;18.16
15-06-2022 23:45;18.03
16-06-2022 00:00;18.4
16-06-2022 00:15;18.28
16-06-2022 00:30;18.25
16-06-2022 00:45;18.29
16-06-2022 01:00;18.2
16-06-2022 01:15;18.15
16-06-2022 01:30;18.16
16-06-2022 01:45;18.05
16-06-2022 02:00;18
16-06-2022 02:15;17.97
16-06-2022 02:30;17.72
16-06-2022 02:45;17.61
16-06-2022 03:00;17.58
16-06-2022 03:15;17.34
16-06-2022 03:30;17.41
16-06-2022 03:45;17.36
16-06-2022 04:00;17.42
16-06-2022 04:15;17.44
16-06-2022 04:30;17.14
16-06-2022 04:45;16.61
16-06-2022 05:00;16.42
16-06-2022 05:15;16.51
16-06-2022 05:30;16.97
16-06-2022 05:45;16.74
16-06-2022 06:00;15.75
16-06-2022 06:15;15.26
16-06-2022 06:30;14.65
16-06-2022 06:45;14.02
16-06-2022 07:00;13.35
16-06-2022 07:15;13.98
16-06-2022 07:30;13.04
16-06-2022 07:45;11.14
16-06-2022 08:00;9.74
16-06-2022 08:15;10.03
16-06-2022 08:30;10.34
16-06-2022 08:45;10.59
16-06-2022 09:00;10.58
16-06-2022 09:15;11.15
16-06-2022 09:30;11.04
16-06-2022 09:45;11.48
16-06-2022 10:00;11.55
16-06-2022 10:15;11.7
16-06-2022 10:30;11.83
16-06-2022 10:45;12.26
16-06-2022 11:00;14.98
16-06-2022 11:15;13.1
16-06-2022 11:30;12.41
16-06-2022 11:45;12.84
16-06-2022 12:00;13.08
16-06-2022 12:15;13.39
16-06-2022 12:30;14.82
16-06-2022 12:45;16.16
16-06-2022 13:00;15.93
16-06-2022 13:15;18.21
16-06-2022 13:30;18.82
16-06-2022 13:45;17.82
16-06-2022 14:00;17.19
16-06-2022 14:15;16.92
16-06-2022 14:30;16.58
16-06-2022 14:45;16.26
16-06-2022 15:00;16.23
16-06-2022 15:15;17.73
16-06-2022 15:30;15.69
16-06-2022 15:45;17.35
16-06-2022 16:00;17.11
16-06-2022 16:15;17.27
16-06-2022 16:30;17.23
16-06-2022 16:45;17.16
16-06-2022 17:00;17.66
16-06-2022 17:15;17.58
16-06-2022 17:30;17.31
16-06-2022 17:45;17.3
16-06-2022 18:00;17.24
16-06-2022 18:15;17.58
16-06-2022 18:30;18.02
16-06-2022 18:45;17.49
16-06-2022 19:00;17.34
16-06-2022 19:15;17.25
16-06-2022 19:30;17.22
16-06-2022 19:45;17.18
16-06-2022 20:00;17.1
16-06-2022 20:15;16.99
16-06-2022 20:30;17.01
16-06-2022 20:45;17.1
16-06-2022 21:00;16.8
16-06-2022 21:15;17.17
16-06-2022 21:30;17.28
16-06-2022 21:45;17.84
16-06-2022 22:00;18.53
16-06-2022 22:15;17.2
16-06-2022 22:30;17.37
16-06-2022 22:45;17.47
16-06-2022 23:00;17.59
16-06-2022 23:15;17.55
16-06-2022 23:30;17.72
16-06-2022 23:45;17.97
17-06-2022 00:00;18.01
17-06-2022 00:15;18.02
17-06-2022 00:30;17.9
17-06-2022 00:45;18.06
17-06-2022 01:00;18.04
17-06-2022 01:15;17.97
17-06-2022 01:30;17.86
17-06-2022 01:45;18
17-06-2022 02:00;17.87
17-06-2022 02:15;17.71
17-06-2022 02:30;17.48
17-06-2022 02:45;17.25
17-06-2022 03:00;17.23
17-06-2022 03:15;17.01
17-06-2022 03:30;16.75
17-06-2022 03:45;16.42
17-06-2022 04:00;16.85
17-06-2022 04:15;16.7
17-06-2022 04:30;16.38
17-06-2022 04:45;16.16
17-06-2022 05:00;15.83
17-06-2022 05:15;15.43
17-06-2022 05:30;14.94
17-06-2022 05:45;14.43
17-06-2022 06:00;14.86
17-06-2022 06:15;13.89
17-06-2022 06:30;13.63
17-06-2022 06:45;12.42
17-06-2022 07:00;10.08
17-06-2022 07:15;9.96
17-06-2022 07:30;9.91
17-06-2022 07:45;10.03
17-06-2022 08:00;10.1
17-06-2022 08:15;10.4
17-06-2022 08:30;10.35
17-06-2022 08:45;10.44
17-06-2022 09:00;10.54
17-06-2022 09:15;10.66
17-06-2022 09:30;10.6
17-06-2022 09:45;10.7
17-06-2022 10:00;10.86
17-06-2022 10:15;11.14
17-06-2022 10:30;11.36
17-06-2022 10:45;11.9
17-06-2022 11:00;14.88
17-06-2022 11:15;17.17
17-06-2022 11:30;17.08
17-06-2022 11:45;16.6
17-06-2022 12:00;16.06
17-06-2022 12:15;15.46
17-06-2022 12:30;15.14
17-06-2022 12:45;15.11
17-06-2022 13:00;15.08
17-06-2022 13:15;15.22
17-06-2022 13:30;15.46
17-06-2022 13:45;15.67
17-06-2022 14:00;15.9
17-06-2022 14:15;16.46
17-06-2022 14:30;16.55
17-06-2022 14:45;16.98
17-06-2022 15:00;17.65
17-06-2022 15:15;17.79
17-06-2022 15:30;18.34
17-06-2022 15:45;18.27
17-06-2022 16:00;17.69
17-06-2022 16:15;17.92
17-06-2022 16:30;18.07
17-06-2022 16:45;18.08
17-06-2022 17:00;18.08
17-06-2022 17:15;18.12
17-06-2022 17:30;18.21
17-06-2022 17:45;18.26
17-06-2022 18:00;18.13
17-06-2022 18:15;18.75
17-06-2022 18:30;18.49
17-06-2022 18:45;17.49
17-06-2022 19:00;17.31
17-06-2022 19:15;17.19
17-06-2022 19:30;17.27
17-06-2022 19:45;16.63
17-06-2022 20:00;16.55
17-06-2022 20:15;16.61
17-06-2022 20:30;16.87
17-06-2022 20:45;16.88
17-06-2022 21:00;16.91
17-06-2022 21:15;16.91
17-06-2022 21:30;17.09
17-06-2022 21:45;17.32
17-06-2022 22:00;17.32
17-06-2022 22:15;17.31
17-06-2022 22:30;17.49
17-06-2022 22:45;17.61
17-06-2022 23:00;17.73
17-06-2022 23:15;18.28
17-06-2022 23:30;18.01
17-06-2022 23:45;17.72
18-06-2022 00:00;17.75
18-06-2022 00:15;17.74
18-06-2022 00:30;17.81
18-06-2022 00:45;17.86
18-06-2022 01:00;17.86
18-06-2022 01:15;17.81
18-06-2022 01:30;17.72
18-06-2022 01:45;17.72
18-06-2022 02:00;17.62
18-06-2022 02:15;17.65
18-06-2022 02:30;17.54
18-06-2022 02:45;17.5
18-06-2022 03:00;17.37
18-06-2022 03:15;17.2
18-06-2022 03:30;17.04
18-06-2022 03:45;16.87
18-06-2022 04:00;16.82
18-06-2022 04:15;16.08
18-06-2022 04:30;14.86
18-06-2022 04:45;14.56
18-06-2022 05:00;14.45
18-06-2022 05:15;14.02
18-06-2022 05:30;12.56
18-06-2022 05:45;11.14
18-06-2022 06:00;11.11
18-06-2022 06:15;11.2
18-06-2022 06:30;11.15
18-06-2022 06:45;11.88
18-06-2022 07:00;10.01
18-06-2022 07:15;10.2
18-06-2022 07:30;10.02
18-06-2022 07:45;10.12
18-06-2022 08:00;10.46
18-06-2022 08:15;10.34
18-06-2022 08:30;10.57
18-06-2022 08:45;10.67
18-06-2022 09:00;11.01
18-06-2022 09:15;11.19
18-06-2022 09:30;11.42
18-06-2022 09:45;12.06
18-06-2022 10:00;12.21
18-06-2022 10:15;12.42
18-06-2022 10:30;12.74
18-06-2022 10:45;14.19
18-06-2022 11:00;17.46
18-06-2022 11:15;17.82
18-06-2022 11:30;18.17
18-06-2022 11:45;17.84
18-06-2022 12:00;17.53
18-06-2022 12:15;17.16
18-06-2022 12:30;17.03
18-06-2022 12:45;16.8
18-06-2022 13:00;16.83
18-06-2022 13:15;16.83
18-06-2022 13:30;16.92
18-06-2022 13:45;17.1
18-06-2022 14:00;17.33
18-06-2022 14:15;17.71
18-06-2022 14:30;17.92
18-06-2022 14:45;18
18-06-2022 15:00;17.52
18-06-2022 15:15;17.69
18-06-2022 15:30;17.77
18-06-2022 15:45;17.99
18-06-2022 16:00;18.18
18-06-2022 16:15;17.66
18-06-2022 16:30;17.68
18-06-2022 16:45;17.72
18-06-2022 17:00;17.87
18-06-2022 17:15;17.82
18-06-2022 17:30;17.53
18-06-2022 17:45;18.76
18-06-2022 18:00;17.6
18-06-2022 18:15;17.08
18-06-2022 18:30;16.8
18-06-2022 18:45;16.99
18-06-2022 19:00;17.65
18-06-2022 19:15;17.85
18-06-2022 19:30;17.71
18-06-2022 19:45;17.8
18-06-2022 20:00;17.58
18-06-2022 20:15;17.39
18-06-2022 20:30;17.43
18-06-2022 20:45;17.52
18-06-2022 21:00;17.37
18-06-2022 21:15;17.4
18-06-2022 21:30;17.73
18-06-2022 21:45;17.52
18-06-2022 22:00;17.57
18-06-2022 22:15;17.75
18-06-2022 22:30;17.71
18-06-2022 22:45;18.81
18-06-2022 23:00;17.61
18-06-2022 23:15;17.83
18-06-2022 23:30;17.8
18-06-2022 23:45;17.96
19-06-2022 00:00;18.02
19-06-2022 00:15;17.93
19-06-2022 00:30;18.17
19-06-2022 00:45;18.05
19-06-2022 01:00;18.06
19-06-2022 01:15;17.97
19-06-2022 01:30;17.92
19-06-2022 01:45;17.93
19-06-2022 02:00;17.93
19-06-2022 02:15;17.85
19-06-2022 02:30;17.8
19-06-2022 02:45;17.72
19-06-2022 03:00;17.66
19-06-2022 03:15;17.55
19-06-2022 03:30;17.86
19-06-2022 03:45;17.79
19-06-2022 04:00;17.62
19-06-2022 04:15;17.49
19-06-2022 04:30;17.03
19-06-2022 04:45;16.79
19-06-2022 05:00;16.38
19-06-2022 05:15;15.76
19-06-2022 05:30;15.48
19-06-2022 05:45;15.04
19-06-2022 06:00;14.9
19-06-2022 06:15;15
19-06-2022 06:30;15.19
19-06-2022 06:45;15.5
19-06-2022 07:00;15.18
19-06-2022 07:15;15.12
19-06-2022 07:30;14.86
19-06-2022 07:45;14.18
19-06-2022 08:00;13.99
19-06-2022 08:15;13.8
19-06-2022 08:30;13.61
19-06-2022 08:45;13.6
19-06-2022 09:00;13.57
19-06-2022 09:15;13.4
19-06-2022 09:30;13.35
19-06-2022 09:45;13.37
19-06-2022 10:00;13.4
19-06-2022 10:15;13.47
19-06-2022 10:30;13.61
19-06-2022 10:45;13.74
19-06-2022 11:00;14.29
19-06-2022 11:15;14.74
19-06-2022 11:30;14.46
19-06-2022 11:45;15.22
19-06-2022 12:00;15.58
19-06-2022 12:15;16.29
19-06-2022 12:30;16.99
19-06-2022 12:45;17.3
19-06-2022 13:00;17.54
19-06-2022 13:15;18.53
19-06-2022 13:30;18.56
19-06-2022 13:45;18.7
19-06-2022 14:00;18.96
19-06-2022 14:15;19.12
19-06-2022 14:30;19.39
19-06-2022 14:45;19.24
19-06-2022 15:00;18.85
19-06-2022 15:15;18.54
19-06-2022 15:30;18.99
19-06-2022 15:45;18.43
19-06-2022 16:00;18.13
19-06-2022 16:15;18.23
19-06-2022 16:30;18.08
19-06-2022 16:45;18.11
19-06-2022 17:00;18.04
19-06-2022 17:15;18
19-06-2022 17:30;18.01
19-06-2022 17:45;18.22
19-06-2022 18:00;18.8
19-06-2022 18:15;18.86
19-06-2022 18:30;20.63
19-06-2022 18:45;19.74
19-06-2022 19:00;19.17
19-06-2022 19:15;18.63
19-06-2022 19:30;18.5
19-06-2022 19:45;18.31
19-06-2022 20:00;18.1
19-06-2022 20:15;18.32
19-06-2022 20:30;18.54
19-06-2022 20:45;18.63
19-06-2022 21:00;18.67
19-06-2022 21:15;18.7
19-06-2022 21:30;18.8
19-06-2022 21:45;19.37
19-06-2022 22:00;19.76
19-06-2022 22:15;19.96
19-06-2022 22:30;20.72
19-06-2022 22:45;20.6
19-06-2022 23:00;20.8
19-06-2022 23:15;21.24
19-06-2022 23:30;22.87
19-06-2022 23:45;21.37
20-06-2022 00:00;21.73
20-06-2022 00:15;22.47
20-06-2022 00:30;23.48
20-06-2022 00:45;23.07
20-06-2022 01:00;23.61
20-06-2022 01:15;24.7
20-06-2022 01:30;25.24
20-06-2022 01:45;25.37
20-06-2022 02:00;26.04
20-06-2022 02:15;26.56
20-06-2022 02:30;27.58
20-06-2022 02:45;29.66
20-06-2022 03:00;30
20-06-2022 03:15;31.26
20-06-2022 03:30;32.99
20-06-2022 03:45;34.24
20-06-2022 04:00;35.87
20-06-2022 04:15;41.66
20-06-2022 04:30;44.8
20-06-2022 04:45;44.88
20-06-2022 05:00;44.79
20-06-2022 05:15;44.51
20-06-2022 05:30;45.09
20-06-2022 05:45;45.76
20-06-2022 06:00;46.25
20-06-2022 06:15;46.28
20-06-2022 06:30;45.88
20-06-2022 06:45;46.33
20-06-2022 07:00;46.75
20-06-2022 07:15;45.49
20-06-2022 07:30;45.47
20-06-2022 07:45;45.33
20-06-2022 08:00;45.12
20-06-2022 08:15;44.34
20-06-2022 08:30;42.6
20-06-2022 08:45;43.11
20-06-2022 09:00;43.85
20-06-2022 09:15;43.12
20-06-2022 09:30;42.17
20-06-2022 09:45;40.88
20-06-2022 10:00;39.91
20-06-2022 10:15;39.19
20-06-2022 10:30;38.31
20-06-2022 10:45;36.36
20-06-2022 11:00;32.66
20-06-2022 11:15;34.21
20-06-2022 11:30;30.77
20-06-2022 11:45;30.71
20-06-2022 12:00;30.19
20-06-2022 12:15;29.07
20-06-2022 12:30;27.96
20-06-2022 12:45;28.05
20-06-2022 13:00;27.9
20-06-2022 13:15;27.55
20-06-2022 13:30;27.54
20-06-2022 13:45;27.06
20-06-2022 14:00;26.71
20-06-2022 14:15;26.59
20-06-2022 14:30;26.42
20-06-2022 14:45;26.45
20-06-2022 15:00;26.48
20-06-2022 15:15;25.17
20-06-2022 15:30;21.58
20-06-2022 15:45;21.81
20-06-2022 16:00;23.03
20-06-2022 16:15;20.95
20-06-2022 16:30;19.5
20-06-2022 16:45;18.78
20-06-2022 17:00;18.56
20-06-2022 17:15;18.3
20-06-2022 17:30;14.95
20-06-2022 17:45;14.33
20-06-2022 18:00;14.36
20-06-2022 18:15;15.35
20-06-2022 18:30;17.11
20-06-2022 18:45;17.24
20-06-2022 19:00;17.03
20-06-2022 19:15;17.22
20-06-2022 19:30;18.07
20-06-2022 19:45;17.92
20-06-2022 20:00;17.72
20-06-2022 20:15;17.13
20-06-2022 20:30;17.11
20-06-2022 20:45;16.94
20-06-2022 21:00;16.91
20-06-2022 21:15;16.94
20-06-2022 21:30;16.98
20-06-2022 21:45;17.02
20-06-2022 22:00;17.15
20-06-2022 22:15;17.27
20-06-2022 22:30;17.42
20-06-2022 22:45;17.76
20-06-2022 23:00;17.79
20-06-2022 23:15;17.95
20-06-2022 23:30;18.42
20-06-2022 23:45;20.15
21-06-2022 00:00;18.97
21-06-2022 00:15;18.93
21-06-2022 00:30;18.83
21-06-2022 00:45;18.98
21-06-2022 01:00;18.83
21-06-2022 01:15;18.76
21-06-2022 01:30;18.63
21-06-2022 01:45;18.4
21-06-2022 02:00;18.31
21-06-2022 02:15;18.17
21-06-2022 02:30;17.88
21-06-2022 02:45;17.8
21-06-2022 03:00;17.5
21-06-2022 03:15;17.16
21-06-2022 03:30;16.92
21-06-2022 03:45;16.67
21-06-2022 04:00;16.39
21-06-2022 04:15;16.15
21-06-2022 04:30;15.84
21-06-2022 04:45;16.11
21-06-2022 05:00;14.9
21-06-2022 05:15;15.06
21-06-2022 05:30;15.17
21-06-2022 05:45;15.65
21-06-2022 06:00;15.73
21-06-2022 06:15;15.58
21-06-2022 06:30;15.47
21-06-2022 06:45;15.24
21-06-2022 07:00;14.94
21-06-2022 07:15;14.62
21-06-2022 07:30;14.13
21-06-2022 07:45;13.71
21-06-2022 08:00;13.57
21-06-2022 08:15;13.47
21-06-2022 08:30;14.15
21-06-2022 08:45;13.21
21-06-2022 09:00;10.67
21-06-2022 09:15;9.95
21-06-2022 09:30;10.11
21-06-2022 09:45;10.45
21-06-2022 10:00;10.72
21-06-2022 10:15;10.93
21-06-2022 10:30;11.57
21-06-2022 10:45;12.15
21-06-2022 11:00;12.6
21-06-2022 11:15;12.83
21-06-2022 11:30;13.34
21-06-2022 11:45;14
21-06-2022 12:00;13.98
21-06-2022 12:15;14.44
21-06-2022 12:30;14.54
21-06-2022 12:45;15.33
21-06-2022 13:00;19.28
21-06-2022 13:15;19.53
21-06-2022 13:30;20.21
21-06-2022 13:45;19.82
21-06-2022 14:00;18.96
21-06-2022 14:15;18.49
21-06-2022 14:30;18.64
21-06-2022 14:45;18.42
21-06-2022 15:00;18.45
21-06-2022 15:15;18.63
21-06-2022 15:30;18.49
21-06-2022 15:45;18.57
21-06-2022 16:00;18.51
21-06-2022 16:15;18.28
21-06-2022 16:30;18.14
21-06-2022 16:45;18.14
21-06-2022 17:00;18.15
21-06-2022 17:15;18.09
21-06-2022 17:30;18.07
21-06-2022 17:45;17.93
21-06-2022 18:00;17.94
21-06-2022 18:15;18.07
21-06-2022 18:30;16.05
21-06-2022 18:45;17.49
21-06-2022 19:00;17.74
21-06-2022 19:15;17.11
21-06-2022 19:30;17.39
21-06-2022 19:45;17.16
21-06-2022 20:00;17.82
21-06-2022 20:15;18.02
21-06-2022 20:30;17.96
21-06-2022 20:45;17.81
21-06-2022 21:00;17.92
21-06-2022 21:15;17.94
21-06-2022 21:30;17.97
21-06-2022 21:45;17.78
21-06-2022 22:00;17.71
21-06-2022 22:15;17.8
21-06-2022 22:30;17.79
21-06-2022 22:45;17.7
21-06-2022 23:00;17.76
21-06-2022 23:15;17.74
21-06-2022 23:30;17.92
21-06-2022 23:45;17.79
22-06-2022 00:00;17.55
22-06-2022 00:15;17.33
22-06-2022 00:30;17.16
22-06-2022 00:45;17.09
22-06-2022 01:00;16.5
22-06-2022 01:15;16.02
22-06-2022 01:30;15.83
22-06-2022 01:45;15.75
22-06-2022 02:00;15.64
22-06-2022 02:15;15.5
22-06-2022 02:30;15.38
22-06-2022 02:45;15.15
22-06-2022 03:00;15.03
22-06-2022 03:15;14.84
22-06-2022 03:30;14.69
22-06-2022 03:45;14.15
22-06-2022 04:00;14.2
22-06-2022 04:15;14.21
22-06-2022 04:30;14
22-06-2022 04:45;13.81
22-06-2022 05:00;13.59
22-06-2022 05:15;13.46
22-06-2022 05:30;13.3
22-06-2022 05:45;13.04
22-06-2022 06:00;12.71
22-06-2022 06:15;12.47
22-06-2022 06:30;12.38
22-06-2022 06:45;13.1
22-06-2022 07:00;10.23
22-06-2022 07:15;10.54
22-06-2022 07:30;9.67
22-06-2022 07:45;9.66
22-06-2022 08:00;9.84
22-06-2022 08:15;9.97
22-06-2022 08:30;10.13
22-06-2022 08:45;10.23
22-06-2022 09:00;10.53
22-06-2022 09:15;10.72
22-06-2022 09:30;10.78
22-06-2022 09:45;11.08
22-06-2022 10:00;11.08
22-06-2022 10:15;11.17
22-06-2022 10:30;13.85
22-06-2022 10:45;15.37
22-06-2022 11:00;14.26
22-06-2022 11:15;13.79
22-06-2022 11:30;13.83
22-06-2022 11:45;13.73
22-06-2022 12:00;13.77
22-06-2022 12:15;13.88
22-06-2022 12:30;13.93
22-06-2022 12:45;14.15
22-06-2022 13:00;14.39
22-06-2022 13:15;14.64
22-06-2022 13:30;15.24
22-06-2022 13:45;15.97
22-06-2022 14:00;16.35
22-06-2022 14:15;17.6
22-06-2022 14:30;16.96
22-06-2022 14:45;16.76
22-06-2022 15:00;17.03
22-06-2022 15:15;17.38
22-06-2022 15:30;17.55
22-06-2022 15:45;17.68
22-06-2022 16:00;17.7
22-06-2022 16:15;17.6
22-06-2022 16:30;17.87
22-06-2022 16:45;17.91
22-06-2022 17:00;17.91
22-06-2022 17:15;17.49
22-06-2022 17:30;17.72
22-06-2022 17:45;17.75
22-06-2022 18:00;17.39
22-06-2022 18:15;17.84
22-06-2022 18:30;17.82
22-06-2022 18:45;17.99
22-06-2022 19:00;18
22-06-2022 19:15;17.77
22-06-2022 19:30;17.8
22-06-2022 19:45;17.7
22-06-2022 20:00;17.58
22-06-2022 20:15;17.52
22-06-2022 20:30;17.48
22-06-2022 20:45;17.58
22-06-2022 21:00;17.48
22-06-2022 21:15;17.54
22-06-2022 21:30;17.88
22-06-2022 21:45;17.79
22-06-2022 22:00;17.83
22-06-2022 22:15;17.78
22-06-2022 22:30;17.83
22-06-2022 22:45;17.82
22-06-2022 23:00;17.84
22-06-2022 23:15;17.77
22-06-2022 23:30;17.96
22-06-2022 23:45;17.96
23-06-2022 00:00;17.82
23-06-2022 00:15;17.95
23-06-2022 00:30;17.89
23-06-2022 00:45;18.1
23-06-2022 01:00;18.31
23-06-2022 01:15;18.24
23-06-2022 01:30;18.07
23-06-2022 01:45;17.88
23-06-2022 02:00;18.3
23-06-2022 02:15;19.05
23-06-2022 02:30;20.63
23-06-2022 02:45;19.7
23-06-2022 03:00;19.22
23-06-2022 03:15;19.01
23-06-2022 03:30;18.87
23-06-2022 03:45;18.87
23-06-2022 04:00;19.02
23-06-2022 04:15;19.4
23-06-2022 04:30;20.18
23-06-2022 04:45;21.38
23-06-2022 05:00;21.6
23-06-2022 05:15;21.88
23-06-2022 05:30;21.74
23-06-2022 05:45;21.97
23-06-2022 06:00;23.3
23-06-2022 06:15;23.92
23-06-2022 06:30;24.59
23-06-2022 06:45;24.92
23-06-2022 07:00;25.12
23-06-2022 07:15;25.06
23-06-2022 07:30;24.51
23-06-2022 07:45;24.28
23-06-2022 08:00;23.77
23-06-2022 08:15;23.73
23-06-2022 08:30;23.28
23-06-2022 08:45;22.77
23-06-2022 09:00;22.53
23-06-2022 09:15;22.07
23-06-2022 09:30;21.52
23-06-2022 09:45;22.59
23-06-2022 10:00;22.58
23-06-2022 10:15;21.74
23-06-2022 10:30;20.9
23-06-2022 10:45;21.14
23-06-2022 11:00;20.99
23-06-2022 11:15;20.98
23-06-2022 11:30;22.88
23-06-2022 11:45;21.88
23-06-2022 12:00;22.27
23-06-2022 12:15;21.8
23-06-2022 12:30;21.94
23-06-2022 12:45;21.3
23-06-2022 13:00;21.29
23-06-2022 13:15;20.92
23-06-2022 13:30;20.34
23-06-2022 13:45;20.11
23-06-2022 14:00;19.55
23-06-2022 14:15;19.41
23-06-2022 14:30;19.08
23-06-2022 14:45;19.32
23-06-2022 15:00;19.13
23-06-2022 15:15;18.86
23-06-2022 15:30;18.19
23-06-2022 15:45;18.09
23-06-2022 16:00;17.88
23-06-2022 16:15;17.81
23-06-2022 16:30;17.88
23-06-2022 16:45;17.68
23-06-2022 17:00;17.75
23-06-2022 17:15;17.19
23-06-2022 17:30;17.68
23-06-2022 17:45;17.45
23-06-2022 18:00;17.77
23-06-2022 18:15;17.49
23-06-2022 18:30;17.68
23-06-2022 18:45;17.73
23-06-2022 19:00;17.5
23-06-2022 19:15;17.69
23-06-2022 19:30;17.34
23-06-2022 19:45;17.4
23-06-2022 20:00;17.2
23-06-2022 20:15;17.29
23-06-2022 20:30;17.13
23-06-2022 20:45;17.28
23-06-2022 21:00;17.24
23-06-2022 21:15;17.22
23-06-2022 21:30;17.34
23-06-2022 21:45;17.28
23-06-2022 22:00;18.05
23-06-2022 22:15;17.92
23-06-2022 22:30;17.5
23-06-2022 22:45;17.34
23-06-2022 23:00;17.37
23-06-2022 23:15;17.36
23-06-2022 23:30;17.27
23-06-2022 23:45;17.54
24-06-2022 00:00;17.31
24-06-2022 00:15;17.39
24-06-2022 00:30;17.34
24-06-2022 00:45;17.3
24-06-2022 01:00;17.38
24-06-2022 01:15;17.32
24-06-2022 01:30;17.29
24-06-2022 01:45;17.25
24-06-2022 02:00;17.32
24-06-2022 02:15;17.13
24-06-2022 02:30;17.32
24-06-2022 02:45;17.95
24-06-2022 03:00;17.97
24-06-2022 03:15;17.87
24-06-2022 03:30;17.95
24-06-2022 03:45;17.74
24-06-2022 04:00;17.65
24-06-2022 04:15;17.46
24-06-2022 04:30;17.35
24-06-2022 04:45;17.28
24-06-2022 05:00;17.32
24-06-2022 05:15;17.65
24-06-2022 05:30;18.46
24-06-2022 05:45;18.92
24-06-2022 06:00;19.71
24-06-2022 06:15;20.35
24-06-2022 06:30;22.13
24-06-2022 06:45;24.13
24-06-2022 07:00;26.3
24-06-2022 07:15;27.36
24-06-2022 07:30;29.84
24-06-2022 07:45;29.69
24-06-2022 08:00;29.67
24-06-2022 08:15;29.44
24-06-2022 08:30;28.59
24-06-2022 08:45;26.79
24-06-2022 09:00;26.7
24-06-2022 09:15;27.01
24-06-2022 09:30;26.88
24-06-2022 09:45;28.03
24-06-2022 10:00;28.14
24-06-2022 10:15;28.25
24-06-2022 10:30;28.55
24-06-2022 10:45;28.03
24-06-2022 11:00;26.85
24-06-2022 11:15;27.05
24-06-2022 11:30;27.16
24-06-2022 11:45;27.13
24-06-2022 12:00;26.93
24-06-2022 12:15;26.74
24-06-2022 12:30;26.6
24-06-2022 12:45;26.5
24-06-2022 13:00;26.1
24-06-2022 13:15;25.43
24-06-2022 13:30;25.17
24-06-2022 13:45;24.98
24-06-2022 14:00;25.59
24-06-2022 14:15;26.95
24-06-2022 14:30;25.65
24-06-2022 14:45;25.89
24-06-2022 15:00;25.68
24-06-2022 15:15;25.34
24-06-2022 15:30;25.2
24-06-2022 15:45;25.34
24-06-2022 16:00;24.38
24-06-2022 16:15;22.96
24-06-2022 16:30;23.28
24-06-2022 16:45;25.11
24-06-2022 17:00;27.1
24-06-2022 17:15;26.27
24-06-2022 17:30;24
24-06-2022 17:45;24.49
24-06-2022 18:00;24.95
24-06-2022 18:15;25.16
24-06-2022 18:30;25.31
24-06-2022 18:45;25.12
24-06-2022 19:00;25.31
24-06-2022 19:15;25.62
24-06-2022 19:30;25.5
24-06-2022 19:45;25.42
24-06-2022 20:00;25.27
24-06-2022 20:15;25.34
24-06-2022 20:30;24.36
24-06-2022 20:45;25.26
24-06-2022 21:00;25.78
24-06-2022 21:15;23.05
24-06-2022 21:30;22.76
24-06-2022 21:45;22.16
24-06-2022 22:00;21.17
24-06-2022 22:15;20.66
24-06-2022 22:30;20.51
24-06-2022 22:45;19.98
24-06-2022 23:00;20.37
24-06-2022 23:15;20.3
24-06-2022 23:30;20.26
24-06-2022 23:45;20.12
25-06-2022 00:00;19.84
25-06-2022 00:15;19.83
25-06-2022 00:30;19.8
25-06-2022 00:45;19.39
25-06-2022 01:00;19.13
25-06-2022 01:15;18.91
25-06-2022 01:30;18.95
25-06-2022 01:45;18.85
25-06-2022 02:00;18.63
25-06-2022 02:15;18.41
25-06-2022 02:30;19.51
25-06-2022 02:45;19.36
25-06-2022 03:00;18.73
25-06-2022 03:15;18.31
25-06-2022 03:30;17.94
25-06-2022 03:45;17.63
25-06-2022 04:00;17.23
25-06-2022 04:15;16.9
25-06-2022 04:30;16.55
25-06-2022 04:45;15.98
25-06-2022 05:00;15.44
25-06-2022 05:15;14.46
25-06-2022 05:30;13.71
25-06-2022 05:45;13.3
25-06-2022 06:00;12.89
25-06-2022 06:15;11.4
25-06-2022 06:30;9.99
25-06-2022 06:45;10.09
25-06-2022 07:00;10.17
25-06-2022 07:15;10.24
25-06-2022 07:30;10.25
25-06-2022 07:45;10.29
25-06-2022 08:00;10.25
25-06-2022 08:15;10.19
25-06-2022 08:30;10.15
25-06-2022 08:45;10.14
25-06-2022 09:00;10.13
25-06-2022 09:15;10.09
25-06-2022 09:30;10.27
25-06-2022 09:45;10.28
25-06-2022 10:00;11.58
25-06-2022 10:15;10.37
25-06-2022 10:30;9.91
25-06-2022 10:45;10.07
25-06-2022 11:00;10.23
25-06-2022 11:15;10.42
25-06-2022 11:30;10.64
25-06-2022 11:45;10.92
25-06-2022 12:00;11.26
25-06-2022 12:15;11.73
25-06-2022 12:30;11.87
25-06-2022 12:45;12.29
25-06-2022 13:00;12.68
25-06-2022 13:15;12.95
25-06-2022 13:30;13.54
25-06-2022 13:45;13.42
25-06-2022 14:00;14.07
25-06-2022 14:15;14.41
25-06-2022 14:30;16.08
25-06-2022 14:45;19.71
25-06-2022 15:00;20.93
25-06-2022 15:15;20.76
25-06-2022 15:30;20.42
25-06-2022 15:45;20.33
25-06-2022 16:00;20.11
25-06-2022 16:15;19.82
25-06-2022 16:30;19.77
25-06-2022 16:45;19.63
25-06-2022 17:00;19.63
25-06-2022 17:15;19.61
25-06-2022 17:30;19.65
25-06-2022 17:45;19.53
25-06-2022 18:00;19.67
25-06-2022 18:15;19.57
25-06-2022 18:30;19.39
25-06-2022 18:45;19.12
25-06-2022 19:00;18.75
25-06-2022 19:15;17.93
25-06-2022 19:30;17.72
25-06-2022 19:45;17.52
25-06-2022 20:00;17.12
25-06-2022 20:15;17.29
25-06-2022 20:30;17.11
25-06-2022 20:45;16.87
25-06-2022 21:00;17.02
25-06-2022 21:15;16.54
25-06-2022 21:30;16.26
25-06-2022 21:45;15.7
25-06-2022 22:00;15.4
25-06-2022 22:15;15.14
25-06-2022 22:30;14.28
25-06-2022 22:45;13.67
25-06-2022 23:00;13.44
25-06-2022 23:15;13.12
25-06-2022 23:30;13.15
25-06-2022 23:45;13.12
26-06-2022 00:00;13.14
26-06-2022 00:15;11.93
26-06-2022 00:30;11.24
26-06-2022 00:45;10.99
26-06-2022 01:00;10.46
26-06-2022 01:15;10.61
26-06-2022 01:30;10.87
26-06-2022 01:45;11.36
26-06-2022 02:00;11.62
26-06-2022 02:15;11.65
26-06-2022 02:30;11.91
26-06-2022 02:45;12.16
26-06-2022 03:00;12.17
26-06-2022 03:15;12.17
26-06-2022 03:30;12.18
26-06-2022 03:45;12.07
26-06-2022 04:00;12
26-06-2022 04:15;12.01
26-06-2022 04:30;11.92
26-06-2022 04:45;11.74
26-06-2022 05:00;11.63
26-06-2022 05:15;11.38
26-06-2022 05:30;11.38
26-06-2022 05:45;11.31
26-06-2022 06:00;11.57
26-06-2022 06:15;11.71
26-06-2022 06:30;11.62
26-06-2022 06:45;11.65
26-06-2022 07:00;13.82
26-06-2022 07:15;14.85
26-06-2022 07:30;14.38
26-06-2022 07:45;13.58
26-06-2022 08:00;11.1
26-06-2022 08:15;10.48
26-06-2022 08:30;10.31
26-06-2022 08:45;10.46
26-06-2022 09:00;10.49
26-06-2022 09:15;10.24
26-06-2022 09:30;10.48
26-06-2022 09:45;10.66
26-06-2022 10:00;10.69
26-06-2022 10:15;10.66
26-06-2022 10:30;10.78
26-06-2022 10:45;10.99
26-06-2022 11:00;11.1
26-06-2022 11:15;11.14
26-06-2022 11:30;11.25
26-06-2022 11:45;11.51
26-06-2022 12:00;11.64
26-06-2022 12:15;11.81
26-06-2022 12:30;11.96
26-06-2022 12:45;13.17
26-06-2022 13:00;15.67
26-06-2022 13:15;15.75
26-06-2022 13:30;15.82
26-06-2022 13:45;15.69
26-06-2022 14:00;15.72
26-06-2022 14:15;15.64
26-06-2022 14:30;15.73
26-06-2022 14:45;16.14
26-06-2022 15:00;16.7
26-06-2022 15:15;16.2
26-06-2022 15:30;16.19
26-06-2022 15:45;16.16
26-06-2022 16:00;16.39
26-06-2022 16:15;16.46
26-06-2022 16:30;16.64
26-06-2022 16:45;17.16
26-06-2022 17:00;17.35
26-06-2022 17:15;17.34
26-06-2022 17:30;17.4
26-06-2022 17:45;17.64
26-06-2022 18:00;18.02
26-06-2022 18:15;17.86
26-06-2022 18:30;17.9
26-06-2022 18:45;17.75
26-06-2022 19:00;17.9
26-06-2022 19:15;17.8
26-06-2022 19:30;17.77
26-06-2022 19:45;17.64
26-06-2022 20:00;17.62
26-06-2022 20:15;17.55
26-06-2022 20:30;17.17
26-06-2022 20:45;16.88
26-06-2022 21:00;16.93
26-06-2022 21:15;16.87
26-06-2022 21:30;16.75
26-06-2022 21:45;16.75
26-06-2022 22:00;16.67
26-06-2022 22:15;16.09
26-06-2022 22:30;16.19
26-06-2022 22:45;15.92
26-06-2022 23:00;15.83
26-06-2022 23:15;15.76
26-06-2022 23:30;15.65
26-06-2022 23:45;15.64
27-06-2022 00:00;15.76
27-06-2022 00:15;15.6
27-06-2022 00:30;15.54
27-06-2022 00:45;15.5
27-06-2022 01:00;15.51
27-06-2022 01:15;15.45
27-06-2022 01:30;15.38
27-06-2022 01:45;15.32
27-06-2022 02:00;15.27
27-06-2022 02:15;15.29
27-06-2022 02:30;15.11
27-06-2022 02:45;15.08
27-06-2022 03:00;14.9
27-06-2022 03:15;15.61
27-06-2022 03:30;14.17
27-06-2022 03:45;14.13
27-06-2022 04:00;14
27-06-2022 04:15;13.92
27-06-2022 04:30;13.25
27-06-2022 04:45;10.99
27-06-2022 05:00;10.85
27-06-2022 05:15;13.66
27-06-2022 05:30;11.92
27-06-2022 05:45;12.14
27-06-2022 06:00;12.25
27-06-2022 06:15;12.66
27-06-2022 06:30;12.7
27-06-2022 06:45;12.52
27-06-2022 07:00;12.72
27-06-2022 07:15;12.29
27-06-2022 07:30;12.31
27-06-2022 07:45;11.99
27-06-2022 08:00;12.19
27-06-2022 08:15;12.08
27-06-2022 08:30;11.99
27-06-2022 08:45;12.01
27-06-2022 09:00;12.03
27-06-2022 09:15;12.13
27-06-2022 09:30;12.24
27-06-2022 09:45;12.14
27-06-2022 10:00;12.22
27-06-2022 10:15;12.53
27-06-2022 10:30;12.59
27-06-2022 10:45;12.69
27-06-2022 11:00;12.88
27-06-2022 11:15;13.47
27-06-2022 11:30;13.4
27-06-2022 11:45;16.99
27-06-2022 12:00;17.45
27-06-2022 12:15;18.03
27-06-2022 12:30;17.82
27-06-2022 12:45;18.04
27-06-2022 13:00;17.93
27-06-2022 13:15;17.21
27-06-2022 13:30;16.52
27-06-2022 13:45;16.52
27-06-2022 14:00;16.5
27-06-2022 14:15;16.43
27-06-2022 14:30;16.64
27-06-2022 14:45;16.99
27-06-2022 15:00;17.5
27-06-2022 15:15;17.38
27-06-2022 15:30;17.67
27-06-2022 15:45;17.75
27-06-2022 16:00;17.83
27-06-2022 16:15;17.87
27-06-2022 16:30;17.91
27-06-2022 16:45;17.93
27-06-2022 17:00;17.8
27-06-2022 17:15;18.06
27-06-2022 17:30;18.7
27-06-2022 17:45;18.11
27-06-2022 18:00;17.9
27-06-2022 18:15;17.79
27-06-2022 18:30;17.57
27-06-2022 18:45;17.6
27-06-2022 19:00;17.36
27-06-2022 19:15;17.33
27-06-2022 19:30;17.82
27-06-2022 19:45;16.84
27-06-2022 20:00;15.88
27-06-2022 20:15;15.69
27-06-2022 20:30;15.59
27-06-2022 20:45;15.74
27-06-2022 21:00;15.73
27-06-2022 21:15;15.72
27-06-2022 21:30;15.71
27-06-2022 21:45;15.76
27-06-2022 22:00;16.01
27-06-2022 22:15;16.58
27-06-2022 22:30;16.43
27-06-2022 22:45;16.49
27-06-2022 23:00;17.5
27-06-2022 23:15;17.66
27-06-2022 23:30;17.75
27-06-2022 23:45;17.78
28-06-2022 00:00;17.81
28-06-2022 00:15;17.93
28-06-2022 00:30;17.87
28-06-2022 00:45;17.86
28-06-2022 01:00;17.81
28-06-2022 01:15;17.82
28-06-2022 01:30;17.7
28-06-2022 01:45;17.73
28-06-2022 02:00;17.63
28-06-2022 02:15;17.47
28-06-2022 02:30;17.6
28-06-2022 02:45;17.44
28-06-2022 03:00;17.45
28-06-2022 03:15;17.36
28-06-2022 03:30;17.16
28-06-2022 03:45;16.87
28-06-2022 04:00;16.6
28-06-2022 04:15;16.45
28-06-2022 04:30;16.94
28-06-2022 04:45;16.8
28-06-2022 05:00;16.36
28-06-2022 05:15;16.25
28-06-2022 05:30;16.22
28-06-2022 05:45;15.7
28-06-2022 06:00;15.27
28-06-2022 06:15;14.81
28-06-2022 06:30;14.14
28-06-2022 06:45;13.67
28-06-2022 07:00;13.23
28-06-2022 07:15;11.34
28-06-2022 07:30;10.71
28-06-2022 07:45;10.59
28-06-2022 08:00;10.68
28-06-2022 08:15;10.63
28-06-2022 08:30;10.24
28-06-2022 08:45;10.48
28-06-2022 09:00;10.53
28-06-2022 09:15;10.56
28-06-2022 09:30;10.78
28-06-2022 09:45;10.89
28-06-2022 10:00;10.96
28-06-2022 10:15;10.99
28-06-2022 10:30;11.22
28-06-2022 10:45;11.54
28-06-2022 11:00;12.02
28-06-2022 11:15;12.27
28-06-2022 11:30;12.79
28-06-2022 11:45;12.96
28-06-2022 12:00;13.18
28-06-2022 12:15;13.81
28-06-2022 12:30;14.6
28-06-2022 12:45;17.42
28-06-2022 13:00;17.99
28-06-2022 13:15;18.05
28-06-2022 13:30;17.77
28-06-2022 13:45;17.84
28-06-2022 14:00;17.57
28-06-2022 14:15;17.61
28-06-2022 14:30;17.8
28-06-2022 14:45;17.32
28-06-2022 15:00;16.93
28-06-2022 15:15;16.7
28-06-2022 15:30;16.54
28-06-2022 15:45;16.34
28-06-2022 16:00;15.96
28-06-2022 16:15;15.72
28-06-2022 16:30;15.73
28-06-2022 16:45;15.52
28-06-2022 17:00;15.44
28-06-2022 17:15;15.5
28-06-2022 17:30;15.57
28-06-2022 17:45;15.45
28-06-2022 18:00;15.57
28-06-2022 18:15;15.39
28-06-2022 18:30;15.22
28-06-2022 18:45;15.24
28-06-2022 19:00;15.13
28-06-2022 19:15;15.21
28-06-2022 19:30;15.08
28-06-2022 19:45;15.59
28-06-2022 20:00;15.53
28-06-2022 20:15;15.46
28-06-2022 20:30;15.43
28-06-2022 20:45;15.76
28-06-2022 21:00;15.77
28-06-2022 21:15;15.93
28-06-2022 21:30;16.02
28-06-2022 21:45;16.05
28-06-2022 22:00;16.48
28-06-2022 22:15;16.39
28-06-2022 22:30;16.66
28-06-2022 22:45;16.62
28-06-2022 23:00;17.94
28-06-2022 23:15;17.63
28-06-2022 23:30;18
28-06-2022 23:45;18.03
29-06-2022 00:00;18.25
29-06-2022 00:15;18.3
29-06-2022 00:30;18.21
29-06-2022 00:45;18.23
29-06-2022 01:00;18.05
29-06-2022 01:15;18.18
29-06-2022 01:30;17.81
29-06-2022 01:45;18.04
29-06-2022 02:00;17.84
29-06-2022 02:15;17.75
29-06-2022 02:30;17.64
29-06-2022 02:45;17.39
29-06-2022 03:00;17.39
29-06-2022 03:15;17.18
29-06-2022 03:30;17.16
29-06-2022 03:45;16.82
29-06-2022 04:00;17.39
29-06-2022 04:15;16.9
29-06-2022 04:30;16.94
29-06-2022 04:45;16.63
29-06-2022 05:00;16.4
29-06-2022 05:15;16.65
29-06-2022 05:30;16.63
29-06-2022 05:45;16.35
29-06-2022 06:00;15.43
29-06-2022 06:15;15.32
29-06-2022 06:30;14.21
29-06-2022 06:45;13.93
29-06-2022 07:00;13.24
29-06-2022 07:15;12.32
29-06-2022 07:30;10.15
29-06-2022 07:45;10.06
29-06-2022 08:00;10.09
29-06-2022 08:15;10.03
29-06-2022 08:30;10.1
29-06-2022 08:45;10.36
29-06-2022 09:00;10.48
29-06-2022 09:15;11.19
29-06-2022 09:30;11.16
29-06-2022 09:45;11.53
29-06-2022 10:00;11.44
29-06-2022 10:15;11.84
29-06-2022 10:30;12.96
29-06-2022 10:45;15.92
29-06-2022 11:00;16.6
29-06-2022 11:15;17.1
29-06-2022 11:30;16.95
29-06-2022 11:45;16.86
29-06-2022 12:00;16.58
29-06-2022 12:15;16.74
29-06-2022 12:30;16.16
29-06-2022 12:45;16.26
29-06-2022 13:00;16.25
29-06-2022 13:15;16.13
29-06-2022 13:30;16.17
29-06-2022 13:45;16.08
29-06-2022 14:00;16.58
29-06-2022 14:15;16.39
29-06-2022 14:30;16.71
29-06-2022 14:45;16.42
29-06-2022 15:00;15.41
29-06-2022 15:15;15.37
29-06-2022 15:30;15.28
29-06-2022 15:45;15.34
29-06-2022 16:00;15.55
29-06-2022 16:15;15.89
29-06-2022 16:30;15.11
29-06-2022 16:45;15.08
29-06-2022 17:00;15.07
29-06-2022 17:15;15.34
29-06-2022 17:30;15.05
29-06-2022 17:45;15.17
29-06-2022 18:00;15.24
29-06-2022 18:15;15.23
29-06-2022 18:30;15.54
29-06-2022 18:45;15.32
29-06-2022 19:00;15.67
29-06-2022 19:15;16.14
29-06-2022 19:30;16.62
29-06-2022 19:45;16.46
29-06-2022 20:00;16.57
29-06-2022 20:15;16.59
29-06-2022 20:30;16.48
29-06-2022 20:45;16.48
29-06-2022 21:00;16.49
29-06-2022 21:15;16.98
29-06-2022 21:30;16.84
29-06-2022 21:45;16.97
29-06-2022 22:00;16.71
29-06-2022 22:15;16.81
29-06-2022 22:30;16.93
29-06-2022 22:45;16.96
29-06-2022 23:00;16.98
29-06-2022 23:15;17.14
29-06-2022 23:30;17.34
29-06-2022 23:45;17.26
30-06-2022 00:00;17.42
30-06-2022 00:15;17.3
30-06-2022 00:30;17.48
30-06-2022 00:45;17.73
30-06-2022 01:00;17.15
30-06-2022 01:15;16.32
30-06-2022 01:30;17.08
30-06-2022 01:45;17.03
30-06-2022 02:00;17.39
30-06-2022 02:15;17.02
30-06-2022 02:30;17.28
30-06-2022 02:45;16.67
30-06-2022 03:00;16.4
30-06-2022 03:15;15.74
30-06-2022 03:30;14.87
30-06-2022 03:45;14.67
30-06-2022 04:00;14.51
30-06-2022 04:15;14.02
30-06-2022 04:30;13.38
30-06-2022 04:45;11.05
30-06-2022 05:00;10.46
30-06-2022 05:15;10.62
30-06-2022 05:30;10.76
30-06-2022 05:45;10.9
30-06-2022 06:00;10.91
30-06-2022 06:15;10
30-06-2022 06:30;9.47
30-06-2022 06:45;10.64
30-06-2022 07:00;10.61
30-06-2022 07:15;10.35
30-06-2022 07:30;10.35
30-06-2022 07:45;10.59
30-06-2022 08:00;12.97
30-06-2022 08:15;11.38
30-06-2022 08:30;11.32
30-06-2022 08:45;10.7
30-06-2022 09:00;10.81
30-06-2022 09:15;11.02
30-06-2022 09:30;10.97
30-06-2022 09:45;11.02
30-06-2022 10:00;11.05
30-06-2022 10:15;11.31
30-06-2022 10:30;11.72
30-06-2022 10:45;12.11
30-06-2022 11:00;13.6
30-06-2022 11:15;17.26
30-06-2022 11:30;20.6
30-06-2022 11:45;22.47
30-06-2022 12:00;23.73
30-06-2022 12:15;21.29
30-06-2022 12:30;24.32
30-06-2022 12:45;26.82
30-06-2022 13:00;31.15
30-06-2022 13:15;36.18
30-06-2022 13:30;39.04
30-06-2022 13:45;43.42
30-06-2022 14:00;44.98
30-06-2022 14:15;45.93
30-06-2022 14:30;46.07
30-06-2022 14:45;46.03
30-06-2022 15:00;46.17
30-06-2022 15:15;46.17
30-06-2022 15:30;46.18
30-06-2022 15:45;46.01
30-06-2022 16:00;45.91
30-06-2022 16:15;45.78
30-06-2022 16:30;45.75
30-06-2022 16:45;45.55
30-06-2022 17:00;45.41
30-06-2022 17:15;45.21
30-06-2022 17:30;44.83
30-06-2022 17:45;43.94
30-06-2022 18:00;43.17
30-06-2022 18:15;42.48
30-06-2022 18:30;41.44
30-06-2022 18:45;40.98
30-06-2022 19:00;40.14
30-06-2022 19:15;39.51
30-06-2022 19:30;39
30-06-2022 19:45;36.64
30-06-2022 20:00;35.85
30-06-2022 20:15;35.42
30-06-2022 20:30;34.87
30-06-2022 20:45;34.12
30-06-2022 21:00;33.46
30-06-2022 21:15;32.97
30-06-2022 21:30;32.24
30-06-2022 21:45;31.56
30-06-2022 22:00;31.26
30-06-2022 22:15;30.15
30-06-2022 22:30;27.56
30-06-2022 22:45;26.67
30-06-2022 23:00;23.99
30-06-2022 23:15;22.36
30-06-2022 23:30;22.45
30-06-2022 23:45;22.72
1-07-2022 00:00;22.24
1-07-2022 00:15;21.79
1-07-2022 00:30;21.6
1-07-2022 00:45;21.33
1-07-2022 01:00;21
1-07-2022 01:15;20.68
1-07-2022 01:30;20.15
1-07-2022 01:45;19.91
1-07-2022 02:00;19.62
1-07-2022 02:15;19.55
1-07-2022 02:30;18.82
1-07-2022 02:45;18.47
1-07-2022 03:00;18.24
1-07-2022 03:15;17.7
1-07-2022 03:30;17.42
1-07-2022 03:45;17.07
1-07-2022 04:00;16.19
1-07-2022 04:15;14.2
1-07-2022 04:30;13
1-07-2022 04:45;11.08
1-07-2022 05:00;11.22
1-07-2022 05:15;11
1-07-2022 05:30;10.76
1-07-2022 05:45;10.56
1-07-2022 06:00;10.02
1-07-2022 06:15;10.34
1-07-2022 06:30;10.22
1-07-2022 06:45;10.13
1-07-2022 07:00;10.17
1-07-2022 07:15;10.25
1-07-2022 07:30;10.27
1-07-2022 07:45;10.3
1-07-2022 08:00;11.69
1-07-2022 08:15;9.72
1-07-2022 08:30;10.17
1-07-2022 08:45;10.36
1-07-2022 09:00;10.76
1-07-2022 09:15;11.28
1-07-2022 09:30;11.47
1-07-2022 09:45;12.22
1-07-2022 10:00;14.9
1-07-2022 10:15;12.56
1-07-2022 10:30;15.69
1-07-2022 10:45;15.66
1-07-2022 11:00;16.02
1-07-2022 11:15;16.17
1-07-2022 11:30;16.48
1-07-2022 11:45;16.56
1-07-2022 12:00;16.44
1-07-2022 12:15;16.5
1-07-2022 12:30;16.66
1-07-2022 12:45;16.74
1-07-2022 13:00;17.89
1-07-2022 13:15;16.99
1-07-2022 13:30;17.39
1-07-2022 13:45;17.51
1-07-2022 14:00;17.64
1-07-2022 14:15;17.81
1-07-2022 14:30;17.86
1-07-2022 14:45;18.01
1-07-2022 15:00;18.01
1-07-2022 15:15;17.87
1-07-2022 15:30;17.74
1-07-2022 15:45;17.65
1-07-2022 16:00;17.5
1-07-2022 16:15;17.39
1-07-2022 16:30;17.38
1-07-2022 16:45;17.3
1-07-2022 17:00;17.57
1-07-2022 17:15;17.54
1-07-2022 17:30;17.57
1-07-2022 17:45;17.46
1-07-2022 18:00;17.44
1-07-2022 18:15;17.48
1-07-2022 18:30;17.44
1-07-2022 18:45;17.45
1-07-2022 19:00;17.34
1-07-2022 19:15;17.47
1-07-2022 19:30;17.32
1-07-2022 19:45;17.36
1-07-2022 20:00;17.26
1-07-2022 20:15;17.26
1-07-2022 20:30;17.32
1-07-2022 20:45;17.16
1-07-2022 21:00;17.39
1-07-2022 21:15;17.13
1-07-2022 21:30;16.97
1-07-2022 21:45;16.9
1-07-2022 22:00;16.76
1-07-2022 22:15;17.53
1-07-2022 22:30;16.99
1-07-2022 22:45;16.58
1-07-2022 23:00;16.61
1-07-2022 23:15;16.57
1-07-2022 23:30;16.58
1-07-2022 23:45;16.52
2-07-2022 00:00;16.66
2-07-2022 00:15;16.53
2-07-2022 00:30;16.63
2-07-2022 00:45;16.54
2-07-2022 01:00;16.6
2-07-2022 01:15;16.46
2-07-2022 01:30;16.4
2-07-2022 01:45;16.29
2-07-2022 02:00;16.08
2-07-2022 02:15;15.89
2-07-2022 02:30;15.75
2-07-2022 02:45;15.46
2-07-2022 03:00;15.34
2-07-2022 03:15;15.06
2-07-2022 03:30;14.86
2-07-2022 03:45;14.77
2-07-2022 04:00;14.35
2-07-2022 04:15;14.18
2-07-2022 04:30;14.06
2-07-2022 04:45;13.65
2-07-2022 05:00;13.51
2-07-2022 05:15;13.23
2-07-2022 05:30;12.57
2-07-2022 05:45;10.59
2-07-2022 06:00;10.62
2-07-2022 06:15;10.25
2-07-2022 06:30;10.62
2-07-2022 06:45;10.77
2-07-2022 07:00;11.03
2-07-2022 07:15;10.93
2-07-2022 07:30;11
2-07-2022 07:45;10.92
2-07-2022 08:00;10.84
2-07-2022 08:15;10.75
2-07-2022 08:30;10.69
2-07-2022 08:45;10.55
2-07-2022 09:00;10.98
2-07-2022 09:15;10.96
2-07-2022 09:30;9.65
2-07-2022 09:45;9.2
2-07-2022 10:00;9.39
2-07-2022 10:15;9.46
2-07-2022 10:30;9.56
2-07-2022 10:45;9.69
2-07-2022 11:00;9.76
2-07-2022 11:15;9.93
2-07-2022 11:30;10.26
2-07-2022 11:45;10.31
2-07-2022 12:00;10.8
2-07-2022 12:15;10.81
2-07-2022 12:30;11.23
2-07-2022 12:45;11.66
2-07-2022 13:00;11.61
2-07-2022 13:15;11.64
2-07-2022 13:30;12.11
2-07-2022 13:45;11.97
2-07-2022 14:00;13.66
2-07-2022 14:15;16.73
2-07-2022 14:30;16.79
2-07-2022 14:45;16.35
2-07-2022 15:00;15.42
2-07-2022 15:15;15.67
2-07-2022 15:30;15.52
2-07-2022 15:45;15.7
2-07-2022 16:00;16.36
2-07-2022 16:15;16.25
2-07-2022 16:30;16.39
2-07-2022 16:45;16.77
2-07-2022 17:00;17.14
2-07-2022 17:15;17.06
2-07-2022 17:30;16.98
2-07-2022 17:45;16.75
2-07-2022 18:00;16.65
2-07-2022 18:15;16.54
2-07-2022 18:30;16.62
2-07-2022 18:45;16.51
2-07-2022 19:00;17.11
2-07-2022 19:15;17.69
2-07-2022 19:30;16.77
2-07-2022 19:45;16.59
2-07-2022 20:00;16.43
2-07-2022 20:15;16.35
2-07-2022 20:30;16.3
2-07-2022 20:45;16.26
2-07-2022 21:00;16.22
2-07-2022 21:15;16.16
2-07-2022 21:30;16.17
2-07-2022 21:45;16.13
2-07-2022 22:00;16.08
2-07-2022 22:15;16.14
2-07-2022 22:30;16.04
2-07-2022 22:45;15.86
2-07-2022 23:00;15.88
2-07-2022 23:15;15.91
2-07-2022 23:30;15.89
2-07-2022 23:45;15.84
3-07-2022 00:00;15.77
3-07-2022 00:15;15.78
3-07-2022 00:30;15.71
3-07-2022 00:45;15.64
3-07-2022 01:00;15.54
3-07-2022 01:15;15.6
3-07-2022 01:30;15.49
3-07-2022 01:45;15.46
3-07-2022 02:00;15.6
3-07-2022 02:15;15.31
3-07-2022 02:30;15.29
3-07-2022 02:45;15.23
3-07-2022 03:00;15.41
3-07-2022 03:15;15.26
3-07-2022 03:30;16.38
3-07-2022 03:45;14.89
3-07-2022 04:00;15.01
3-07-2022 04:15;14.39
3-07-2022 04:30;13.91
3-07-2022 04:45;13.34
3-07-2022 05:00;12.88
3-07-2022 05:15;12.22
3-07-2022 05:30;11.03
3-07-2022 05:45;10.85
3-07-2022 06:00;9.49
3-07-2022 06:15;9.09
3-07-2022 06:30;9.09
3-07-2022 06:45;9.21
3-07-2022 07:00;9.07
3-07-2022 07:15;9.14
3-07-2022 07:30;9.16
3-07-2022 07:45;9.14
3-07-2022 08:00;9.3
3-07-2022 08:15;9.39
3-07-2022 08:30;9.56
3-07-2022 08:45;9.55
3-07-2022 09:00;9.52
3-07-2022 09:15;9.59
3-07-2022 09:30;9.51
3-07-2022 09:45;9.46
3-07-2022 10:00;9.41
3-07-2022 10:15;10.18
3-07-2022 10:30;11.29
3-07-2022 10:45;11.1
3-07-2022 11:00;11.33
3-07-2022 11:15;11.21
3-07-2022 11:30;11.18
3-07-2022 11:45;11.14
3-07-2022 12:00;10.58
3-07-2022 12:15;10.37
3-07-2022 12:30;10.47
3-07-2022 12:45;10.56
3-07-2022 13:00;10.9
3-07-2022 13:15;11.11
3-07-2022 13:30;11.24
3-07-2022 13:45;11.62
3-07-2022 14:00;11.42
3-07-2022 14:15;11.67
3-07-2022 14:30;11.88
3-07-2022 14:45;11.98
3-07-2022 15:00;12.45
3-07-2022 15:15;12.36
3-07-2022 15:30;12.97
3-07-2022 15:45;16.97
3-07-2022 16:00;17.76
3-07-2022 16:15;17.78
3-07-2022 16:30;17.49
3-07-2022 16:45;17.11
3-07-2022 17:00;16.85
3-07-2022 17:15;16.75
3-07-2022 17:30;16.83
3-07-2022 17:45;16.61
3-07-2022 18:00;16.62
3-07-2022 18:15;16.6
3-07-2022 18:30;16.48
3-07-2022 18:45;16.4
3-07-2022 19:00;16.35
3-07-2022 19:15;16.42
3-07-2022 19:30;16.2
3-07-2022 19:45;16.27
3-07-2022 20:00;16.13
3-07-2022 20:15;16.28
3-07-2022 20:30;16.23
3-07-2022 20:45;16.41
3-07-2022 21:00;18.1
3-07-2022 21:15;16.88
3-07-2022 21:30;17.24
3-07-2022 21:45;16.89
3-07-2022 22:00;16.86
3-07-2022 22:15;16.1
3-07-2022 22:30;15.97
3-07-2022 22:45;16.08
3-07-2022 23:00;15.99
3-07-2022 23:15;16.26
3-07-2022 23:30;16.15
3-07-2022 23:45;16.22
4-07-2022 00:00;16.12
4-07-2022 00:15;16.04
4-07-2022 00:30;16.04
4-07-2022 00:45;16
4-07-2022 01:00;16.16
4-07-2022 01:15;16.14
4-07-2022 01:30;16.15
4-07-2022 01:45;15.96
4-07-2022 02:00;16.04
4-07-2022 02:15;16.06
4-07-2022 02:30;16.09
4-07-2022 02:45;16.07
4-07-2022 03:00;16.06
4-07-2022 03:15;16.33
4-07-2022 03:30;16.05
4-07-2022 03:45;16.84
4-07-2022 04:00;16.2
4-07-2022 04:15;16.03
4-07-2022 04:30;15.55
4-07-2022 04:45;14.17
4-07-2022 05:00;13.56
4-07-2022 05:15;13.15
4-07-2022 05:30;12.73
4-07-2022 05:45;10.98
4-07-2022 06:00;11.03
4-07-2022 06:15;11.07
4-07-2022 06:30;11.35
4-07-2022 06:45;11.37
4-07-2022 07:00;11.32
4-07-2022 07:15;11.44
4-07-2022 07:30;11.32
4-07-2022 07:45;11.47
4-07-2022 08:00;11.51
4-07-2022 08:15;11.56
4-07-2022 08:30;11.58
4-07-2022 08:45;11.56
4-07-2022 09:00;11.55
4-07-2022 09:15;12.46
4-07-2022 09:30;14.08
4-07-2022 09:45;13.52
4-07-2022 10:00;13.04
4-07-2022 10:15;12.97
4-07-2022 10:30;12.98
4-07-2022 10:45;12.96
4-07-2022 11:00;11.18
4-07-2022 11:15;9.54
4-07-2022 11:30;11.57
4-07-2022 11:45;13.35
4-07-2022 12:00;12.32
4-07-2022 12:15;12.76
4-07-2022 12:30;13.3
4-07-2022 12:45;16.61
4-07-2022 13:00;18.14
4-07-2022 13:15;18.07
4-07-2022 13:30;17.63
4-07-2022 13:45;17.43
4-07-2022 14:00;17.48
4-07-2022 14:15;17.5
4-07-2022 14:30;17.61
4-07-2022 14:45;16.83
4-07-2022 15:00;16.61
4-07-2022 15:15;16.6
4-07-2022 15:30;16.78
4-07-2022 15:45;16.88
4-07-2022 16:00;16.75
4-07-2022 16:15;17.1
4-07-2022 16:30;17.8
4-07-2022 16:45;16.42
4-07-2022 17:00;15.63
4-07-2022 17:15;14.68
4-07-2022 17:30;14.06
4-07-2022 17:45;13.52
4-07-2022 18:00;13.6
4-07-2022 18:15;13.95
4-07-2022 18:30;14.25
4-07-2022 18:45;14.08
4-07-2022 19:00;14.05
4-07-2022 19:15;14.05
4-07-2022 19:30;14.28
4-07-2022 19:45;14.44
4-07-2022 20:00;14.37
4-07-2022 20:15;14.58
4-07-2022 20:30;14.65
4-07-2022 20:45;14.68
4-07-2022 21:00;14.78
4-07-2022 21:15;14.83
4-07-2022 21:30;14.92
4-07-2022 21:45;14.98
4-07-2022 22:00;15.06
4-07-2022 22:15;15.12
4-07-2022 22:30;14.9
4-07-2022 22:45;14.66
4-07-2022 23:00;14.68
4-07-2022 23:15;14.77
4-07-2022 23:30;14.88
4-07-2022 23:45;15
5-07-2022 00:00;15.4
5-07-2022 00:15;14.58
5-07-2022 00:30;14.58
5-07-2022 00:45;14.66
5-07-2022 01:00;14.81
5-07-2022 01:15;14.91
5-07-2022 01:30;14.9
5-07-2022 01:45;15
5-07-2022 02:00;15.02
5-07-2022 02:15;15.21
5-07-2022 02:30;15.01
5-07-2022 02:45;13.04
5-07-2022 03:00;11.5
5-07-2022 03:15;11.93
5-07-2022 03:30;12.08
5-07-2022 03:45;12.25
5-07-2022 04:00;12.23
5-07-2022 04:15;12.21
5-07-2022 04:30;12.66
5-07-2022 04:45;13
5-07-2022 05:00;12.93
5-07-2022 05:15;14.49
5-07-2022 05:30;15.82
5-07-2022 05:45;15.6
5-07-2022 06:00;15.39
5-07-2022 06:15;15.12
5-07-2022 06:30;14.87
5-07-2022 06:45;14.86
5-07-2022 07:00;14.69
5-07-2022 07:15;14.09
5-07-2022 07:30;14.05
5-07-2022 07:45;14.57
5-07-2022 08:00;14.47
5-07-2022 08:15;14.33
5-07-2022 08:30;14.26
5-07-2022 08:45;14.08
5-07-2022 09:00;14.18
5-07-2022 09:15;14.05
5-07-2022 09:30;13.97
5-07-2022 09:45;13.86
5-07-2022 10:00;14.18
5-07-2022 10:15;14.13
5-07-2022 10:30;14.13
5-07-2022 10:45;14.17
5-07-2022 11:00;14.32
5-07-2022 11:15;14.48
5-07-2022 11:30;15.17
5-07-2022 11:45;16.62
5-07-2022 12:00;16.76
5-07-2022 12:15;15.4
5-07-2022 12:30;13.82
5-07-2022 12:45;14.03
5-07-2022 13:00;14.4
5-07-2022 13:15;14.52
5-07-2022 13:30;14.68
5-07-2022 13:45;14.82
5-07-2022 14:00;15.4
5-07-2022 14:15;16.02
5-07-2022 14:30;16.11
5-07-2022 14:45;15.88
5-07-2022 15:00;15.72
5-07-2022 15:15;15.61
5-07-2022 15:30;15.9
5-07-2022 15:45;16.11
5-07-2022 16:00;15.92
5-07-2022 16:15;16.03
5-07-2022 16:30;16.02
5-07-2022 16:45;16.17
5-07-2022 17:00;16.28
5-07-2022 17:15;16.36
5-07-2022 17:30;16.07
5-07-2022 17:45;15.85
5-07-2022 18:00;15.76
5-07-2022 18:15;15.79
5-07-2022 18:30;15.73
5-07-2022 18:45;15.62
5-07-2022 19:00;15.41
5-07-2022 19:15;15.79
5-07-2022 19:30;15.62
5-07-2022 19:45;15.51
5-07-2022 20:00;15.71
5-07-2022 20:15;15.77
5-07-2022 20:30;15.94
5-07-2022 20:45;15.75
5-07-2022 21:00;15.42
5-07-2022 21:15;14.99
5-07-2022 21:30;14.82
5-07-2022 21:45;14.89
5-07-2022 22:00;14.83
5-07-2022 22:15;14.94
5-07-2022 22:30;15
5-07-2022 22:45;14.92
5-07-2022 23:00;14.92
5-07-2022 23:15;14.9
5-07-2022 23:30;14.98
5-07-2022 23:45;14.97
6-07-2022 00:00;15.07
6-07-2022 00:15;15.39
6-07-2022 00:30;14.84
6-07-2022 00:45;14.61
6-07-2022 01:00;14.67
6-07-2022 01:15;14.89
6-07-2022 01:30;14.93
6-07-2022 01:45;14.95
6-07-2022 02:00;14.95
6-07-2022 02:15;14.84
6-07-2022 02:30;14.92
6-07-2022 02:45;14.9
6-07-2022 03:00;14.77
6-07-2022 03:15;15.31
6-07-2022 03:30;15.12
6-07-2022 03:45;15.06
6-07-2022 04:00;15
6-07-2022 04:15;14.72
6-07-2022 04:30;14.67
6-07-2022 04:45;15.13
6-07-2022 05:00;15.07
6-07-2022 05:15;14.77
6-07-2022 05:30;14.56
6-07-2022 05:45;14.77
6-07-2022 06:00;15.03
6-07-2022 06:15;15.04
6-07-2022 06:30;14.69
6-07-2022 06:45;14.72
6-07-2022 07:00;15.18
6-07-2022 07:15;15.13
6-07-2022 07:30;15
6-07-2022 07:45;14.85
6-07-2022 08:00;14.5
6-07-2022 08:15;14.8
6-07-2022 08:30;14.63
6-07-2022 08:45;14.47
6-07-2022 09:00;14.32
6-07-2022 09:15;14.24
6-07-2022 09:30;14.17
6-07-2022 09:45;14.24
6-07-2022 10:00;14.41
6-07-2022 10:15;14.41
6-07-2022 10:30;14.55
6-07-2022 10:45;14.85
6-07-2022 11:00;14.85
6-07-2022 11:15;14.96
6-07-2022 11:30;14.94
6-07-2022 11:45;15.18
6-07-2022 12:00;15.19
6-07-2022 12:15;14.8
6-07-2022 12:30;14.78
6-07-2022 12:45;15.01
6-07-2022 13:00;14.96
6-07-2022 13:15;15.01
6-07-2022 13:30;15.19
6-07-2022 13:45;15.19
6-07-2022 14:00;15.13
6-07-2022 14:15;15.14
6-07-2022 14:30;15.14
6-07-2022 14:45;15.27
6-07-2022 15:00;15.55
6-07-2022 15:15;15.51
6-07-2022 15:30;15.58
6-07-2022 15:45;15.74
6-07-2022 16:00;15.94
6-07-2022 16:15;15.95
6-07-2022 16:30;16.03
6-07-2022 16:45;15.91
6-07-2022 17:00;16.26
6-07-2022 17:15;16.22
6-07-2022 17:30;16.07
6-07-2022 17:45;15.88
6-07-2022 18:00;15.96
6-07-2022 18:15;16.32
6-07-2022 18:30;15.89
6-07-2022 18:45;15.93
6-07-2022 19:00;16.01
6-07-2022 19:15;15.94
6-07-2022 19:30;16
6-07-2022 19:45;15.88
6-07-2022 20:00;16.06
6-07-2022 20:15;15.99
6-07-2022 20:30;16.06
6-07-2022 20:45;16.06
6-07-2022 21:00;15.9
6-07-2022 21:15;15.55
6-07-2022 21:30;15.38
6-07-2022 21:45;15.22
6-07-2022 22:00;14.56
6-07-2022 22:15;14.64
6-07-2022 22:30;14.42
6-07-2022 22:45;14.38
6-07-2022 23:00;14.28
6-07-2022 23:15;14.37
6-07-2022 23:30;14.43
6-07-2022 23:45;14.57
7-07-2022 00:00;14.91
7-07-2022 00:15;15.18
7-07-2022 00:30;15.59
7-07-2022 00:45;16.34
7-07-2022 01:00;16.46
7-07-2022 01:15;16.47
7-07-2022 01:30;16.53
7-07-2022 01:45;16.48
7-07-2022 02:00;16.45
7-07-2022 02:15;16.44
7-07-2022 02:30;16.38
7-07-2022 02:45;16.34
7-07-2022 03:00;16.24
7-07-2022 03:15;16.26
7-07-2022 03:30;16.11
7-07-2022 03:45;16.03
7-07-2022 04:00;15.88
7-07-2022 04:15;15.68
7-07-2022 04:30;15.1
7-07-2022 04:45;14.73
7-07-2022 05:00;14.59
7-07-2022 05:15;14.34
7-07-2022 05:30;14.1
7-07-2022 05:45;13.81
7-07-2022 06:00;13.2
7-07-2022 06:15;12.81
7-07-2022 06:30;12.94
7-07-2022 06:45;12.78
7-07-2022 07:00;12.73
7-07-2022 07:15;13.03
7-07-2022 07:30;13.01
7-07-2022 07:45;12.88
7-07-2022 08:00;13.17
7-07-2022 08:15;13.34
7-07-2022 08:30;12.96
7-07-2022 08:45;12.8
7-07-2022 09:00;13.01
7-07-2022 09:15;13.3
7-07-2022 09:30;13.37
7-07-2022 09:45;13.47
7-07-2022 10:00;13.54
7-07-2022 10:15;13.63
7-07-2022 10:30;13.71
7-07-2022 10:45;13.91
7-07-2022 11:00;14.21
7-07-2022 11:15;14.25
7-07-2022 11:30;14.37
7-07-2022 11:45;14.93
7-07-2022 12:00;15.34
7-07-2022 12:15;16.07
7-07-2022 12:30;16.42
7-07-2022 12:45;16.57
7-07-2022 13:00;16.72
7-07-2022 13:15;17.42
7-07-2022 13:30;17.77
7-07-2022 13:45;18.4
7-07-2022 14:00;18.83
7-07-2022 14:15;18.33
7-07-2022 14:30;17.83
7-07-2022 14:45;17.48
7-07-2022 15:00;17.39
7-07-2022 15:15;16.49
7-07-2022 15:30;15.35
7-07-2022 15:45;15.17
7-07-2022 16:00;15.5
7-07-2022 16:15;15.7
7-07-2022 16:30;14.91
7-07-2022 16:45;15.41
7-07-2022 17:00;15.44
7-07-2022 17:15;15.04
7-07-2022 17:30;15.12
7-07-2022 17:45;15.15
7-07-2022 18:00;15.2
7-07-2022 18:15;15.55
7-07-2022 18:30;14.86
7-07-2022 18:45;14.36
7-07-2022 19:00;14.44
7-07-2022 19:15;14.53
7-07-2022 19:30;14.71
7-07-2022 19:45;14.71
7-07-2022 20:00;14.68
7-07-2022 20:15;14.7
7-07-2022 20:30;14.55
7-07-2022 20:45;13.14
7-07-2022 21:00;12.87
7-07-2022 21:15;13.88
7-07-2022 21:30;14.7
7-07-2022 21:45;15.08
7-07-2022 22:00;15.06
7-07-2022 22:15;14.94
7-07-2022 22:30;14.8
7-07-2022 22:45;14.81
7-07-2022 23:00;14.8
7-07-2022 23:15;14.92
7-07-2022 23:30;14.89
7-07-2022 23:45;14.81
8-07-2022 00:00;14.91
8-07-2022 00:15;14.93
8-07-2022 00:30;14.93
8-07-2022 00:45;15.11
8-07-2022 01:00;15.06
8-07-2022 01:15;15.03
8-07-2022 01:30;14.99
8-07-2022 01:45;15.04
8-07-2022 02:00;15
8-07-2022 02:15;15.05
8-07-2022 02:30;14.97
8-07-2022 02:45;14.81
8-07-2022 03:00;14.64
8-07-2022 03:15;14.67
8-07-2022 03:30;14.6
8-07-2022 03:45;14.53
8-07-2022 04:00;14.58
8-07-2022 04:15;14.33
8-07-2022 04:30;13.93
8-07-2022 04:45;13.85
8-07-2022 05:00;13.62
8-07-2022 05:15;13.44
8-07-2022 05:30;13.27
8-07-2022 05:45;13.17
8-07-2022 06:00;13.55
8-07-2022 06:15;13.79
8-07-2022 06:30;14.28
8-07-2022 06:45;14.37
8-07-2022 07:00;14.02
8-07-2022 07:15;13.74
8-07-2022 07:30;13.51
8-07-2022 07:45;13.22
8-07-2022 08:00;13.51
8-07-2022 08:15;13.13
8-07-2022 08:30;12.74
8-07-2022 08:45;12.61
8-07-2022 09:00;12.85
8-07-2022 09:15;13.49
8-07-2022 09:30;14.25
8-07-2022 09:45;14.67
8-07-2022 10:00;14.84
8-07-2022 10:15;15.21
8-07-2022 10:30;15.3
8-07-2022 10:45;12.85
8-07-2022 11:00;11.62
8-07-2022 11:15;10.78
8-07-2022 11:30;11.26
8-07-2022 11:45;12.12
8-07-2022 12:00;14.52
8-07-2022 12:15;15.42
8-07-2022 12:30;16.08
8-07-2022 12:45;15.86
8-07-2022 13:00;15.86
8-07-2022 13:15;15.54
8-07-2022 13:30;15.34
8-07-2022 13:45;15.38
8-07-2022 14:00;15.5
8-07-2022 14:15;15.53
8-07-2022 14:30;15.58
8-07-2022 14:45;15.6
8-07-2022 15:00;15.92
8-07-2022 15:15;15.99
8-07-2022 15:30;16.15
8-07-2022 15:45;16.41
8-07-2022 16:00;16.35
8-07-2022 16:15;16.19
8-07-2022 16:30;16.11
8-07-2022 16:45;16.17
8-07-2022 17:00;16.4
8-07-2022 17:15;16.35
8-07-2022 17:30;16.19
8-07-2022 17:45;16.18
8-07-2022 18:00;16.44
8-07-2022 18:15;16.37
8-07-2022 18:30;16.27
8-07-2022 18:45;16.37
8-07-2022 19:00;16.38
8-07-2022 19:15;16.02
8-07-2022 19:30;16.14
8-07-2022 19:45;15.97
8-07-2022 20:00;15.75
8-07-2022 20:15;15.63
8-07-2022 20:30;15.35
8-07-2022 20:45;15.76
8-07-2022 21:00;16.21
8-07-2022 21:15;16.14
8-07-2022 21:30;15.77
8-07-2022 21:45;15.52
8-07-2022 22:00;15.76
8-07-2022 22:15;15.39
8-07-2022 22:30;15.05
8-07-2022 22:45;15.12
8-07-2022 23:00;15.33
8-07-2022 23:15;15.33
8-07-2022 23:30;15.36
8-07-2022 23:45;15.48
9-07-2022 00:00;15.39
9-07-2022 00:15;15.61
9-07-2022 00:30;15.67
9-07-2022 00:45;15.41
9-07-2022 01:00;15.29
9-07-2022 01:15;15.24
9-07-2022 01:30;15.45
9-07-2022 01:45;15.33
9-07-2022 02:00;15.24
9-07-2022 02:15;15.22
9-07-2022 02:30;15.29
9-07-2022 02:45;15.21
9-07-2022 03:00;15.02
9-07-2022 03:15;14.91
9-07-2022 03:30;15.11
9-07-2022 03:45;15
9-07-2022 04:00;14.9
9-07-2022 04:15;15
9-07-2022 04:30;15.03
9-07-2022 04:45;14.82
9-07-2022 05:00;14.82
9-07-2022 05:15;14.9
9-07-2022 05:30;15.1
9-07-2022 05:45;15.06
9-07-2022 06:00;15.04
9-07-2022 06:15;15
9-07-2022 06:30;14.93
9-07-2022 06:45;14.54
9-07-2022 07:00;14.22
9-07-2022 07:15;13.67
9-07-2022 07:30;13.34
9-07-2022 07:45;12.57
9-07-2022 08:00;11.99
9-07-2022 08:15;11.78
9-07-2022 08:30;11.6
9-07-2022 08:45;11.72
9-07-2022 09:00;11.89
9-07-2022 09:15;11.86
9-07-2022 09:30;11.92
9-07-2022 09:45;11.98
9-07-2022 10:00;12.03
9-07-2022 10:15;11.99
9-07-2022 10:30;12.56
9-07-2022 10:45;12.66
9-07-2022 11:00;13.24
9-07-2022 11:15;13.22
9-07-2022 11:30;13.19
9-07-2022 11:45;13.47
9-07-2022 12:00;13.52
9-07-2022 12:15;13.58
9-07-2022 12:30;13.03
9-07-2022 12:45;12.62
9-07-2022 13:00;13.03
9-07-2022 13:15;13.66
9-07-2022 13:30;14.6
9-07-2022 13:45;15.06
9-07-2022 14:00;15.68
9-07-2022 14:15;15.85
9-07-2022 14:30;14.54
9-07-2022 14:45;14.55
9-07-2022 15:00;15.36
9-07-2022 15:15;15.73
9-07-2022 15:30;15.69
9-07-2022 15:45;15.94
9-07-2022 16:00;15.89
9-07-2022 16:15;16.11
9-07-2022 16:30;16.42
9-07-2022 16:45;16.23
9-07-2022 17:00;16.43
9-07-2022 17:15;16.49
9-07-2022 17:30;16.61
9-07-2022 17:45;16.28
9-07-2022 18:00;16.53
9-07-2022 18:15;15.74
9-07-2022 18:30;15.28
9-07-2022 18:45;15.57
9-07-2022 19:00;15.55
9-07-2022 19:15;15.47
9-07-2022 19:30;15.15
9-07-2022 19:45;15.12
9-07-2022 20:00;14.95
9-07-2022 20:15;14.01
9-07-2022 20:30;13.41
9-07-2022 20:45;14.19
9-07-2022 21:00;14.47
9-07-2022 21:15;14.37
9-07-2022 21:30;13.87
9-07-2022 21:45;13.83
9-07-2022 22:00;14.14
9-07-2022 22:15;14.2
9-07-2022 22:30;14.13
9-07-2022 22:45;13.87
9-07-2022 23:00;13.64
9-07-2022 23:15;13.62
9-07-2022 23:30;13.59
9-07-2022 23:45;13.73
10-07-2022 00:00;13.6
10-07-2022 00:15;13.22
10-07-2022 00:30;12.67
10-07-2022 00:45;12.93
10-07-2022 01:00;12.99
10-07-2022 01:15;13.09
10-07-2022 01:30;13.14
10-07-2022 01:45;13.22
10-07-2022 02:00;13.19
10-07-2022 02:15;13.17
10-07-2022 02:30;13.16
10-07-2022 02:45;13.21
10-07-2022 03:00;13.01
10-07-2022 03:15;13.03
10-07-2022 03:30;13.09
10-07-2022 03:45;13
10-07-2022 04:00;12.58
10-07-2022 04:15;12.44
10-07-2022 04:30;12.41
10-07-2022 04:45;12.44
10-07-2022 05:00;12.39
10-07-2022 05:15;12.36
10-07-2022 05:30;12.3
10-07-2022 05:45;12.5
10-07-2022 06:00;13.53
10-07-2022 06:15;13.95
10-07-2022 06:30;13.7
10-07-2022 06:45;13.04
10-07-2022 07:00;12.3
10-07-2022 07:15;12.25
10-07-2022 07:30;11.9
10-07-2022 07:45;11.96
10-07-2022 08:00;11.36
10-07-2022 08:15;11.41
10-07-2022 08:30;11.59
10-07-2022 08:45;12.06
10-07-2022 09:00;12.07
10-07-2022 09:15;12.26
10-07-2022 09:30;12.41
10-07-2022 09:45;12.22
10-07-2022 10:00;12.71
10-07-2022 10:15;12.72
10-07-2022 10:30;12.41
10-07-2022 10:45;12.09
10-07-2022 11:00;12.21
10-07-2022 11:15;11.83
10-07-2022 11:30;11.96
10-07-2022 11:45;11.87
10-07-2022 12:00;12.21
10-07-2022 12:15;12.33
10-07-2022 12:30;12.55
10-07-2022 12:45;12.89
10-07-2022 13:00;13.14
10-07-2022 13:15;13.39
10-07-2022 13:30;13.54
10-07-2022 13:45;13.82
10-07-2022 14:00;14.15
10-07-2022 14:15;14.66
10-07-2022 14:30;15.35
10-07-2022 14:45;15.76
10-07-2022 15:00;15.69
10-07-2022 15:15;15.12
10-07-2022 15:30;15.34
10-07-2022 15:45;14.57
10-07-2022 16:00;14.39
10-07-2022 16:15;13.94
10-07-2022 16:30;13.62
10-07-2022 16:45;13.23
10-07-2022 17:00;13.22
10-07-2022 17:15;13.49
10-07-2022 17:30;13.27
10-07-2022 17:45;13.11
10-07-2022 18:00;13.3
10-07-2022 18:15;13.04
10-07-2022 18:30;13.29
10-07-2022 18:45;13.66
10-07-2022 19:00;13.42
10-07-2022 19:15;13.2
10-07-2022 19:30;13.31
10-07-2022 19:45;13.25
10-07-2022 20:00;13.6
10-07-2022 20:15;14.39
10-07-2022 20:30;14.45
10-07-2022 20:45;14.39
10-07-2022 21:00;14.05
10-07-2022 21:15;13.96
10-07-2022 21:30;14.05
10-07-2022 21:45;14.06
10-07-2022 22:00;13.54
10-07-2022 22:15;12.62
10-07-2022 22:30;12.85
10-07-2022 22:45;13.23
10-07-2022 23:00;13.84
10-07-2022 23:15;14.14
10-07-2022 23:30;14.29
10-07-2022 23:45;14.48
11-07-2022 00:00;14.53
11-07-2022 00:15;14.71
11-07-2022 00:30;15.05
11-07-2022 00:45;15.31
11-07-2022 01:00;15.33
11-07-2022 01:15;15.2
11-07-2022 01:30;15.05
11-07-2022 01:45;15.24
11-07-2022 02:00;15.35
11-07-2022 02:15;15.21
11-07-2022 02:30;14.99
11-07-2022 02:45;15.03
11-07-2022 03:00;14.88
11-07-2022 03:15;14.05
11-07-2022 03:30;13.38
11-07-2022 03:45;13.06
11-07-2022 04:00;13.45
11-07-2022 04:15;13.37
11-07-2022 04:30;12.75
11-07-2022 04:45;12.6
11-07-2022 05:00;12.58
11-07-2022 05:15;12.6
11-07-2022 05:30;12.83
11-07-2022 05:45;12.88
11-07-2022 06:00;12.94
11-07-2022 06:15;12.91
11-07-2022 06:30;12.62
11-07-2022 06:45;12.21
11-07-2022 07:00;12.26
11-07-2022 07:15;12.4
11-07-2022 07:30;12.3
11-07-2022 07:45;12.6
11-07-2022 08:00;12.74
11-07-2022 08:15;13.25
11-07-2022 08:30;13.27
11-07-2022 08:45;13.08
11-07-2022 09:00;13.13
11-07-2022 09:15;13.08
11-07-2022 09:30;11.1
11-07-2022 09:45;9.16
11-07-2022 10:00;8.8
11-07-2022 10:15;7.55
11-07-2022 10:30;9.24
11-07-2022 10:45;10.17
11-07-2022 11:00;10.43
11-07-2022 11:15;10.61
11-07-2022 11:30;10.69
11-07-2022 11:45;10.6
11-07-2022 12:00;11.74
11-07-2022 12:15;12.7
11-07-2022 12:30;14.11
11-07-2022 12:45;15.25
11-07-2022 13:00;16.33
11-07-2022 13:15;16.6
11-07-2022 13:30;17.14
11-07-2022 13:45;17.29
11-07-2022 14:00;16.12
11-07-2022 14:15;15.33
11-07-2022 14:30;14.98
11-07-2022 14:45;15.82
11-07-2022 15:00;16.47
11-07-2022 15:15;16.89
11-07-2022 15:30;16.94
11-07-2022 15:45;17.4
11-07-2022 16:00;17.35
11-07-2022 16:15;16.93
11-07-2022 16:30;16.84
11-07-2022 16:45;16.49
11-07-2022 17:00;15.99
11-07-2022 17:15;14.65
11-07-2022 17:30;14.27
11-07-2022 17:45;15.09
11-07-2022 18:00;15.23
11-07-2022 18:15;15.21
11-07-2022 18:30;15.18
11-07-2022 18:45;15.23
11-07-2022 19:00;15.34
11-07-2022 19:15;15.04
11-07-2022 19:30;15.21
11-07-2022 19:45;15.54
11-07-2022 20:00;15.37
11-07-2022 20:15;15.08
11-07-2022 20:30;15.43
11-07-2022 20:45;15.59
11-07-2022 21:00;15.69
11-07-2022 21:15;15.68
11-07-2022 21:30;15.54
11-07-2022 21:45;15.62
11-07-2022 22:00;15.61
11-07-2022 22:15;15.57
11-07-2022 22:30;15.82
11-07-2022 22:45;15.7
11-07-2022 23:00;15.06
11-07-2022 23:15;15.12
11-07-2022 23:30;15.16
11-07-2022 23:45;15.48
12-07-2022 00:00;15.73
12-07-2022 00:15;15.87
12-07-2022 00:30;15.96
12-07-2022 00:45;15.85
12-07-2022 01:00;15.58
12-07-2022 01:15;15.56
12-07-2022 01:30;15.78
12-07-2022 01:45;15.6
12-07-2022 02:00;15.59
12-07-2022 02:15;15.71
12-07-2022 02:30;15.46
12-07-2022 02:45;15.19
12-07-2022 03:00;15.49
12-07-2022 03:15;15.22
12-07-2022 03:30;14.81
12-07-2022 03:45;14.83
12-07-2022 04:00;14.69
12-07-2022 04:15;14.13
12-07-2022 04:30;13.92
12-07-2022 04:45;14.03
12-07-2022 05:00;13.72
12-07-2022 05:15;13.3
12-07-2022 05:30;13.37
12-07-2022 05:45;13.38
12-07-2022 06:00;13.03
12-07-2022 06:15;13.15
12-07-2022 06:30;14.17
12-07-2022 06:45;13.89
12-07-2022 07:00;13.53
12-07-2022 07:15;13.03
12-07-2022 07:30;12.77
12-07-2022 07:45;13.25
12-07-2022 08:00;13.55
12-07-2022 08:15;13.5
12-07-2022 08:30;13.57
12-07-2022 08:45;13.32
12-07-2022 09:00;13.27
12-07-2022 09:15;13.37
12-07-2022 09:30;13.27
12-07-2022 09:45;12.48
12-07-2022 10:00;8.57
12-07-2022 10:15;6.55
12-07-2022 10:30;6.81
12-07-2022 10:45;7.57
12-07-2022 11:00;8.03
12-07-2022 11:15;8.4
12-07-2022 11:30;8.32
12-07-2022 11:45;9.18
12-07-2022 12:00;9.59
12-07-2022 12:15;13.91
12-07-2022 12:30;15.91
12-07-2022 12:45;16.03
12-07-2022 13:00;15.96
12-07-2022 13:15;15.71
12-07-2022 13:30;15.71
12-07-2022 13:45;15.37
12-07-2022 14:00;15.11
12-07-2022 14:15;14.93
12-07-2022 14:30;14.96
12-07-2022 14:45;14.83
12-07-2022 15:00;15.31
12-07-2022 15:15;16.21
12-07-2022 15:30;16.79
12-07-2022 15:45;16.46
12-07-2022 16:00;16.73
12-07-2022 16:15;17.49
12-07-2022 16:30;16.88
12-07-2022 16:45;17.67
12-07-2022 17:00;17.58
12-07-2022 17:15;17.71
12-07-2022 17:30;17.66
12-07-2022 17:45;17.65
12-07-2022 18:00;17.6
12-07-2022 18:15;17.49
12-07-2022 18:30;17.48
12-07-2022 18:45;17.55
12-07-2022 19:00;17.69
12-07-2022 19:15;17.5
12-07-2022 19:30;16.96
12-07-2022 19:45;17.19
12-07-2022 20:00;17.43
12-07-2022 20:15;17.09
12-07-2022 20:30;17.19
12-07-2022 20:45;17.18
12-07-2022 21:00;17.17
12-07-2022 21:15;16.92
12-07-2022 21:30;16.62
12-07-2022 21:45;16.57
12-07-2022 22:00;16.75
12-07-2022 22:15;16.21
12-07-2022 22:30;15.73
12-07-2022 22:45;15.45
12-07-2022 23:00;15.71
12-07-2022 23:15;15.93
12-07-2022 23:30;16
12-07-2022 23:45;16.04
13-07-2022 00:00;16.11
13-07-2022 00:15;16.44
13-07-2022 00:30;16.68
13-07-2022 00:45;16.66
13-07-2022 01:00;16.63
13-07-2022 01:15;16.72
13-07-2022 01:30;16.61
13-07-2022 01:45;16.3
13-07-2022 02:00;16.49
13-07-2022 02:15;16.58
13-07-2022 02:30;16.38
13-07-2022 02:45;16.12
13-07-2022 03:00;16.08
13-07-2022 03:15;16
13-07-2022 03:30;15.74
13-07-2022 03:45;15.26
13-07-2022 04:00;14.15
13-07-2022 04:15;13.97
13-07-2022 04:30;13.97
13-07-2022 04:45;13.58
13-07-2022 05:00;13.41
13-07-2022 05:15;13.28
13-07-2022 05:30;13.14
13-07-2022 05:45;12.94
13-07-2022 06:00;12.75
13-07-2022 06:15;12.72
13-07-2022 06:30;12.97
13-07-2022 06:45;12.84
13-07-2022 07:00;12.75
13-07-2022 07:15;11.89
13-07-2022 07:30;10.99
13-07-2022 07:45;10.87
13-07-2022 08:00;10.92
13-07-2022 08:15;10.97
13-07-2022 08:30;10.94
13-07-2022 08:45;10.86
13-07-2022 09:00;10.89
13-07-2022 09:15;11.55
13-07-2022 09:30;12.85
13-07-2022 09:45;13.29
13-07-2022 10:00;13.35
13-07-2022 10:15;11.72
13-07-2022 10:30;10.59
13-07-2022 10:45;8.07
13-07-2022 11:00;8.1
13-07-2022 11:15;8.14
13-07-2022 11:30;8.59
13-07-2022 11:45;8.82
13-07-2022 12:00;9.14
13-07-2022 12:15;9.41
13-07-2022 12:30;9.74
13-07-2022 12:45;10.11
13-07-2022 13:00;10.49
13-07-2022 13:15;10.87
13-07-2022 13:30;11.12
13-07-2022 13:45;11.33
13-07-2022 14:00;12.54
13-07-2022 14:15;16.35
13-07-2022 14:30;17.89
13-07-2022 14:45;18.73
13-07-2022 15:00;19.01
13-07-2022 15:15;19.25
13-07-2022 15:30;19.04
13-07-2022 15:45;19.11
13-07-2022 16:00;18.94
13-07-2022 16:15;19
13-07-2022 16:30;18.82
13-07-2022 16:45;18.8
13-07-2022 17:00;18.82
13-07-2022 17:15;18.81
13-07-2022 17:30;18.83
13-07-2022 17:45;18.66
13-07-2022 18:00;18.75
13-07-2022 18:15;18.52
13-07-2022 18:30;18.08
13-07-2022 18:45;17.79
13-07-2022 19:00;17.68
13-07-2022 19:15;17.84
13-07-2022 19:30;17.72
13-07-2022 19:45;17.8
13-07-2022 20:00;17.75
13-07-2022 20:15;17.88
13-07-2022 20:30;17.67
13-07-2022 20:45;17.32
13-07-2022 21:00;17.36
13-07-2022 21:15;17.45
13-07-2022 21:30;17.45
13-07-2022 21:45;17.52
13-07-2022 22:00;17.4
13-07-2022 22:15;17.43
13-07-2022 22:30;17.45
13-07-2022 22:45;17.41
13-07-2022 23:00;17.39
13-07-2022 23:15;17.39
13-07-2022 23:30;17.45
13-07-2022 23:45;17.35
14-07-2022 00:00;17.29
14-07-2022 00:15;17.41
14-07-2022 00:30;17.28
14-07-2022 00:45;17.29
14-07-2022 01:00;17.14
14-07-2022 01:15;17.14
14-07-2022 01:30;17.06
14-07-2022 01:45;17.01
14-07-2022 02:00;16.93
14-07-2022 02:15;16.75
14-07-2022 02:30;16.85
14-07-2022 02:45;16.67
14-07-2022 03:00;16.64
14-07-2022 03:15;16.39
14-07-2022 03:30;16.25
14-07-2022 03:45;15.1
14-07-2022 04:00;14.69
14-07-2022 04:15;14.51
14-07-2022 04:30;14.06
14-07-2022 04:45;13.57
14-07-2022 05:00;12.86
14-07-2022 05:15;12.71
14-07-2022 05:30;12.58
14-07-2022 05:45;12.31
14-07-2022 06:00;12.12
14-07-2022 06:15;12.75
14-07-2022 06:30;12.7
14-07-2022 06:45;12.49
14-07-2022 07:00;12.17
14-07-2022 07:15;11.88
14-07-2022 07:30;11.62
14-07-2022 07:45;11.76
14-07-2022 08:00;11.83
14-07-2022 08:15;11.73
14-07-2022 08:30;11.62
14-07-2022 08:45;11.55
14-07-2022 09:00;11.65
14-07-2022 09:15;11.7
14-07-2022 09:30;11.64
14-07-2022 09:45;11.64
14-07-2022 10:00;11.67
14-07-2022 10:15;11.6
14-07-2022 10:30;11.8
14-07-2022 10:45;11.94
14-07-2022 11:00;12.12
14-07-2022 11:15;12.12
14-07-2022 11:30;12.06
14-07-2022 11:45;12.08
14-07-2022 12:00;12.27
14-07-2022 12:15;12.39
14-07-2022 12:30;12.54
14-07-2022 12:45;12.58
14-07-2022 13:00;12.8
14-07-2022 13:15;12.89
14-07-2022 13:30;12.94
14-07-2022 13:45;13.09
14-07-2022 14:00;13.32
14-07-2022 14:15;13.64
14-07-2022 14:30;13.94
14-07-2022 14:45;14.06
14-07-2022 15:00;14.3
14-07-2022 15:15;14.41
14-07-2022 15:30;14.42
14-07-2022 15:45;14.55
14-07-2022 16:00;14.66
14-07-2022 16:15;14.99
14-07-2022 16:30;15.14
14-07-2022 16:45;15.26
14-07-2022 17:00;15.21
14-07-2022 17:15;15.32
14-07-2022 17:30;15.48
14-07-2022 17:45;15.46
14-07-2022 18:00;15.49
14-07-2022 18:15;15.51
14-07-2022 18:30;15.7
14-07-2022 18:45;15.61
14-07-2022 19:00;15.19
14-07-2022 19:15;14.15
14-07-2022 19:30;14.36
14-07-2022 19:45;14.41
14-07-2022 20:00;14.36
14-07-2022 20:15;14.38
14-07-2022 20:30;14.51
14-07-2022 20:45;14.5
14-07-2022 21:00;14.46
14-07-2022 21:15;14.37
14-07-2022 21:30;14.28
14-07-2022 21:45;14.16
14-07-2022 22:00;14.17
14-07-2022 22:15;14.11
14-07-2022 22:30;13.84
14-07-2022 22:45;13.62
14-07-2022 23:00;13.5
14-07-2022 23:15;13.39
14-07-2022 23:30;13.19
14-07-2022 23:45;12.88
15-07-2022 00:00;12.76
15-07-2022 00:15;12.75
15-07-2022 00:30;12.85
15-07-2022 00:45;12.8
15-07-2022 01:00;12.71
15-07-2022 01:15;12.81
15-07-2022 01:30;12.68
15-07-2022 01:45;12.52
15-07-2022 02:00;12.48
15-07-2022 02:15;12.52
15-07-2022 02:30;12.58
15-07-2022 02:45;12.58
15-07-2022 03:00;12.62
15-07-2022 03:15;12.57
15-07-2022 03:30;12.53
15-07-2022 03:45;12.45
15-07-2022 04:00;12.3
15-07-2022 04:15;12.21
15-07-2022 04:30;12.19
15-07-2022 04:45;12.3
15-07-2022 05:00;12.42
15-07-2022 05:15;12.62
15-07-2022 05:30;12.69
15-07-2022 05:45;12.49
15-07-2022 06:00;12.36
15-07-2022 06:15;12.09
15-07-2022 06:30;12.21
15-07-2022 06:45;10.63
15-07-2022 07:00;10.29
15-07-2022 07:15;10.38
15-07-2022 07:30;10.41
15-07-2022 07:45;10.45
15-07-2022 08:00;10.11
15-07-2022 08:15;10.14
15-07-2022 08:30;10.19
15-07-2022 08:45;10.24
15-07-2022 09:00;10.23
15-07-2022 09:15;10.48
15-07-2022 09:30;10.61
15-07-2022 09:45;10.77
15-07-2022 10:00;10.87
15-07-2022 10:15;10.93
15-07-2022 10:30;10.87
15-07-2022 10:45;10.81
15-07-2022 11:00;11.21
15-07-2022 11:15;11.46
15-07-2022 11:30;11.55
15-07-2022 11:45;11.71
15-07-2022 12:00;11.76
15-07-2022 12:15;11.95
15-07-2022 12:30;12.23
15-07-2022 12:45;12.29
15-07-2022 13:00;12.52
15-07-2022 13:15;14.27
15-07-2022 13:30;16.65
15-07-2022 13:45;17.22
15-07-2022 14:00;17.37
15-07-2022 14:15;17
15-07-2022 14:30;16.43
15-07-2022 14:45;16.04
15-07-2022 15:00;16.1
15-07-2022 15:15;15.4
15-07-2022 15:30;15.55
15-07-2022 15:45;15.2
15-07-2022 16:00;15.18
15-07-2022 16:15;15.12
15-07-2022 16:30;14.84
15-07-2022 16:45;14.88
15-07-2022 17:00;14.69
15-07-2022 17:15;14.61
15-07-2022 17:30;14.61
15-07-2022 17:45;14.56
15-07-2022 18:00;14.6
15-07-2022 18:15;14.56
15-07-2022 18:30;14.53
15-07-2022 18:45;14.64
15-07-2022 19:00;14.7
15-07-2022 19:15;11.92
15-07-2022 19:30;10.82
15-07-2022 19:45;11.32
15-07-2022 20:00;11.66
15-07-2022 20:15;11.77
15-07-2022 20:30;11.9
15-07-2022 20:45;12
15-07-2022 21:00;12.09
15-07-2022 21:15;12.11
15-07-2022 21:30;12.1
15-07-2022 21:45;12.22
15-07-2022 22:00;12.29
15-07-2022 22:15;12.44
15-07-2022 22:30;12.41
15-07-2022 22:45;12.59
15-07-2022 23:00;12.43
15-07-2022 23:15;12.51
15-07-2022 23:30;12.46
15-07-2022 23:45;12.58
16-07-2022 00:00;12.6
16-07-2022 00:15;12.74
16-07-2022 00:30;12.71
16-07-2022 00:45;12.78
16-07-2022 01:00;12.85
16-07-2022 01:15;12.93
16-07-2022 01:30;13.04
16-07-2022 01:45;12.95
16-07-2022 02:00;13.02
16-07-2022 02:15;13.06
16-07-2022 02:30;13.07
16-07-2022 02:45;13.02
16-07-2022 03:00;12.94
16-07-2022 03:15;12.92
16-07-2022 03:30;12.66
16-07-2022 03:45;12.51
16-07-2022 04:00;12.38
16-07-2022 04:15;12.04
16-07-2022 04:30;11.89
16-07-2022 04:45;11.95
16-07-2022 05:00;12.25
16-07-2022 05:15;12.28
16-07-2022 05:30;12.23
16-07-2022 05:45;12.13
16-07-2022 06:00;11.99
16-07-2022 06:15;11.81
16-07-2022 06:30;11.57
16-07-2022 06:45;11.6
16-07-2022 07:00;11.78
16-07-2022 07:15;11.78
16-07-2022 07:30;11.65
16-07-2022 07:45;11.68
16-07-2022 08:00;11.99
16-07-2022 08:15;11.93
16-07-2022 08:30;11.85
16-07-2022 08:45;11.78
16-07-2022 09:00;11.76
16-07-2022 09:15;11.74
16-07-2022 09:30;11.81
16-07-2022 09:45;11.73
16-07-2022 10:00;11.65
16-07-2022 10:15;11.68
16-07-2022 10:30;11.66
16-07-2022 10:45;11.6
16-07-2022 11:00;11.77
16-07-2022 11:15;12
16-07-2022 11:30;11.95
16-07-2022 11:45;12.06
16-07-2022 12:00;12.09
16-07-2022 12:15;12.21
16-07-2022 12:30;12.42
16-07-2022 12:45;12.49
16-07-2022 13:00;12.49
16-07-2022 13:15;12.65
16-07-2022 13:30;12.72
16-07-2022 13:45;12.85
16-07-2022 14:00;12.94
16-07-2022 14:15;12.97
16-07-2022 14:30;13.08
16-07-2022 14:45;13.23
16-07-2022 15:00;14.67
16-07-2022 15:15;15.78
16-07-2022 15:30;16.08
16-07-2022 15:45;16.85
16-07-2022 16:00;16.77
16-07-2022 16:15;16.62
16-07-2022 16:30;16.78
16-07-2022 16:45;16.95
16-07-2022 17:00;16.43
16-07-2022 17:15;15.6
16-07-2022 17:30;15.47
16-07-2022 17:45;15.24
16-07-2022 18:00;14.57
16-07-2022 18:15;13.96
16-07-2022 18:30;13.6
16-07-2022 18:45;11.4
16-07-2022 19:00;11.33
16-07-2022 19:15;11.46
16-07-2022 19:30;11.75
16-07-2022 19:45;11.92
16-07-2022 20:00;11.98
16-07-2022 20:15;11.97
16-07-2022 20:30;12.01
16-07-2022 20:45;12.03
16-07-2022 21:00;12.17
16-07-2022 21:15;12.21
16-07-2022 21:30;12.25
16-07-2022 21:45;12.21
16-07-2022 22:00;12.28
16-07-2022 22:15;12.46
16-07-2022 22:30;12.49
16-07-2022 22:45;12.45
16-07-2022 23:00;12.51
16-07-2022 23:15;12.61
16-07-2022 23:30;12.62
16-07-2022 23:45;12.68
17-07-2022 00:00;12.72
17-07-2022 00:15;12.89
17-07-2022 00:30;12.85
17-07-2022 00:45;12.86
17-07-2022 01:00;12.91
17-07-2022 01:15;12.91
17-07-2022 01:30;12.99
17-07-2022 01:45;12.88
17-07-2022 02:00;12.87
17-07-2022 02:15;12.94
17-07-2022 02:30;12.88
17-07-2022 02:45;12.86
17-07-2022 03:00;12.87
17-07-2022 03:15;12.78
17-07-2022 03:30;12.72
17-07-2022 03:45;12.71
17-07-2022 04:00;12.52
17-07-2022 04:15;12.48
17-07-2022 04:30;12.44
17-07-2022 04:45;12.44
17-07-2022 05:00;12.37
17-07-2022 05:15;12.16
17-07-2022 05:30;12.1
17-07-2022 05:45;12.12
17-07-2022 06:00;12
17-07-2022 06:15;11.82
17-07-2022 06:30;11.58
17-07-2022 06:45;11.41
17-07-2022 07:00;11.4
17-07-2022 07:15;11.22
17-07-2022 07:30;11.07
17-07-2022 07:45;11.08
17-07-2022 08:00;11.17
17-07-2022 08:15;11.18
17-07-2022 08:30;11.05
17-07-2022 08:45;11.18
17-07-2022 09:00;10.96
17-07-2022 09:15;10.73
17-07-2022 09:30;10.54
17-07-2022 09:45;10.38
17-07-2022 10:00;10.07
17-07-2022 10:15;10.04
17-07-2022 10:30;9.96
17-07-2022 10:45;10.05
17-07-2022 11:00;9.96
17-07-2022 11:15;9.97
17-07-2022 11:30;10
17-07-2022 11:45;10.08
17-07-2022 12:00;10.23
17-07-2022 12:15;10.29
17-07-2022 12:30;10.43
17-07-2022 12:45;10.51
17-07-2022 13:00;10.71
17-07-2022 13:15;10.82
17-07-2022 13:30;10.91
17-07-2022 13:45;10.95
17-07-2022 14:00;11.28
17-07-2022 14:15;11.74
17-07-2022 14:30;12.04
17-07-2022 14:45;12.46
17-07-2022 15:00;13.77
17-07-2022 15:15;14.89
17-07-2022 15:30;15.71
17-07-2022 15:45;16.15
17-07-2022 16:00;16.9
17-07-2022 16:15;17.24
17-07-2022 16:30;17.52
17-07-2022 16:45;16.71
17-07-2022 17:00;15.99
17-07-2022 17:15;15.14
17-07-2022 17:30;15.01
17-07-2022 17:45;14.35
17-07-2022 18:00;13.95
17-07-2022 18:15;13.79
17-07-2022 18:30;13.93
17-07-2022 18:45;13.87
17-07-2022 19:00;13.9
17-07-2022 19:15;13.84
17-07-2022 19:30;13.78
17-07-2022 19:45;12.39
17-07-2022 20:00;10.6
17-07-2022 20:15;10.64
17-07-2022 20:30;10.99
17-07-2022 20:45;11.37
17-07-2022 21:00;11.67
17-07-2022 21:15;11.85
17-07-2022 21:30;11.92
17-07-2022 21:45;12.15
17-07-2022 22:00;12.3
17-07-2022 22:15;12.47
17-07-2022 22:30;12.7
17-07-2022 22:45;12.86
17-07-2022 23:00;13.06
17-07-2022 23:15;13.14
17-07-2022 23:30;13.31
17-07-2022 23:45;13.49
18-07-2022 00:00;13.56
18-07-2022 00:15;13.64
18-07-2022 00:30;13.6
18-07-2022 00:45;13.71
18-07-2022 01:00;13.77
18-07-2022 01:15;13.87
18-07-2022 01:30;13.93
18-07-2022 01:45;14.16
18-07-2022 02:00;14.23
18-07-2022 02:15;14.28
18-07-2022 02:30;14.28
18-07-2022 02:45;14.19
18-07-2022 03:00;14.19
18-07-2022 03:15;14.13
18-07-2022 03:30;14.15
18-07-2022 03:45;14.01
18-07-2022 04:00;13.68
18-07-2022 04:15;13.47
18-07-2022 04:30;13.18
18-07-2022 04:45;13.08
18-07-2022 05:00;12.88
18-07-2022 05:15;12.66
18-07-2022 05:30;12.5
18-07-2022 05:45;12.37
18-07-2022 06:00;12.23
18-07-2022 06:15;12.14
18-07-2022 06:30;11.98
18-07-2022 06:45;11.86
18-07-2022 07:00;12.06
18-07-2022 07:15;12.15
18-07-2022 07:30;12.12
18-07-2022 07:45;12.2
18-07-2022 08:00;12.23
18-07-2022 08:15;12.16
18-07-2022 08:30;12.21
18-07-2022 08:45;12.21
18-07-2022 09:00;12.34
18-07-2022 09:15;12.39
18-07-2022 09:30;13.77
18-07-2022 09:45;16.2
18-07-2022 10:00;15.06
18-07-2022 10:15;12.67
18-07-2022 10:30;12.97
18-07-2022 10:45;12.65
18-07-2022 11:00;12.46
18-07-2022 11:15;12.59
18-07-2022 11:30;12.7
18-07-2022 11:45;12.94
18-07-2022 12:00;13.31
18-07-2022 12:15;14.9
18-07-2022 12:30;16.63
18-07-2022 12:45;18.23
18-07-2022 13:00;18.63
18-07-2022 13:15;18.77
18-07-2022 13:30;18.9
18-07-2022 13:45;18.54
18-07-2022 14:00;17.69
18-07-2022 14:15;16.58
18-07-2022 14:30;16.12
18-07-2022 14:45;15.97
18-07-2022 15:00;15.65
18-07-2022 15:15;15.3
18-07-2022 15:30;15.12
18-07-2022 15:45;15.11
18-07-2022 16:00;14.95
18-07-2022 16:15;14.86
18-07-2022 16:30;14.64
18-07-2022 16:45;14.43
18-07-2022 17:00;14.66
18-07-2022 17:15;15.05
18-07-2022 17:30;12.74
18-07-2022 17:45;11.3
18-07-2022 18:00;11.54
18-07-2022 18:15;11.79
18-07-2022 18:30;11.93
18-07-2022 18:45;12.07
18-07-2022 19:00;12.27
18-07-2022 19:15;12.35
18-07-2022 19:30;12.52
18-07-2022 19:45;12.67
18-07-2022 20:00;13.09
18-07-2022 20:15;13.13
18-07-2022 20:30;13.21
18-07-2022 20:45;13.36
18-07-2022 21:00;13.51
18-07-2022 21:15;14.15
18-07-2022 21:30;14.25
18-07-2022 21:45;14.45
18-07-2022 22:00;14.52
18-07-2022 22:15;14.6
18-07-2022 22:30;15.43
18-07-2022 22:45;16.42
18-07-2022 23:00;16.4
18-07-2022 23:15;16.43
18-07-2022 23:30;16.77
18-07-2022 23:45;17.31
19-07-2022 00:00;17.69
19-07-2022 00:15;18.08
19-07-2022 00:30;17.88
19-07-2022 00:45;17.3
19-07-2022 01:00;16.89
19-07-2022 01:15;16.59
19-07-2022 01:30;16.76
19-07-2022 01:45;16.67
19-07-2022 02:00;16.62
19-07-2022 02:15;16.48
19-07-2022 02:30;16.12
19-07-2022 02:45;16.04
19-07-2022 03:00;15.88
19-07-2022 03:15;15.62
19-07-2022 03:30;15.38
19-07-2022 03:45;15.17
19-07-2022 04:00;15.06
19-07-2022 04:15;14.83
19-07-2022 04:30;14.65
19-07-2022 04:45;14.4
19-07-2022 05:00;14.39
19-07-2022 05:15;14.21
19-07-2022 05:30;13.94
19-07-2022 05:45;13.69
19-07-2022 06:00;13.69
19-07-2022 06:15;13.63
19-07-2022 06:30;13.98
19-07-2022 06:45;14.63
19-07-2022 07:00;14.79
19-07-2022 07:15;14.6
19-07-2022 07:30;14.15
19-07-2022 07:45;13.66
19-07-2022 08:00;13.57
19-07-2022 08:15;11.91
19-07-2022 08:30;11.83
19-07-2022 08:45;11.96
19-07-2022 09:00;11.86
19-07-2022 09:15;11.81
19-07-2022 09:30;11.95
19-07-2022 09:45;11.71
19-07-2022 10:00;11.42
19-07-2022 10:15;11.5
19-07-2022 10:30;11.3
19-07-2022 10:45;10.69
19-07-2022 11:00;11.13
19-07-2022 11:15;11.17
19-07-2022 11:30;11.3
19-07-2022 11:45;11.71
19-07-2022 12:00;12.08
19-07-2022 12:15;12.33
19-07-2022 12:30;12.7
19-07-2022 12:45;13.29
19-07-2022 13:00;13.81
19-07-2022 13:15;14.02
19-07-2022 13:30;14.17
19-07-2022 13:45;16.05
19-07-2022 14:00;17.19
19-07-2022 14:15;18.04
19-07-2022 14:30;17.83
19-07-2022 14:45;15.97
19-07-2022 15:00;16.9
19-07-2022 15:15;17.68
19-07-2022 15:30;18.21
19-07-2022 15:45;17.41
19-07-2022 16:00;16.7
19-07-2022 16:15;15.85
19-07-2022 16:30;16.19
19-07-2022 16:45;15.99
19-07-2022 17:00;15.72
19-07-2022 17:15;15.4
19-07-2022 17:30;15.49
19-07-2022 17:45;15.51
19-07-2022 18:00;15.24
19-07-2022 18:15;15.98
19-07-2022 18:30;16.26
19-07-2022 18:45;16.27
19-07-2022 19:00;16.24
19-07-2022 19:15;16.26
19-07-2022 19:30;16.51
19-07-2022 19:45;16.71
19-07-2022 20:00;17.05
19-07-2022 20:15;16.97
19-07-2022 20:30;17.16
19-07-2022 20:45;17.81
19-07-2022 21:00;18.22
19-07-2022 21:15;18.17
19-07-2022 21:30;18.44
19-07-2022 21:45;18.39
19-07-2022 22:00;18.37
19-07-2022 22:15;18.48
19-07-2022 22:30;18.35
19-07-2022 22:45;18.52
19-07-2022 23:00;18.36
19-07-2022 23:15;18.46
19-07-2022 23:30;18.36
19-07-2022 23:45;18.15
20-07-2022 00:00;17
20-07-2022 00:15;16.37
20-07-2022 00:30;16.55
20-07-2022 00:45;16.78
20-07-2022 01:00;16.76
20-07-2022 01:15;16.71
20-07-2022 01:30;17.87
20-07-2022 01:45;18.64
20-07-2022 02:00;18.6
20-07-2022 02:15;18.62
20-07-2022 02:30;18.56
20-07-2022 02:45;18.62
20-07-2022 03:00;18.82
20-07-2022 03:15;18.73
20-07-2022 03:30;18.18
20-07-2022 03:45;17.57
20-07-2022 04:00;18.23
20-07-2022 04:15;20.51
20-07-2022 04:30;17.1
20-07-2022 04:45;14.01
20-07-2022 05:00;14
20-07-2022 05:15;13.96
20-07-2022 05:30;14.13
20-07-2022 05:45;14.62
20-07-2022 06:00;14.59
20-07-2022 06:15;14.55
20-07-2022 06:30;14.8
20-07-2022 06:45;15.3
20-07-2022 07:00;15.26
20-07-2022 07:15;15.17
20-07-2022 07:30;15.44
20-07-2022 07:45;15.64
20-07-2022 08:00;15.84
20-07-2022 08:15;16.27
20-07-2022 08:30;16.86
20-07-2022 08:45;16.8
20-07-2022 09:00;17.76
20-07-2022 09:15;19.61
20-07-2022 09:30;21.92
20-07-2022 09:45;23
20-07-2022 10:00;23.23
20-07-2022 10:15;23.76
20-07-2022 10:30;24.32
20-07-2022 10:45;25.4
20-07-2022 11:00;26.16
20-07-2022 11:15;26.51
20-07-2022 11:30;26.92
20-07-2022 11:45;27.36
20-07-2022 12:00;28.37
20-07-2022 12:15;30.48
20-07-2022 12:30;31.09
20-07-2022 12:45;31.35
20-07-2022 13:00;31.66
20-07-2022 13:15;31.86
20-07-2022 13:30;32.08
20-07-2022 13:45;31.95
20-07-2022 14:00;30.75
20-07-2022 14:15;30.22
20-07-2022 14:30;30.41
20-07-2022 14:45;30.14
20-07-2022 15:00;28.83
20-07-2022 15:15;28.47
20-07-2022 15:30;28.48
20-07-2022 15:45;29.08
20-07-2022 16:00;28.63
20-07-2022 16:15;28.43
20-07-2022 16:30;28.71
20-07-2022 16:45;28.78
20-07-2022 17:00;27.24
20-07-2022 17:15;27.23
20-07-2022 17:30;26.56
20-07-2022 17:45;23.73
20-07-2022 18:00;21.13
20-07-2022 18:15;20.14
20-07-2022 18:30;20.03
20-07-2022 18:45;19.78
20-07-2022 19:00;19.81
20-07-2022 19:15;19.63
20-07-2022 19:30;19.92
20-07-2022 19:45;19.45
20-07-2022 20:00;19.75
20-07-2022 20:15;19.39
20-07-2022 20:30;19.41
20-07-2022 20:45;19.42
20-07-2022 21:00;19.6
20-07-2022 21:15;19.61
20-07-2022 21:30;20.03
20-07-2022 21:45;20.33
20-07-2022 22:00;20.75
20-07-2022 22:15;20.9
20-07-2022 22:30;20.98
20-07-2022 22:45;21
20-07-2022 23:00;20.85
20-07-2022 23:15;20.82
20-07-2022 23:30;20.64
20-07-2022 23:45;20.45
21-07-2022 00:00;20.18
21-07-2022 00:15;20.01
21-07-2022 00:30;20
21-07-2022 00:45;20.12
21-07-2022 01:00;20.44
21-07-2022 01:15;20.41
21-07-2022 01:30;20.25
21-07-2022 01:45;19.8
21-07-2022 02:00;19.48
21-07-2022 02:15;19.54
21-07-2022 02:30;19.18
21-07-2022 02:45;18.85
21-07-2022 03:00;18.42
21-07-2022 03:15;18.33
21-07-2022 03:30;17.75
21-07-2022 03:45;17.22
21-07-2022 04:00;16.76
21-07-2022 04:15;16.35
21-07-2022 04:30;15.82
21-07-2022 04:45;14.8
21-07-2022 05:00;14.26
21-07-2022 05:15;14.03
21-07-2022 05:30;11.64
21-07-2022 05:45;10.65
21-07-2022 06:00;10.59
21-07-2022 06:15;10.61
21-07-2022 06:30;10.77
21-07-2022 06:45;9.34
21-07-2022 07:00;9.93
21-07-2022 07:15;10.28
21-07-2022 07:30;10.45
21-07-2022 07:45;10.6
21-07-2022 08:00;10.59
21-07-2022 08:15;10.71
21-07-2022 08:30;10.83
21-07-2022 08:45;11.03
21-07-2022 09:00;11.16
21-07-2022 09:15;11.22
21-07-2022 09:30;11.63
21-07-2022 09:45;11.63
21-07-2022 10:00;11.96
21-07-2022 10:15;14.84
21-07-2022 10:30;14.35
21-07-2022 10:45;13.93
21-07-2022 11:00;14.68
21-07-2022 11:15;15.21
21-07-2022 11:30;17.49
21-07-2022 11:45;19.4
21-07-2022 12:00;18.87
21-07-2022 12:15;18.19
21-07-2022 12:30;18.17
21-07-2022 12:45;18
21-07-2022 13:00;17.99
21-07-2022 13:15;18.56
21-07-2022 13:30;18.51
21-07-2022 13:45;18.4
21-07-2022 14:00;18.34
21-07-2022 14:15;18.6
21-07-2022 14:30;18.52
21-07-2022 14:45;18.15
21-07-2022 15:00;19.78
21-07-2022 15:15;18.8
21-07-2022 15:30;18.31
21-07-2022 15:45;18.12
21-07-2022 16:00;17.73
21-07-2022 16:15;17.38
21-07-2022 16:30;16.86
21-07-2022 16:45;16.75
21-07-2022 17:00;16.91
21-07-2022 17:15;16.86
21-07-2022 17:30;16.74
21-07-2022 17:45;16.8
21-07-2022 18:00;16.29
21-07-2022 18:15;15.84
21-07-2022 18:30;15.44
21-07-2022 18:45;14.9
21-07-2022 19:00;14.39
21-07-2022 19:15;14.01
21-07-2022 19:30;11.3
21-07-2022 19:45;12.19
21-07-2022 20:00;12.84
21-07-2022 20:15;13.4
21-07-2022 20:30;13.84
21-07-2022 20:45;14.38
21-07-2022 21:00;15.78
21-07-2022 21:15;14.15
21-07-2022 21:30;13.26
21-07-2022 21:45;13.61
21-07-2022 22:00;16
21-07-2022 22:15;16.66
21-07-2022 22:30;17.34
21-07-2022 22:45;18
21-07-2022 23:00;18.76
21-07-2022 23:15;18.16
21-07-2022 23:30;17.49
21-07-2022 23:45;17.58
22-07-2022 00:00;16.44
22-07-2022 00:15;16.06
22-07-2022 00:30;16.01
22-07-2022 00:45;16.05
22-07-2022 01:00;16.17
22-07-2022 01:15;16.21
22-07-2022 01:30;16.11
22-07-2022 01:45;16.01
22-07-2022 02:00;15.99
22-07-2022 02:15;15.85
22-07-2022 02:30;15.69
22-07-2022 02:45;15
22-07-2022 03:00;14.79
22-07-2022 03:15;14.6
22-07-2022 03:30;14.59
22-07-2022 03:45;14.39
22-07-2022 04:00;14.18
22-07-2022 04:15;14.12
22-07-2022 04:30;14.01
22-07-2022 04:45;13.82
22-07-2022 05:00;11.49
22-07-2022 05:15;9.72
22-07-2022 05:30;10.55
22-07-2022 05:45;10.91
22-07-2022 06:00;11.12
22-07-2022 06:15;11.09
22-07-2022 06:30;11.09
22-07-2022 06:45;11.11
22-07-2022 07:00;11.08
22-07-2022 07:15;11.1
22-07-2022 07:30;11.09
22-07-2022 07:45;10.88
22-07-2022 08:00;10.95
22-07-2022 08:15;10.92
22-07-2022 08:30;10.85
22-07-2022 08:45;10.83
22-07-2022 09:00;10.81
22-07-2022 09:15;10.99
22-07-2022 09:30;11.02
22-07-2022 09:45;11.06
22-07-2022 10:00;11
22-07-2022 10:15;11.04
22-07-2022 10:30;11.07
22-07-2022 10:45;11.11
22-07-2022 11:00;11.12
22-07-2022 11:15;11.16
22-07-2022 11:30;11.29
22-07-2022 11:45;11.24
22-07-2022 12:00;12.98
22-07-2022 12:15;14.73
22-07-2022 12:30;16.62
22-07-2022 12:45;17.84
22-07-2022 13:00;18.19
22-07-2022 13:15;18.26
22-07-2022 13:30;18.07
22-07-2022 13:45;16.92
22-07-2022 14:00;17.13
22-07-2022 14:15;16.99
22-07-2022 14:30;16.94
22-07-2022 14:45;16.77
22-07-2022 15:00;15.51
22-07-2022 15:15;16.42
22-07-2022 15:30;17.1
22-07-2022 15:45;17.96
22-07-2022 16:00;17.35
22-07-2022 16:15;16.72
22-07-2022 16:30;16.71
22-07-2022 16:45;16.71
22-07-2022 17:00;17.05
22-07-2022 17:15;17.11
22-07-2022 17:30;17.09
22-07-2022 17:45;17
22-07-2022 18:00;17.03
22-07-2022 18:15;17
22-07-2022 18:30;16.53
22-07-2022 18:45;16.23
22-07-2022 19:00;16.21
22-07-2022 19:15;16.26
22-07-2022 19:30;16.19
22-07-2022 19:45;16.59
22-07-2022 20:00;16.49
22-07-2022 20:15;16.87
22-07-2022 20:30;17.3
22-07-2022 20:45;18.04
22-07-2022 21:00;19.13
22-07-2022 21:15;19.25
22-07-2022 21:30;19.74
22-07-2022 21:45;19.84
22-07-2022 22:00;20.71
22-07-2022 22:15;21.57
22-07-2022 22:30;21.99
22-07-2022 22:45;22.15
22-07-2022 23:00;22.71
22-07-2022 23:15;22.82
22-07-2022 23:30;23.51
22-07-2022 23:45;24.16
23-07-2022 00:00;24.13
23-07-2022 00:15;24.01
23-07-2022 00:30;24.02
23-07-2022 00:45;23.79
23-07-2022 01:00;23.43
23-07-2022 01:15;23.16
23-07-2022 01:30;22.14
23-07-2022 01:45;21.34
23-07-2022 02:00;20.52
23-07-2022 02:15;19.03
23-07-2022 02:30;18.36
23-07-2022 02:45;17.41
23-07-2022 03:00;17
23-07-2022 03:15;16.96
23-07-2022 03:30;16.3
23-07-2022 03:45;15.32
23-07-2022 04:00;15.14
23-07-2022 04:15;14.63
23-07-2022 04:30;14.03
23-07-2022 04:45;13.92
23-07-2022 05:00;13.74
23-07-2022 05:15;12.2
23-07-2022 05:30;10.85
23-07-2022 05:45;9.85
23-07-2022 06:00;10.29
23-07-2022 06:15;10.16
23-07-2022 06:30;10.14
23-07-2022 06:45;10.06
23-07-2022 07:00;10.06
23-07-2022 07:15;10.05
23-07-2022 07:30;9.97
23-07-2022 07:45;9.94
23-07-2022 08:00;9.95
23-07-2022 08:15;9.86
23-07-2022 08:30;9.87
23-07-2022 08:45;9.86
23-07-2022 09:00;9.8
23-07-2022 09:15;9.81
23-07-2022 09:30;9.76
23-07-2022 09:45;9.75
23-07-2022 10:00;9.85
23-07-2022 10:15;10.09
23-07-2022 10:30;10.16
23-07-2022 10:45;9.45
23-07-2022 11:00;10.04
23-07-2022 11:15;10.09
23-07-2022 11:30;9.64
23-07-2022 11:45;10.01
23-07-2022 12:00;10.54
23-07-2022 12:15;10.88
23-07-2022 12:30;12.2
23-07-2022 12:45;14.47
23-07-2022 13:00;14.67
23-07-2022 13:15;14.8
23-07-2022 13:30;15.4
23-07-2022 13:45;15.88
23-07-2022 14:00;16.39
23-07-2022 14:15;16.68
23-07-2022 14:30;17.99
23-07-2022 14:45;18.16
23-07-2022 15:00;18.27
23-07-2022 15:15;18.22
23-07-2022 15:30;17.85
23-07-2022 15:45;17.68
23-07-2022 16:00;18.54
23-07-2022 16:15;18.04
23-07-2022 16:30;16.47
23-07-2022 16:45;15.96
23-07-2022 17:00;16.01
23-07-2022 17:15;15.65
23-07-2022 17:30;15.83
23-07-2022 17:45;15.72
23-07-2022 18:00;15.46
23-07-2022 18:15;15.44
23-07-2022 18:30;15.46
23-07-2022 18:45;15.6
23-07-2022 19:00;15.61
23-07-2022 19:15;15.39
23-07-2022 19:30;15.46
23-07-2022 19:45;15.46
23-07-2022 20:00;15.56
23-07-2022 20:15;15.54
23-07-2022 20:30;15.3
23-07-2022 20:45;15.18
23-07-2022 21:00;15.17
23-07-2022 21:15;15.13
23-07-2022 21:30;15.04
23-07-2022 21:45;14.89
23-07-2022 22:00;14.87
23-07-2022 22:15;14.73
23-07-2022 22:30;14.79
23-07-2022 22:45;14.64
23-07-2022 23:00;14.66
23-07-2022 23:15;14.42
23-07-2022 23:30;14.42
23-07-2022 23:45;14.39
24-07-2022 00:00;14.32
24-07-2022 00:15;14.35
24-07-2022 00:30;14.22
24-07-2022 00:45;14.2
24-07-2022 01:00;14.09
24-07-2022 01:15;13.77
24-07-2022 01:30;13.83
24-07-2022 01:45;13.91
24-07-2022 02:00;13.9
24-07-2022 02:15;13.89
24-07-2022 02:30;13.79
24-07-2022 02:45;13.77
24-07-2022 03:00;13.76
24-07-2022 03:15;13.73
24-07-2022 03:30;13.59
24-07-2022 03:45;13.55
24-07-2022 04:00;13.47
24-07-2022 04:15;13.29
24-07-2022 04:30;13.3
24-07-2022 04:45;13.32
24-07-2022 05:00;12.52
24-07-2022 05:15;10.24
24-07-2022 05:30;9.29
24-07-2022 05:45;10.01
24-07-2022 06:00;10.61
24-07-2022 06:15;10.94
24-07-2022 06:30;10.98
24-07-2022 06:45;10.99
24-07-2022 07:00;11.01
24-07-2022 07:15;10.96
24-07-2022 07:30;10.93
24-07-2022 07:45;10.89
24-07-2022 08:00;10.93
24-07-2022 08:15;10.85
24-07-2022 08:30;10.82
24-07-2022 08:45;10.81
24-07-2022 09:00;10.81
24-07-2022 09:15;10.77
24-07-2022 09:30;10.72
24-07-2022 09:45;10.74
24-07-2022 10:00;10.78
24-07-2022 10:15;10.7
24-07-2022 10:30;10.65
24-07-2022 10:45;10.67
24-07-2022 11:00;10.62
24-07-2022 11:15;10.56
24-07-2022 11:30;10.58
24-07-2022 11:45;10.63
24-07-2022 12:00;10.69
24-07-2022 12:15;10.84
24-07-2022 12:30;10.9
24-07-2022 12:45;10.95
24-07-2022 13:00;11.01
24-07-2022 13:15;11.1
24-07-2022 13:30;11.2
24-07-2022 13:45;11.23
24-07-2022 14:00;11.45
24-07-2022 14:15;11.4
24-07-2022 14:30;11.32
24-07-2022 14:45;11.8
24-07-2022 15:00;14.22
24-07-2022 15:15;14.93
24-07-2022 15:30;15.66
24-07-2022 15:45;16.28
24-07-2022 16:00;14.73
24-07-2022 16:15;14.58
24-07-2022 16:30;14.44
24-07-2022 16:45;14.69
24-07-2022 17:00;15.05
24-07-2022 17:15;15.15
24-07-2022 17:30;15.38
24-07-2022 17:45;14.87
24-07-2022 18:00;14.8
24-07-2022 18:15;14.91
24-07-2022 18:30;14.96
24-07-2022 18:45;15.04
24-07-2022 19:00;15
24-07-2022 19:15;14.91
24-07-2022 19:30;15.01
24-07-2022 19:45;14.95
24-07-2022 20:00;14.91
24-07-2022 20:15;14.98
24-07-2022 20:30;14.95
24-07-2022 20:45;14.92
24-07-2022 21:00;14.77
24-07-2022 21:15;14.79
24-07-2022 21:30;14.89
24-07-2022 21:45;14.99
24-07-2022 22:00;15
24-07-2022 22:15;15
24-07-2022 22:30;14.97
24-07-2022 22:45;15.03
24-07-2022 23:00;15.04
24-07-2022 23:15;15.05
24-07-2022 23:30;15.05
24-07-2022 23:45;15.13
25-07-2022 00:00;15.08
25-07-2022 00:15;15.1
25-07-2022 00:30;15.08
25-07-2022 00:45;15.07
25-07-2022 01:00;15.11
25-07-2022 01:15;15.1
25-07-2022 01:30;15.1
25-07-2022 01:45;15.04
25-07-2022 02:00;15.05
25-07-2022 02:15;14.9
25-07-2022 02:30;14.81
25-07-2022 02:45;14.38
25-07-2022 03:00;14.27
25-07-2022 03:15;14.1
25-07-2022 03:30;13.94
25-07-2022 03:45;13.85
25-07-2022 04:00;13.74
25-07-2022 04:15;13.61
25-07-2022 04:30;13.45
25-07-2022 04:45;13.11
25-07-2022 05:00;13.58
25-07-2022 05:15;13.43
25-07-2022 05:30;13.41
25-07-2022 05:45;13.46
25-07-2022 06:00;13.46
25-07-2022 06:15;13.34
25-07-2022 06:30;13.23
25-07-2022 06:45;13.08
25-07-2022 07:00;12.98
25-07-2022 07:15;12.96
25-07-2022 07:30;12.99
25-07-2022 07:45;11.74
25-07-2022 08:00;10.54
25-07-2022 08:15;9.96
25-07-2022 08:30;9.79
25-07-2022 08:45;10.65
25-07-2022 09:00;11.33
25-07-2022 09:15;11.79
25-07-2022 09:30;12.36
25-07-2022 09:45;12.79
25-07-2022 10:00;13.18
25-07-2022 10:15;13.5
25-07-2022 10:30;13.98
25-07-2022 10:45;14.71
25-07-2022 11:00;15.77
25-07-2022 11:15;16.51
25-07-2022 11:30;16.1
25-07-2022 11:45;16.69
25-07-2022 12:00;16.65
25-07-2022 12:15;16.71
25-07-2022 12:30;15.52
25-07-2022 12:45;15.05
25-07-2022 13:00;14.96
25-07-2022 13:15;14.95
25-07-2022 13:30;14.46
25-07-2022 13:45;14.56
25-07-2022 14:00;14.63
25-07-2022 14:15;14.63
25-07-2022 14:30;14.64
25-07-2022 14:45;14.61
25-07-2022 15:00;14.74
25-07-2022 15:15;14.66
25-07-2022 15:30;14.75
25-07-2022 15:45;14.61
25-07-2022 16:00;14.69
25-07-2022 16:15;14.73
25-07-2022 16:30;14.68
25-07-2022 16:45;14.79
25-07-2022 17:00;14.74
25-07-2022 17:15;14.94
25-07-2022 17:30;14.9
25-07-2022 17:45;14.93
25-07-2022 18:00;14.98
25-07-2022 18:15;15.1
25-07-2022 18:30;14.89
25-07-2022 18:45;14.92
25-07-2022 19:00;14.87
25-07-2022 19:15;14.89
25-07-2022 19:30;15
25-07-2022 19:45;14.89
25-07-2022 20:00;14.94
25-07-2022 20:15;14.9
25-07-2022 20:30;14.94
25-07-2022 20:45;14.87
25-07-2022 21:00;14.89
25-07-2022 21:15;14.84
25-07-2022 21:30;14.89
25-07-2022 21:45;14.95
25-07-2022 22:00;14.86
25-07-2022 22:15;14.87
25-07-2022 22:30;14.9
25-07-2022 22:45;14.99
25-07-2022 23:00;14.98
25-07-2022 23:15;14.99
25-07-2022 23:30;14.96
25-07-2022 23:45;15.08
26-07-2022 00:00;14.99
26-07-2022 00:15;14.98
26-07-2022 00:30;15.03
26-07-2022 00:45;15.05
26-07-2022 01:00;15.15
26-07-2022 01:15;15.07
26-07-2022 01:30;15.07
26-07-2022 01:45;15.08
26-07-2022 02:00;14.97
26-07-2022 02:15;15.03
26-07-2022 02:30;14.87
26-07-2022 02:45;14.88
26-07-2022 03:00;14.73
26-07-2022 03:15;14.74
26-07-2022 03:30;14.73
26-07-2022 03:45;14.66
26-07-2022 04:00;14.48
26-07-2022 04:15;14.3
26-07-2022 04:30;14.06
26-07-2022 04:45;13.84
26-07-2022 05:00;13.7
26-07-2022 05:15;13.49
26-07-2022 05:30;13.24
26-07-2022 05:45;13.2
26-07-2022 06:00;13.07
26-07-2022 06:15;13.2
26-07-2022 06:30;13.33
26-07-2022 06:45;13.19
26-07-2022 07:00;13.08
26-07-2022 07:15;12.95
26-07-2022 07:30;11.1
26-07-2022 07:45;9.23
26-07-2022 08:00;9.45
26-07-2022 08:15;9.65
26-07-2022 08:30;9.62
26-07-2022 08:45;9.72
26-07-2022 09:00;9.8
26-07-2022 09:15;9.83
26-07-2022 09:30;10.04
26-07-2022 09:45;10.22
26-07-2022 10:00;10.39
26-07-2022 10:15;10.36
26-07-2022 10:30;10.46
26-07-2022 10:45;10.68
26-07-2022 11:00;10.95
26-07-2022 11:15;11.13
26-07-2022 11:30;11.56
26-07-2022 11:45;11.97
26-07-2022 12:00;8.62
26-07-2022 12:15;6.73
26-07-2022 12:30;8.34
26-07-2022 12:45;13.18
26-07-2022 13:00;15.73
26-07-2022 13:15;16.46
26-07-2022 13:30;16.83
26-07-2022 13:45;16.66
26-07-2022 14:00;16.44
26-07-2022 14:15;16.2
26-07-2022 14:30;16.05
26-07-2022 14:45;16.05
26-07-2022 15:00;16.12
26-07-2022 15:15;16.97
26-07-2022 15:30;17.07
26-07-2022 15:45;17
26-07-2022 16:00;16.59
26-07-2022 16:15;16.19
26-07-2022 16:30;15.85
26-07-2022 16:45;16.04
26-07-2022 17:00;16.03
26-07-2022 17:15;16.08
26-07-2022 17:30;15.99
26-07-2022 17:45;16.04
26-07-2022 18:00;15.94
26-07-2022 18:15;15.75
26-07-2022 18:30;15.52
26-07-2022 18:45;15.53
26-07-2022 19:00;15.41
26-07-2022 19:15;15.4
26-07-2022 19:30;15.39
26-07-2022 19:45;15.55
26-07-2022 20:00;16.12
26-07-2022 20:15;15.53
26-07-2022 20:30;14.99
26-07-2022 20:45;15.18
26-07-2022 21:00;15.18
26-07-2022 21:15;15.04
26-07-2022 21:30;14.95
26-07-2022 21:45;15.09
26-07-2022 22:00;14.99
26-07-2022 22:15;14.88
26-07-2022 22:30;15.04
26-07-2022 22:45;14.97
26-07-2022 23:00;15.05
26-07-2022 23:15;15.07
26-07-2022 23:30;15.07
26-07-2022 23:45;15.11
27-07-2022 00:00;15.15
27-07-2022 00:15;15.16
27-07-2022 00:30;15.25
27-07-2022 00:45;15.19
27-07-2022 01:00;15.27
27-07-2022 01:15;15.25
27-07-2022 01:30;15.28
27-07-2022 01:45;15.33
27-07-2022 02:00;15.28
27-07-2022 02:15;15.32
27-07-2022 02:30;15.36
27-07-2022 02:45;15.32
27-07-2022 03:00;15.3
27-07-2022 03:15;15.26
27-07-2022 03:30;15.24
27-07-2022 03:45;15.6
27-07-2022 04:00;15.69
27-07-2022 04:15;15.25
27-07-2022 04:30;15.16
27-07-2022 04:45;14.93
27-07-2022 05:00;15
27-07-2022 05:15;15.02
27-07-2022 05:30;14.98
27-07-2022 05:45;15.08
27-07-2022 06:00;15.27
27-07-2022 06:15;15.33
27-07-2022 06:30;15.8
27-07-2022 06:45;16.2
27-07-2022 07:00;16.2
27-07-2022 07:15;16.24
27-07-2022 07:30;15.93
27-07-2022 07:45;16.12
27-07-2022 08:00;16.16
27-07-2022 08:15;16.18
27-07-2022 08:30;16.2
27-07-2022 08:45;15.73
27-07-2022 09:00;14.9
27-07-2022 09:15;13.69
27-07-2022 09:30;14.2
27-07-2022 09:45;15.32
27-07-2022 10:00;15.2
27-07-2022 10:15;14.87
27-07-2022 10:30;15.24
27-07-2022 10:45;15.16
27-07-2022 11:00;15.13
27-07-2022 11:15;15.54
27-07-2022 11:30;15.9
27-07-2022 11:45;16.24
27-07-2022 12:00;18.64
27-07-2022 12:15;19
27-07-2022 12:30;19.47
27-07-2022 12:45;20.35
27-07-2022 13:00;20.66
27-07-2022 13:15;21.2
27-07-2022 13:30;21.54
27-07-2022 13:45;21.76
27-07-2022 14:00;21.99
27-07-2022 14:15;21.83
27-07-2022 14:30;22.02
27-07-2022 14:45;21.66
27-07-2022 15:00;21.52
27-07-2022 15:15;21.22
27-07-2022 15:30;20.9
27-07-2022 15:45;20.56
27-07-2022 16:00;20.54
27-07-2022 16:15;20.34
27-07-2022 16:30;19.92
27-07-2022 16:45;19.46
27-07-2022 17:00;18.94
27-07-2022 17:15;18.65
27-07-2022 17:30;17.88
27-07-2022 17:45;16.91
27-07-2022 18:00;15.34
27-07-2022 18:15;15.14
27-07-2022 18:30;14.65
27-07-2022 18:45;14.45
27-07-2022 19:00;14.23
27-07-2022 19:15;13.96
27-07-2022 19:30;13.74
27-07-2022 19:45;13.48
27-07-2022 20:00;13.34
27-07-2022 20:15;13.18
27-07-2022 20:30;13.03
27-07-2022 20:45;13.02
27-07-2022 21:00;13.04
27-07-2022 21:15;13.07
27-07-2022 21:30;13.1
27-07-2022 21:45;13.11
27-07-2022 22:00;13.2
27-07-2022 22:15;13.2
27-07-2022 22:30;13.29
27-07-2022 22:45;13.33
27-07-2022 23:00;13.42
27-07-2022 23:15;13.52
27-07-2022 23:30;13.61
27-07-2022 23:45;13.72
28-07-2022 00:00;13.86
28-07-2022 00:15;13.99
28-07-2022 00:30;14.37
28-07-2022 00:45;14.67
28-07-2022 01:00;14.8
28-07-2022 01:15;14.88
28-07-2022 01:30;14.88
28-07-2022 01:45;14.97
28-07-2022 02:00;14.96
28-07-2022 02:15;14.97
28-07-2022 02:30;15.02
28-07-2022 02:45;15.38
28-07-2022 03:00;15.28
28-07-2022 03:15;15.17
28-07-2022 03:30;15.01
28-07-2022 03:45;14.85
28-07-2022 04:00;14.91
28-07-2022 04:15;14.91
28-07-2022 04:30;14.87
28-07-2022 04:45;14.77
28-07-2022 05:00;14.66
28-07-2022 05:15;14.68
28-07-2022 05:30;14.45
28-07-2022 05:45;14.34
28-07-2022 06:00;14.17
28-07-2022 06:15;13.93
28-07-2022 06:30;13.59
28-07-2022 06:45;13.33
28-07-2022 07:00;13.12
28-07-2022 07:15;9.55
28-07-2022 07:30;9.94
28-07-2022 07:45;10.27
28-07-2022 08:00;10.39
28-07-2022 08:15;10.51
28-07-2022 08:30;10.7
28-07-2022 08:45;10.69
28-07-2022 09:00;10.79
28-07-2022 09:15;10.77
28-07-2022 09:30;10.75
28-07-2022 09:45;10.81
28-07-2022 10:00;10.86
28-07-2022 10:15;10.63
28-07-2022 10:30;11.03
28-07-2022 10:45;11.14
28-07-2022 11:00;10.65
28-07-2022 11:15;9.51
28-07-2022 11:30;10.15
28-07-2022 11:45;11.18
28-07-2022 12:00;12.01
28-07-2022 12:15;13.09
28-07-2022 12:30;14.24
28-07-2022 12:45;15.27
28-07-2022 13:00;16.48
28-07-2022 13:15;18.24
28-07-2022 13:30;18.27
28-07-2022 13:45;17.47
28-07-2022 14:00;16.99
28-07-2022 14:15;16.91
28-07-2022 14:30;16.82
28-07-2022 14:45;16.67
28-07-2022 15:00;16.31
28-07-2022 15:15;15.44
28-07-2022 15:30;15.49
28-07-2022 15:45;15.39
28-07-2022 16:00;15.46
28-07-2022 16:15;15.6
28-07-2022 16:30;15.54
28-07-2022 16:45;15.4
28-07-2022 17:00;14.87
28-07-2022 17:15;14.84
28-07-2022 17:30;14.83
28-07-2022 17:45;14.82
28-07-2022 18:00;14.77
28-07-2022 18:15;14.72
28-07-2022 18:30;14.62
28-07-2022 18:45;14.62
28-07-2022 19:00;14.67
28-07-2022 19:15;14.67
28-07-2022 19:30;14.63
28-07-2022 19:45;14.57
28-07-2022 20:00;13.88
28-07-2022 20:15;13.68
28-07-2022 20:30;13.62
28-07-2022 20:45;13.53
28-07-2022 21:00;13.53
28-07-2022 21:15;13.51
28-07-2022 21:30;13.47
28-07-2022 21:45;13.48
28-07-2022 22:00;12.07
28-07-2022 22:15;9.59
28-07-2022 22:30;10.33
28-07-2022 22:45;11.15
28-07-2022 23:00;11.57
28-07-2022 23:15;12.01
28-07-2022 23:30;12.35
28-07-2022 23:45;12.63
29-07-2022 00:00;12.71
29-07-2022 00:15;13.25
29-07-2022 00:30;13.96
29-07-2022 00:45;13.29
29-07-2022 01:00;13.51
29-07-2022 01:15;13.52
29-07-2022 01:30;13.47
29-07-2022 01:45;13.52
29-07-2022 02:00;13.7
29-07-2022 02:15;13.64
29-07-2022 02:30;13.67
29-07-2022 02:45;13.7
29-07-2022 03:00;13.57
29-07-2022 03:15;13.6
29-07-2022 03:30;13.55
29-07-2022 03:45;13.53
29-07-2022 04:00;13.53
29-07-2022 04:15;13.45
29-07-2022 04:30;13.45
29-07-2022 04:45;13.52
29-07-2022 05:00;13.49
29-07-2022 05:15;13.5
29-07-2022 05:30;13.59
29-07-2022 05:45;13.45
29-07-2022 06:00;13.5
29-07-2022 06:15;13.54
29-07-2022 06:30;13.51
29-07-2022 06:45;13.38
29-07-2022 07:00;13.3
29-07-2022 07:15;13.38
29-07-2022 07:30;13.13
29-07-2022 07:45;12.6
29-07-2022 08:00;12.71
29-07-2022 08:15;12.63
29-07-2022 08:30;12.81
29-07-2022 08:45;12.64
29-07-2022 09:00;12.53
29-07-2022 09:15;12.39
29-07-2022 09:30;12.33
29-07-2022 09:45;12.33
29-07-2022 10:00;13.06
29-07-2022 10:15;12.33
29-07-2022 10:30;10.43
29-07-2022 10:45;10.12
29-07-2022 11:00;10.1
29-07-2022 11:15;10.08
29-07-2022 11:30;10.19
29-07-2022 11:45;10.67
29-07-2022 12:00;10.89
29-07-2022 12:15;11.21
29-07-2022 12:30;13.06
29-07-2022 12:45;15.77
29-07-2022 13:00;16.54
29-07-2022 13:15;16.11
29-07-2022 13:30;16.02
29-07-2022 13:45;16.33
29-07-2022 14:00;16.06
29-07-2022 14:15;15.11
29-07-2022 14:30;15.16
29-07-2022 14:45;14.68
29-07-2022 15:00;14.53
29-07-2022 15:15;14.35
29-07-2022 15:30;14.27
29-07-2022 15:45;14.29
29-07-2022 16:00;14.23
29-07-2022 16:15;13.84
29-07-2022 16:30;13.61
29-07-2022 16:45;13.58
29-07-2022 17:00;13.52
29-07-2022 17:15;13.42
29-07-2022 17:30;13.3
29-07-2022 17:45;12.96
29-07-2022 18:00;12.72
29-07-2022 18:15;12.74
29-07-2022 18:30;11.61
29-07-2022 18:45;10.63
29-07-2022 19:00;9.43
29-07-2022 19:15;9.56
29-07-2022 19:30;9.99
29-07-2022 19:45;10.76
29-07-2022 20:00;11.31
29-07-2022 20:15;11.62
29-07-2022 20:30;12.3
29-07-2022 20:45;12.62
29-07-2022 21:00;12.79
29-07-2022 21:15;12.99
29-07-2022 21:30;13.1
29-07-2022 21:45;13.16
29-07-2022 22:00;13.27
29-07-2022 22:15;13.31
29-07-2022 22:30;13.28
29-07-2022 22:45;13.33
29-07-2022 23:00;13.34
29-07-2022 23:15;13.45
29-07-2022 23:30;13.52
29-07-2022 23:45;13.97
30-07-2022 00:00;14.07
30-07-2022 00:15;14.1
30-07-2022 00:30;14.2
30-07-2022 00:45;14.21
30-07-2022 01:00;14.22
30-07-2022 01:15;14.23
30-07-2022 01:30;14.26
30-07-2022 01:45;14.34
30-07-2022 02:00;15.01
30-07-2022 02:15;17
30-07-2022 02:30;17.73
30-07-2022 02:45;18.04
30-07-2022 03:00;17.72
30-07-2022 03:15;17.58
30-07-2022 03:30;17.05
30-07-2022 03:45;16.42
30-07-2022 04:00;15.77
30-07-2022 04:15;15.23
30-07-2022 04:30;14.87
30-07-2022 04:45;14.63
30-07-2022 05:00;14.35
30-07-2022 05:15;14.14
30-07-2022 05:30;13.8
30-07-2022 05:45;13.68
30-07-2022 06:00;13.49
30-07-2022 06:15;13.5
30-07-2022 06:30;13.24
30-07-2022 06:45;13.07
30-07-2022 07:00;10.29
30-07-2022 07:15;9.02
30-07-2022 07:30;9.14
30-07-2022 07:45;9.03
30-07-2022 08:00;9.38
30-07-2022 08:15;9.55
30-07-2022 08:30;9.74
30-07-2022 08:45;9.86
30-07-2022 09:00;9.9
30-07-2022 09:15;9.91
30-07-2022 09:30;9.93
30-07-2022 09:45;9.95
30-07-2022 10:00;10
30-07-2022 10:15;9.99
30-07-2022 10:30;9.96
30-07-2022 10:45;9.97
30-07-2022 11:00;9.96
30-07-2022 11:15;9.98
30-07-2022 11:30;9.97
30-07-2022 11:45;10.09
30-07-2022 12:00;10.2
30-07-2022 12:15;10.5
30-07-2022 12:30;10.72
30-07-2022 12:45;10.96
30-07-2022 13:00;11.24
30-07-2022 13:15;11.38
30-07-2022 13:30;11.6
30-07-2022 13:45;11.95
30-07-2022 14:00;12.25
30-07-2022 14:15;12.51
30-07-2022 14:30;13.27
30-07-2022 14:45;13.61
30-07-2022 15:00;14.42
30-07-2022 15:15;14.75
30-07-2022 15:30;15.1
30-07-2022 15:45;17.03
30-07-2022 16:00;17.44
30-07-2022 16:15;15.71
30-07-2022 16:30;14.97
30-07-2022 16:45;14.94
30-07-2022 17:00;14.49
30-07-2022 17:15;14.37
30-07-2022 17:30;14.22
30-07-2022 17:45;14.27
30-07-2022 18:00;14.31
30-07-2022 18:15;14.25
30-07-2022 18:30;14.26
30-07-2022 18:45;14.36
30-07-2022 19:00;14.3
30-07-2022 19:15;14.4
30-07-2022 19:30;14.26
30-07-2022 19:45;14.36
30-07-2022 20:00;14.32
30-07-2022 20:15;14.34
30-07-2022 20:30;14.28
30-07-2022 20:45;14.28
30-07-2022 21:00;14.35
30-07-2022 21:15;14.27
30-07-2022 21:30;14.31
30-07-2022 21:45;14.27
30-07-2022 22:00;14.37
30-07-2022 22:15;14.33
30-07-2022 22:30;14.35
30-07-2022 22:45;14.12
30-07-2022 23:00;14.22
30-07-2022 23:15;14.26
30-07-2022 23:30;14.14
30-07-2022 23:45;14.21
31-07-2022 00:00;14.18
31-07-2022 00:15;14.14
31-07-2022 00:30;13.74
31-07-2022 00:45;13.71
31-07-2022 01:00;13.73
31-07-2022 01:15;13.55
31-07-2022 01:30;13.59
31-07-2022 01:45;13.52
31-07-2022 02:00;13.41
31-07-2022 02:15;13.54
31-07-2022 02:30;13.42
31-07-2022 02:45;13.42
31-07-2022 03:00;13.3
31-07-2022 03:15;13.24
31-07-2022 03:30;13.21
31-07-2022 03:45;12.71
31-07-2022 04:00;10.29
31-07-2022 04:15;9.97
31-07-2022 04:30;10.04
31-07-2022 04:45;10.17
31-07-2022 05:00;10.61
31-07-2022 05:15;10.58
31-07-2022 05:30;10.71
31-07-2022 05:45;10.78
31-07-2022 06:00;10.66
31-07-2022 06:15;10.66
31-07-2022 06:30;10.75
31-07-2022 06:45;10.79
31-07-2022 07:00;10.74
31-07-2022 07:15;10.63
31-07-2022 07:30;10.45
31-07-2022 07:45;10.21
31-07-2022 08:00;10.33
31-07-2022 08:15;10.22
31-07-2022 08:30;10.22
31-07-2022 08:45;10.16
31-07-2022 09:00;10.06
31-07-2022 09:15;9.96
31-07-2022 09:30;9.92
31-07-2022 09:45;9.9
31-07-2022 10:00;9.89
31-07-2022 10:15;9.89
31-07-2022 10:30;10.1
31-07-2022 10:45;10.34
31-07-2022 11:00;10.56
31-07-2022 11:15;11.4
31-07-2022 11:30;11.56
31-07-2022 11:45;11.11
31-07-2022 12:00;11.25
31-07-2022 12:15;10.73
31-07-2022 12:30;10.54
31-07-2022 12:45;10.63
31-07-2022 13:00;10.79
31-07-2022 13:15;10.87
31-07-2022 13:30;10.96
31-07-2022 13:45;11.06
31-07-2022 14:00;11.13
31-07-2022 14:15;11.06
31-07-2022 14:30;11.71
31-07-2022 14:45;11.91
31-07-2022 15:00;11.95
31-07-2022 15:15;12.15
31-07-2022 15:30;12.63
31-07-2022 15:45;12.75
31-07-2022 16:00;12.7
31-07-2022 16:15;12.85
31-07-2022 16:30;12.81
31-07-2022 16:45;12.86
31-07-2022 17:00;12.79
31-07-2022 17:15;13.84
31-07-2022 17:30;12.59
31-07-2022 17:45;13.8
31-07-2022 18:00;13.79
31-07-2022 18:15;14.62
31-07-2022 18:30;14.58
31-07-2022 18:45;14.72
31-07-2022 19:00;14.92
31-07-2022 19:15;14.93
31-07-2022 19:30;14.95
31-07-2022 19:45;15.1
31-07-2022 20:00;13.97
31-07-2022 20:15;12.14
31-07-2022 20:30;11.2
31-07-2022 20:45;10.67
31-07-2022 21:00;10.59
31-07-2022 21:15;10.64
31-07-2022 21:30;10.98
31-07-2022 21:45;11.92
31-07-2022 22:00;12.33
31-07-2022 22:15;12.56
31-07-2022 22:30;12.64
31-07-2022 22:45;12.68
31-07-2022 23:00;12.98
31-07-2022 23:15;13.39
31-07-2022 23:30;14.08
31-07-2022 23:45;15.63
1-08-2022 00:00;16.16
1-08-2022 00:15;15.97
1-08-2022 00:30;14.59
1-08-2022 00:45;14.28
1-08-2022 01:00;14.26
1-08-2022 01:15;14.67
1-08-2022 01:30;15
1-08-2022 01:45;14.53
1-08-2022 02:00;14.38
1-08-2022 02:15;14.07
1-08-2022 02:30;13.85
1-08-2022 02:45;13.86
1-08-2022 03:00;13.77
1-08-2022 03:15;13.73
1-08-2022 03:30;13.6
1-08-2022 03:45;13.54
1-08-2022 04:00;13.38
1-08-2022 04:15;13.38
1-08-2022 04:30;13.15
1-08-2022 04:45;11.01
1-08-2022 05:00;9.99
1-08-2022 05:15;9.99
1-08-2022 05:30;9.95
1-08-2022 05:45;10.04
1-08-2022 06:00;10.14
1-08-2022 06:15;10.15
1-08-2022 06:30;10.08
1-08-2022 06:45;10.05
1-08-2022 07:00;10.35
1-08-2022 07:15;11.2
1-08-2022 07:30;11.32
1-08-2022 07:45;10.31
1-08-2022 08:00;10.15
1-08-2022 08:15;10.33
1-08-2022 08:30;10.6
1-08-2022 08:45;10.62
1-08-2022 09:00;10.84
1-08-2022 09:15;11.88
1-08-2022 09:30;13.03
1-08-2022 09:45;12.63
1-08-2022 10:00;13.84
1-08-2022 10:15;15.81
1-08-2022 10:30;16.6
1-08-2022 10:45;17.38
1-08-2022 11:00;17.1
1-08-2022 11:15;16.11
1-08-2022 11:30;15.56
1-08-2022 11:45;15.14
1-08-2022 12:00;14.49
1-08-2022 12:15;14.28
1-08-2022 12:30;12.88
1-08-2022 12:45;10.84
1-08-2022 13:00;9.77
1-08-2022 13:15;10.26
1-08-2022 13:30;10.99
1-08-2022 13:45;11.06
1-08-2022 14:00;11.28
1-08-2022 14:15;11.35
1-08-2022 14:30;11.53
1-08-2022 14:45;11.35
1-08-2022 15:00;11.49
1-08-2022 15:15;11.49
1-08-2022 15:30;11.7
1-08-2022 15:45;12.48
1-08-2022 16:00;12.62
1-08-2022 16:15;12.87
1-08-2022 16:30;12.87
1-08-2022 16:45;12.84
1-08-2022 17:00;12.58
1-08-2022 17:15;12.65
1-08-2022 17:30;12.61
1-08-2022 17:45;12.6
1-08-2022 18:00;12.53
1-08-2022 18:15;12.69
1-08-2022 18:30;12.63
1-08-2022 18:45;12.75
1-08-2022 19:00;12.72
1-08-2022 19:15;12.78
1-08-2022 19:30;12.69
1-08-2022 19:45;12.71
1-08-2022 20:00;12.74
1-08-2022 20:15;12.84
1-08-2022 20:30;12.85
1-08-2022 20:45;12.83
1-08-2022 21:00;12.78
1-08-2022 21:15;12.83
1-08-2022 21:30;12.84
1-08-2022 21:45;12.85
1-08-2022 22:00;12.84
1-08-2022 22:15;12.89
1-08-2022 22:30;13.34
1-08-2022 22:45;13.47
1-08-2022 23:00;12.33
1-08-2022 23:15;12.3
1-08-2022 23:30;11.76
1-08-2022 23:45;12.12
2-08-2022 00:00;12.12
2-08-2022 00:15;12.31
2-08-2022 00:30;13.92
2-08-2022 00:45;14.19
2-08-2022 01:00;12.36
2-08-2022 01:15;12.3
2-08-2022 01:30;12.07
2-08-2022 01:45;11.43
2-08-2022 02:00;11.95
2-08-2022 02:15;11.99
2-08-2022 02:30;11.91
2-08-2022 02:45;11.99
2-08-2022 03:00;11.96
2-08-2022 03:15;11.97
2-08-2022 03:30;11.91
2-08-2022 03:45;11.95
2-08-2022 04:00;11.92
2-08-2022 04:15;12.26
2-08-2022 04:30;12.83
2-08-2022 04:45;12.77
2-08-2022 05:00;12.21
2-08-2022 05:15;12.29
2-08-2022 05:30;12.47
2-08-2022 05:45;12.64
2-08-2022 06:00;12.74
2-08-2022 06:15;12.91
2-08-2022 06:30;12.98
2-08-2022 06:45;12.77
2-08-2022 07:00;12.55
2-08-2022 07:15;12.58
2-08-2022 07:30;12.34
2-08-2022 07:45;12.13
2-08-2022 08:00;11.8
2-08-2022 08:15;11.73
2-08-2022 08:30;12.27
2-08-2022 08:45;12.72
2-08-2022 09:00;12.87
2-08-2022 09:15;13.13
2-08-2022 09:30;14.67
2-08-2022 09:45;17.15
2-08-2022 10:00;19.05
2-08-2022 10:15;16.98
2-08-2022 10:30;15.92
2-08-2022 10:45;16.16
2-08-2022 11:00;14.94
2-08-2022 11:15;14.23
2-08-2022 11:30;14.3
2-08-2022 11:45;14.7
2-08-2022 12:00;14.95
2-08-2022 12:15;14.98
2-08-2022 12:30;15.02
2-08-2022 12:45;15.06
2-08-2022 13:00;15.05
2-08-2022 13:15;15.52
2-08-2022 13:30;15.8
2-08-2022 13:45;15.29
2-08-2022 14:00;15.38
2-08-2022 14:15;15.35
2-08-2022 14:30;15.41
2-08-2022 14:45;15.58
2-08-2022 15:00;15.59
2-08-2022 15:15;15.57
2-08-2022 15:30;15.21
2-08-2022 15:45;15.4
2-08-2022 16:00;15.36
2-08-2022 16:15;15.28
2-08-2022 16:30;14.97
2-08-2022 16:45;15.07
2-08-2022 17:00;14.9
2-08-2022 17:15;14.91
2-08-2022 17:30;14.92
2-08-2022 17:45;14.94
2-08-2022 18:00;15.03
2-08-2022 18:15;14.98
2-08-2022 18:30;15.03
2-08-2022 18:45;15
2-08-2022 19:00;14.9
2-08-2022 19:15;15.04
2-08-2022 19:30;15.15
2-08-2022 19:45;15.12
2-08-2022 20:00;15.18
2-08-2022 20:15;15.23
2-08-2022 20:30;15.13
2-08-2022 20:45;15.08
2-08-2022 21:00;15.11
2-08-2022 21:15;15.17
2-08-2022 21:30;15.22
2-08-2022 21:45;15.23
2-08-2022 22:00;15.26
2-08-2022 22:15;15.31
2-08-2022 22:30;15.35
2-08-2022 22:45;15.28
2-08-2022 23:00;15.39
2-08-2022 23:15;15.39
2-08-2022 23:30;15.33
2-08-2022 23:45;15.39
3-08-2022 00:00;15.56
3-08-2022 00:15;15.81
3-08-2022 00:30;15.22
3-08-2022 00:45;15.34
3-08-2022 01:00;15.27
3-08-2022 01:15;15.37
3-08-2022 01:30;15.5
3-08-2022 01:45;15.5
3-08-2022 02:00;15.6
3-08-2022 02:15;15.79
3-08-2022 02:30;15.02
3-08-2022 02:45;15.12
3-08-2022 03:00;15.07
3-08-2022 03:15;15.14
3-08-2022 03:30;15.11
3-08-2022 03:45;14.97
3-08-2022 04:00;15.01
3-08-2022 04:15;14.94
3-08-2022 04:30;14.93
3-08-2022 04:45;14.32
3-08-2022 05:00;14.57
3-08-2022 05:15;14.53
3-08-2022 05:30;14.61
3-08-2022 05:45;14.41
3-08-2022 06:00;14.43
3-08-2022 06:15;14.4
3-08-2022 06:30;14.42
3-08-2022 06:45;15.01
3-08-2022 07:00;14.74
3-08-2022 07:15;14.5
3-08-2022 07:30;14.36
3-08-2022 07:45;14.86
3-08-2022 08:00;15.45
3-08-2022 08:15;14.91
3-08-2022 08:30;15.03
3-08-2022 08:45;14.77
3-08-2022 09:00;14.75
3-08-2022 09:15;14.52
3-08-2022 09:30;14.58
3-08-2022 09:45;14.31
3-08-2022 10:00;14.18
3-08-2022 10:15;13.97
3-08-2022 10:30;13.84
3-08-2022 10:45;14.24
3-08-2022 11:00;13.6
3-08-2022 11:15;9.07
3-08-2022 11:30;10.34
3-08-2022 11:45;10.77
3-08-2022 12:00;11.12
3-08-2022 12:15;11.23
3-08-2022 12:30;11.36
3-08-2022 12:45;11.51
3-08-2022 13:00;11.58
3-08-2022 13:15;12.42
3-08-2022 13:30;12.87
3-08-2022 13:45;13.04
3-08-2022 14:00;13.2
3-08-2022 14:15;14.36
3-08-2022 14:30;17.81
3-08-2022 14:45;18.81
3-08-2022 15:00;18.59
3-08-2022 15:15;18.09
3-08-2022 15:30;17.64
3-08-2022 15:45;16.79
3-08-2022 16:00;15.84
3-08-2022 16:15;15.79
3-08-2022 16:30;15.2
3-08-2022 16:45;15.03
3-08-2022 17:00;14.85
3-08-2022 17:15;14.88
3-08-2022 17:30;14.73
3-08-2022 17:45;14.81
3-08-2022 18:00;14.74
3-08-2022 18:15;14.79
3-08-2022 18:30;14.78
3-08-2022 18:45;14.81
3-08-2022 19:00;14.81
3-08-2022 19:15;14.57
3-08-2022 19:30;14.71
3-08-2022 19:45;14.61
3-08-2022 20:00;14.67
3-08-2022 20:15;14.66
3-08-2022 20:30;14.68
3-08-2022 20:45;14.73
3-08-2022 21:00;14.71
3-08-2022 21:15;14.75
3-08-2022 21:30;14.75
3-08-2022 21:45;14.82
3-08-2022 22:00;14.81
3-08-2022 22:15;14.92
3-08-2022 22:30;14.9
3-08-2022 22:45;14.89
3-08-2022 23:00;15.01
3-08-2022 23:15;14.96
3-08-2022 23:30;15.06
3-08-2022 23:45;15.04
4-08-2022 00:00;15.16
4-08-2022 00:15;15.12
4-08-2022 00:30;15.24
4-08-2022 00:45;15.11
4-08-2022 01:00;15.18
4-08-2022 01:15;15.2
4-08-2022 01:30;15.13
4-08-2022 01:45;15.25
4-08-2022 02:00;15.15
4-08-2022 02:15;15.15
4-08-2022 02:30;15.08
4-08-2022 02:45;15.45
4-08-2022 03:00;15.05
4-08-2022 03:15;15.03
4-08-2022 03:30;14.71
4-08-2022 03:45;15.22
4-08-2022 04:00;15.5
4-08-2022 04:15;15.47
4-08-2022 04:30;15.48
4-08-2022 04:45;15.29
4-08-2022 05:00;15.22
4-08-2022 05:15;15.03
4-08-2022 05:30;14.99
4-08-2022 05:45;14.85
4-08-2022 06:00;14.71
4-08-2022 06:15;15.06
4-08-2022 06:30;15.02
4-08-2022 06:45;14.7
4-08-2022 07:00;14.58
4-08-2022 07:15;14.35
4-08-2022 07:30;14.15
4-08-2022 07:45;13.77
4-08-2022 08:00;13.58
4-08-2022 08:15;13.35
4-08-2022 08:30;13.23
4-08-2022 08:45;13.38
4-08-2022 09:00;13.19
4-08-2022 09:15;12.71
4-08-2022 09:30;11.44
4-08-2022 09:45;9.17
4-08-2022 10:00;9.75
4-08-2022 10:15;9.85
4-08-2022 10:30;10.09
4-08-2022 10:45;10.35
4-08-2022 11:00;10.78
4-08-2022 11:15;11.28
4-08-2022 11:30;11.8
4-08-2022 11:45;12.16
4-08-2022 12:00;12.45
4-08-2022 12:15;12.8
4-08-2022 12:30;13.1
4-08-2022 12:45;13.43
4-08-2022 13:00;13.58
4-08-2022 13:15;13.78
4-08-2022 13:30;13.8
4-08-2022 13:45;13.94
4-08-2022 14:00;14.14
4-08-2022 14:15;14.93
4-08-2022 14:30;19.51
4-08-2022 14:45;19.74
4-08-2022 15:00;19.53
4-08-2022 15:15;19.04
4-08-2022 15:30;18.89
4-08-2022 15:45;18.51
4-08-2022 16:00;18.51
4-08-2022 16:15;18.45
4-08-2022 16:30;18.44
4-08-2022 16:45;18.41
4-08-2022 17:00;17.97
4-08-2022 17:15;17.57
4-08-2022 17:30;16.83
4-08-2022 17:45;16.9
4-08-2022 18:00;16.79
4-08-2022 18:15;16.18
4-08-2022 18:30;16.14
4-08-2022 18:45;15.97
4-08-2022 19:00;15.74
4-08-2022 19:15;15.36
4-08-2022 19:30;15.15
4-08-2022 19:45;14.92
4-08-2022 20:00;15.25
4-08-2022 20:15;15.32
4-08-2022 20:30;15.47
4-08-2022 20:45;15.91
4-08-2022 21:00;15.82
4-08-2022 21:15;15.9
4-08-2022 21:30;15.95
4-08-2022 21:45;15.96
4-08-2022 22:00;15.92
4-08-2022 22:15;15.95
4-08-2022 22:30;16.02
4-08-2022 22:45;15.96
4-08-2022 23:00;15.96
4-08-2022 23:15;15.95
4-08-2022 23:30;16.06
4-08-2022 23:45;16.09
5-08-2022 00:00;16.01
5-08-2022 00:15;16.03
5-08-2022 00:30;16.22
5-08-2022 00:45;16.38
5-08-2022 01:00;16.33
5-08-2022 01:15;16.51
5-08-2022 01:30;17.07
5-08-2022 01:45;17.93
5-08-2022 02:00;18.68
5-08-2022 02:15;19.3
5-08-2022 02:30;20.08
5-08-2022 02:45;20.33
5-08-2022 03:00;20.67
5-08-2022 03:15;21.28
5-08-2022 03:30;21.83
5-08-2022 03:45;22.6
5-08-2022 04:00;23.66
5-08-2022 04:15;24.69
5-08-2022 04:30;24.84
5-08-2022 04:45;24.51
5-08-2022 05:00;23.96
5-08-2022 05:15;24.45
5-08-2022 05:30;24.63
5-08-2022 05:45;24.81
5-08-2022 06:00;25.54
5-08-2022 06:15;25.99
5-08-2022 06:30;24.39
5-08-2022 06:45;24.36
5-08-2022 07:00;24.6
5-08-2022 07:15;24.96
5-08-2022 07:30;25.59
5-08-2022 07:45;26.6
5-08-2022 08:00;26.27
5-08-2022 08:15;25.62
5-08-2022 08:30;24.55
5-08-2022 08:45;24.78
5-08-2022 09:00;24.93
5-08-2022 09:15;24.87
5-08-2022 09:30;24.71
5-08-2022 09:45;24.5
5-08-2022 10:00;24
5-08-2022 10:15;23.7
5-08-2022 10:30;23.13
5-08-2022 10:45;23.54
5-08-2022 11:00;24.08
5-08-2022 11:15;24.17
5-08-2022 11:30;24.53
5-08-2022 11:45;26.41
5-08-2022 12:00;25.52
5-08-2022 12:15;25.62
5-08-2022 12:30;25.21
5-08-2022 12:45;25.01
5-08-2022 13:00;24.91
5-08-2022 13:15;24.57
5-08-2022 13:30;24.7
5-08-2022 13:45;24.2
5-08-2022 14:00;24.37
5-08-2022 14:15;24.4
5-08-2022 14:30;24.21
5-08-2022 14:45;24.22
5-08-2022 15:00;24.6
5-08-2022 15:15;24.74
5-08-2022 15:30;25.22
5-08-2022 15:45;24.76
5-08-2022 16:00;24.58
5-08-2022 16:15;24.29
5-08-2022 16:30;24.07
5-08-2022 16:45;23.98
5-08-2022 17:00;23.83
5-08-2022 17:15;23.78
5-08-2022 17:30;23.92
5-08-2022 17:45;23.59
5-08-2022 18:00;23.28
5-08-2022 18:15;22.68
5-08-2022 18:30;20.65
5-08-2022 18:45;19.47
5-08-2022 19:00;18.62
5-08-2022 19:15;18.32
5-08-2022 19:30;17.55
5-08-2022 19:45;16.94
5-08-2022 20:00;16.42
5-08-2022 20:15;15.36
5-08-2022 20:30;15.32
5-08-2022 20:45;14.99
5-08-2022 21:00;14.99
5-08-2022 21:15;14.88
5-08-2022 21:30;14.8
5-08-2022 21:45;14.63
5-08-2022 22:00;14.49
5-08-2022 22:15;14.41
5-08-2022 22:30;14.36
5-08-2022 22:45;14.62
5-08-2022 23:00;14.7
5-08-2022 23:15;14.77
5-08-2022 23:30;14.7
5-08-2022 23:45;14.77
6-08-2022 00:00;14.73
6-08-2022 00:15;14.78
6-08-2022 00:30;14.72
6-08-2022 00:45;14.62
6-08-2022 01:00;14.61
6-08-2022 01:15;14.57
6-08-2022 01:30;14.6
6-08-2022 01:45;14.49
6-08-2022 02:00;14.43
6-08-2022 02:15;14.39
6-08-2022 02:30;14.33
6-08-2022 02:45;14.4
6-08-2022 03:00;14.2
6-08-2022 03:15;14.2
6-08-2022 03:30;14.17
6-08-2022 03:45;14.13
6-08-2022 04:00;14.07
6-08-2022 04:15;14.23
6-08-2022 04:30;14.22
6-08-2022 04:45;14.07
6-08-2022 05:00;14.18
6-08-2022 05:15;12.42
6-08-2022 05:30;11.28
6-08-2022 05:45;10.4
6-08-2022 06:00;10.53
6-08-2022 06:15;10.59
6-08-2022 06:30;10.98
6-08-2022 06:45;11.02
6-08-2022 07:00;10.99
6-08-2022 07:15;11.03
6-08-2022 07:30;10.9
6-08-2022 07:45;10.89
6-08-2022 08:00;10.75
6-08-2022 08:15;11.52
6-08-2022 08:30;11.18
6-08-2022 08:45;10.45
6-08-2022 09:00;10.54
6-08-2022 09:15;10.5
6-08-2022 09:30;10.67
6-08-2022 09:45;10.56
6-08-2022 10:00;10.88
6-08-2022 10:15;11.03
6-08-2022 10:30;11.08
6-08-2022 10:45;11.28
6-08-2022 11:00;11.37
6-08-2022 11:15;11.31
6-08-2022 11:30;11.56
6-08-2022 11:45;12.45
6-08-2022 12:00;13.4
6-08-2022 12:15;13.58
6-08-2022 12:30;13.75
6-08-2022 12:45;14.01
6-08-2022 13:00;15.18
6-08-2022 13:15;15.02
6-08-2022 13:30;15.2
6-08-2022 13:45;15.29
6-08-2022 14:00;15.55
6-08-2022 14:15;17.37
6-08-2022 14:30;19.22
6-08-2022 14:45;18.55
6-08-2022 15:00;18.01
6-08-2022 15:15;17.62
6-08-2022 15:30;16.95
6-08-2022 15:45;16.33
6-08-2022 16:00;15.12
6-08-2022 16:15;15.03
6-08-2022 16:30;14.73
6-08-2022 16:45;14.68
6-08-2022 17:00;14.48
6-08-2022 17:15;14.46
6-08-2022 17:30;14.48
6-08-2022 17:45;14.13
6-08-2022 18:00;14.15
6-08-2022 18:15;14.07
6-08-2022 18:30;14.05
6-08-2022 18:45;13.98
6-08-2022 19:00;13.92
6-08-2022 19:15;13.86
6-08-2022 19:30;13.8
6-08-2022 19:45;13.71
6-08-2022 20:00;13.7
6-08-2022 20:15;13.8
6-08-2022 20:30;13.78
6-08-2022 20:45;13.81
6-08-2022 21:00;13.79
6-08-2022 21:15;13.71
6-08-2022 21:30;13.72
6-08-2022 21:45;13.65
6-08-2022 22:00;13.64
6-08-2022 22:15;13.63
6-08-2022 22:30;13.32
6-08-2022 22:45;10.06
6-08-2022 23:00;10.33
6-08-2022 23:15;10.68
6-08-2022 23:30;11.02
6-08-2022 23:45;11.27
7-08-2022 00:00;11.33
7-08-2022 00:15;11.45
7-08-2022 00:30;11.43
7-08-2022 00:45;12.2
7-08-2022 01:00;12.51
7-08-2022 01:15;12.66
7-08-2022 01:30;12.75
7-08-2022 01:45;12.82
7-08-2022 02:00;12.8
7-08-2022 02:15;13.17
7-08-2022 02:30;13.3
7-08-2022 02:45;13.19
7-08-2022 03:00;13.33
7-08-2022 03:15;13.27
7-08-2022 03:30;13.28
7-08-2022 03:45;13.24
7-08-2022 04:00;13.3
7-08-2022 04:15;13.22
7-08-2022 04:30;13.15
7-08-2022 04:45;13.26
7-08-2022 05:00;13.15
7-08-2022 05:15;13.16
7-08-2022 05:30;13.12
7-08-2022 05:45;14.94
7-08-2022 06:00;15.73
7-08-2022 06:15;15.4
7-08-2022 06:30;15.07
7-08-2022 06:45;14.54
7-08-2022 07:00;14.06
7-08-2022 07:15;13.61
7-08-2022 07:30;12.94
7-08-2022 07:45;10.07
7-08-2022 08:00;8.32
7-08-2022 08:15;9.46
7-08-2022 08:30;9.86
7-08-2022 08:45;10.37
7-08-2022 09:00;10.56
7-08-2022 09:15;10.65
7-08-2022 09:30;10.62
7-08-2022 09:45;10.67
7-08-2022 10:00;10.76
7-08-2022 10:15;10.66
7-08-2022 10:30;10.68
7-08-2022 10:45;10.68
7-08-2022 11:00;10.66
7-08-2022 11:15;10.65
7-08-2022 11:30;10.71
7-08-2022 11:45;10.73
7-08-2022 12:00;10.78
7-08-2022 12:15;10.79
7-08-2022 12:30;10.88
7-08-2022 12:45;11.1
7-08-2022 13:00;11.56
7-08-2022 13:15;11.64
7-08-2022 13:30;11.74
7-08-2022 13:45;11.86
7-08-2022 14:00;12.17
7-08-2022 14:15;13.31
7-08-2022 14:30;15.31
7-08-2022 14:45;16.61
7-08-2022 15:00;17.06
7-08-2022 15:15;14.61
7-08-2022 15:30;13.45
7-08-2022 15:45;13.86
7-08-2022 16:00;13.88
7-08-2022 16:15;13.89
7-08-2022 16:30;13.88
7-08-2022 16:45;13.89
7-08-2022 17:00;13.84
7-08-2022 17:15;13.92
7-08-2022 17:30;13.87
7-08-2022 17:45;13.89
7-08-2022 18:00;13.84
7-08-2022 18:15;13.89
7-08-2022 18:30;13.86
7-08-2022 18:45;13.92
7-08-2022 19:00;13.89
7-08-2022 19:15;13.94
7-08-2022 19:30;13.87
7-08-2022 19:45;13.96
7-08-2022 20:00;13.85
7-08-2022 20:15;13.93
7-08-2022 20:30;13.71
7-08-2022 20:45;13.77
7-08-2022 21:00;13.83
7-08-2022 21:15;13.87
7-08-2022 21:30;13.84
7-08-2022 21:45;13.9
7-08-2022 22:00;13.87
7-08-2022 22:15;13.87
7-08-2022 22:30;13.79
7-08-2022 22:45;14.01
7-08-2022 23:00;14.13
7-08-2022 23:15;13.88
7-08-2022 23:30;13.85
7-08-2022 23:45;13.91
8-08-2022 00:00;13.96
8-08-2022 00:15;13.98
8-08-2022 00:30;14
8-08-2022 00:45;13.97
8-08-2022 01:00;14
8-08-2022 01:15;13.9
8-08-2022 01:30;13.9
8-08-2022 01:45;14.04
8-08-2022 02:00;13.96
8-08-2022 02:15;14.06
8-08-2022 02:30;13.97
8-08-2022 02:45;13.93
8-08-2022 03:00;14.01
8-08-2022 03:15;13.99
8-08-2022 03:30;14.02
8-08-2022 03:45;13.95
8-08-2022 04:00;13.88
8-08-2022 04:15;13.86
8-08-2022 04:30;13.88
8-08-2022 04:45;13.75
8-08-2022 05:00;13.7
8-08-2022 05:15;12.04
8-08-2022 05:30;10.5
8-08-2022 05:45;10.32
8-08-2022 06:00;9.63
8-08-2022 06:15;10.91
8-08-2022 06:30;10.99
8-08-2022 06:45;11.26
8-08-2022 07:00;11.51
8-08-2022 07:15;11.65
8-08-2022 07:30;11.65
8-08-2022 07:45;11.55
8-08-2022 08:00;12.56
8-08-2022 08:15;12.93
8-08-2022 08:30;11.49
8-08-2022 08:45;10.79
8-08-2022 09:00;10.46
8-08-2022 09:15;10.46
8-08-2022 09:30;10.41
8-08-2022 09:45;9.99
8-08-2022 10:00;10.9
8-08-2022 10:15;12.05
8-08-2022 10:30;10.79
8-08-2022 10:45;10.14
8-08-2022 11:00;10.17
8-08-2022 11:15;10.47
8-08-2022 11:30;10.68
8-08-2022 11:45;10.89
8-08-2022 12:00;11.17
8-08-2022 12:15;11.47
8-08-2022 12:30;11.84
8-08-2022 12:45;12.19
8-08-2022 13:00;12.81
8-08-2022 13:15;13.67
8-08-2022 13:30;13.05
8-08-2022 13:45;12.4
8-08-2022 14:00;12.7
8-08-2022 14:15;12.77
8-08-2022 14:30;12.86
8-08-2022 14:45;13.02
8-08-2022 15:00;13.12
8-08-2022 15:15;13.09
8-08-2022 15:30;12.76
8-08-2022 15:45;12.28
8-08-2022 16:00;12.31
8-08-2022 16:15;12.27
8-08-2022 16:30;12.08
8-08-2022 16:45;12.28
8-08-2022 17:00;12.34
8-08-2022 17:15;11.88
8-08-2022 17:30;12.1
8-08-2022 17:45;11.91
8-08-2022 18:00;11.95
8-08-2022 18:15;11.91
8-08-2022 18:30;11.94
8-08-2022 18:45;11.95
8-08-2022 19:00;11.95
8-08-2022 19:15;12.07
8-08-2022 19:30;11.95
8-08-2022 19:45;12.02
8-08-2022 20:00;12.09
8-08-2022 20:15;11.93
8-08-2022 20:30;11.94
8-08-2022 20:45;11.9
8-08-2022 21:00;11.92
8-08-2022 21:15;11.91
8-08-2022 21:30;12.05
8-08-2022 21:45;11.85
8-08-2022 22:00;12.02
8-08-2022 22:15;11.62
8-08-2022 22:30;11.8
8-08-2022 22:45;11.67
8-08-2022 23:00;11.6
8-08-2022 23:15;11.57
8-08-2022 23:30;11.61
8-08-2022 23:45;11.59
9-08-2022 00:00;11.55
9-08-2022 00:15;11.61
9-08-2022 00:30;11.59
9-08-2022 00:45;11.7
9-08-2022 01:00;11.71
9-08-2022 01:15;11.71
9-08-2022 01:30;11.72
9-08-2022 01:45;11.72
9-08-2022 02:00;11.71
9-08-2022 02:15;11.62
9-08-2022 02:30;11.56
9-08-2022 02:45;11.48
9-08-2022 03:00;11.5
9-08-2022 03:15;11.34
9-08-2022 03:30;11.28
9-08-2022 03:45;11.22
9-08-2022 04:00;11.01
9-08-2022 04:15;10.79
9-08-2022 04:30;10.73
9-08-2022 04:45;10.67
9-08-2022 05:00;10.5
9-08-2022 05:15;10.62
9-08-2022 05:30;11.93
9-08-2022 05:45;11.47
9-08-2022 06:00;10.55
9-08-2022 06:15;10.38
9-08-2022 06:30;10.3
9-08-2022 06:45;10.32
9-08-2022 07:00;10.29
9-08-2022 07:15;10.26
9-08-2022 07:30;10.1
9-08-2022 07:45;10.09
9-08-2022 08:00;10.07
9-08-2022 08:15;10.05
9-08-2022 08:30;10.2
9-08-2022 08:45;10.17
9-08-2022 09:00;10.51
9-08-2022 09:15;10.62
9-08-2022 09:30;11.13
9-08-2022 09:45;10.78
9-08-2022 10:00;10.76
9-08-2022 10:15;10.98
9-08-2022 10:30;11.26
9-08-2022 10:45;12.33
9-08-2022 11:00;12.99
9-08-2022 11:15;11.87
9-08-2022 11:30;10.65
9-08-2022 11:45;10.52
9-08-2022 12:00;10.32
9-08-2022 12:15;9.77
9-08-2022 12:30;10.31
9-08-2022 12:45;10.55
9-08-2022 13:00;10.59
9-08-2022 13:15;10.5
9-08-2022 13:30;10.58
9-08-2022 13:45;10.61
9-08-2022 14:00;10.77
9-08-2022 14:15;10.54
9-08-2022 14:30;10.37
9-08-2022 14:45;10.13
9-08-2022 15:00;10.52
9-08-2022 15:15;10.51
9-08-2022 15:30;10.38
9-08-2022 15:45;10.36
9-08-2022 16:00;10.16
9-08-2022 16:15;10.26
9-08-2022 16:30;10.11
9-08-2022 16:45;10.47
9-08-2022 17:00;10.6
9-08-2022 17:15;10.41
9-08-2022 17:30;10.58
9-08-2022 17:45;10.42
9-08-2022 18:00;11.15
9-08-2022 18:15;10.49
9-08-2022 18:30;9.98
9-08-2022 18:45;9.97
9-08-2022 19:00;9.95
9-08-2022 19:15;10.21
9-08-2022 19:30;10.16
9-08-2022 19:45;10.24
9-08-2022 20:00;10.4
9-08-2022 20:15;10.25
9-08-2022 20:30;10.75
9-08-2022 20:45;10.56
9-08-2022 21:00;10.86
9-08-2022 21:15;10.67
9-08-2022 21:30;10.79
9-08-2022 21:45;10.11
9-08-2022 22:00;10.62
9-08-2022 22:15;11.1
9-08-2022 22:30;11.1
9-08-2022 22:45;11.1
9-08-2022 23:00;11.3
9-08-2022 23:15;11.25
9-08-2022 23:30;11.21
9-08-2022 23:45;11.22
10-08-2022 00:00;11.32
10-08-2022 00:15;11.26
10-08-2022 00:30;11.37
10-08-2022 00:45;11.3
10-08-2022 01:00;11.37
10-08-2022 01:15;11.31
10-08-2022 01:30;11.26
10-08-2022 01:45;11.31
10-08-2022 02:00;11.24
10-08-2022 02:15;11.29
10-08-2022 02:30;11.29
10-08-2022 02:45;11.24
10-08-2022 03:00;11.2
10-08-2022 03:15;11.16
10-08-2022 03:30;11.11
10-08-2022 03:45;11.07
10-08-2022 04:00;11.03
10-08-2022 04:15;11.02
10-08-2022 04:30;10.95
10-08-2022 04:45;10.88
10-08-2022 05:00;10.9
10-08-2022 05:15;10.75
10-08-2022 05:30;10.74
10-08-2022 05:45;10.66
10-08-2022 06:00;10.83
10-08-2022 06:15;10.69
10-08-2022 06:30;10.62
10-08-2022 06:45;10.76
10-08-2022 07:00;10.83
10-08-2022 07:15;10.81
10-08-2022 07:30;10.68
10-08-2022 07:45;11.26
10-08-2022 08:00;11.55
10-08-2022 08:15;11.59
10-08-2022 08:30;11.64
10-08-2022 08:45;11.59
10-08-2022 09:00;11.8
10-08-2022 09:15;12.95
10-08-2022 09:30;11.39
10-08-2022 09:45;10.43
10-08-2022 10:00;10.18
10-08-2022 10:15;9.88
10-08-2022 10:30;10.84
10-08-2022 10:45;10.5
10-08-2022 11:00;10.76
10-08-2022 11:15;10.84
10-08-2022 11:30;11.13
10-08-2022 11:45;11.93
10-08-2022 12:00;12.07
10-08-2022 12:15;11.94
10-08-2022 12:30;11.93
10-08-2022 12:45;11.88
10-08-2022 13:00;12.18
10-08-2022 13:15;11.4
10-08-2022 13:30;11.47
10-08-2022 13:45;11.51
10-08-2022 14:00;11.55
10-08-2022 14:15;11.51
10-08-2022 14:30;11.55
10-08-2022 14:45;11.51
10-08-2022 15:00;11.57
10-08-2022 15:15;11.51
10-08-2022 15:30;11.46
10-08-2022 15:45;11.55
10-08-2022 16:00;11.62
10-08-2022 16:15;11.72
10-08-2022 16:30;11.37
10-08-2022 16:45;11.15
10-08-2022 17:00;10.85
10-08-2022 17:15;10.85
10-08-2022 17:30;10.62
10-08-2022 17:45;10.49
10-08-2022 18:00;10.47
10-08-2022 18:15;10.43
10-08-2022 18:30;10.76
10-08-2022 18:45;11.96
10-08-2022 19:00;11.44
10-08-2022 19:15;10.83
10-08-2022 19:30;10.69
10-08-2022 19:45;10.77
10-08-2022 20:00;10.89
10-08-2022 20:15;10.89
10-08-2022 20:30;10.85
10-08-2022 20:45;10.86
10-08-2022 21:00;10.87
10-08-2022 21:15;10.79
10-08-2022 21:30;10.87
10-08-2022 21:45;10.9
10-08-2022 22:00;10.15
10-08-2022 22:15;10.74
10-08-2022 22:30;10.87
10-08-2022 22:45;10.93
10-08-2022 23:00;10.87
10-08-2022 23:15;10.9
10-08-2022 23:30;11.16
10-08-2022 23:45;11.9
11-08-2022 00:00;10.85
11-08-2022 00:15;10.79
11-08-2022 00:30;10.85
11-08-2022 00:45;10.96
11-08-2022 01:00;11.12
11-08-2022 01:15;11.03
11-08-2022 01:30;11.3
11-08-2022 01:45;11.89
11-08-2022 02:00;10.45
11-08-2022 02:15;10.07
11-08-2022 02:30;9.49
11-08-2022 02:45;9.98
11-08-2022 03:00;10.34
11-08-2022 03:15;10.32
11-08-2022 03:30;10.31
11-08-2022 03:45;10.3
11-08-2022 04:00;10.23
11-08-2022 04:15;10.1
11-08-2022 04:30;10.11
11-08-2022 04:45;10.27
11-08-2022 05:00;10.45
11-08-2022 05:15;10.74
11-08-2022 05:30;10.56
11-08-2022 05:45;10.74
11-08-2022 06:00;10.79
11-08-2022 06:15;10.85
11-08-2022 06:30;10.73
11-08-2022 06:45;10.63
11-08-2022 07:00;10.01
11-08-2022 07:15;10.6
11-08-2022 07:30;10.56
11-08-2022 07:45;11.11
11-08-2022 08:00;10.09
11-08-2022 08:15;10.18
11-08-2022 08:30;10.63
11-08-2022 08:45;10.69
11-08-2022 09:00;10.81
11-08-2022 09:15;10.87
11-08-2022 09:30;10.94
11-08-2022 09:45;9.48
11-08-2022 10:00;8.15
11-08-2022 10:15;9.33
11-08-2022 10:30;9.78
11-08-2022 10:45;10.37
11-08-2022 11:00;10.87
11-08-2022 11:15;11.33
11-08-2022 11:30;11.38
11-08-2022 11:45;11.47
11-08-2022 12:00;12.17
11-08-2022 12:15;11.53
11-08-2022 12:30;11.39
11-08-2022 12:45;11.2
11-08-2022 13:00;11.01
11-08-2022 13:15;10.93
11-08-2022 13:30;10.47
11-08-2022 13:45;10.49
11-08-2022 14:00;10.6
11-08-2022 14:15;10.72
11-08-2022 14:30;10.88
11-08-2022 14:45;10.95
11-08-2022 15:00;11.03
11-08-2022 15:15;11.27
11-08-2022 15:30;11.05
11-08-2022 15:45;10.99
11-08-2022 16:00;10.8
11-08-2022 16:15;11.28
11-08-2022 16:30;11.72
11-08-2022 16:45;10.73
11-08-2022 17:00;10.44
11-08-2022 17:15;10.46
11-08-2022 17:30;10.45
11-08-2022 17:45;10.56
11-08-2022 18:00;10.6
11-08-2022 18:15;10.63
11-08-2022 18:30;10.64
11-08-2022 18:45;10.62
11-08-2022 19:00;10.64
11-08-2022 19:15;10.71
11-08-2022 19:30;10.82
11-08-2022 19:45;10.81
11-08-2022 20:00;10.85
11-08-2022 20:15;10.92
11-08-2022 20:30;11.09
11-08-2022 20:45;11.15
11-08-2022 21:00;11.06
11-08-2022 21:15;11.05
11-08-2022 21:30;11.05
11-08-2022 21:45;11.03
11-08-2022 22:00;11
11-08-2022 22:15;10.97
11-08-2022 22:30;10.96
11-08-2022 22:45;11
11-08-2022 23:00;10.92
11-08-2022 23:15;10.96
11-08-2022 23:30;10.9
11-08-2022 23:45;10.95
12-08-2022 00:00;11.72
12-08-2022 00:15;11.52
12-08-2022 00:30;10.97
12-08-2022 00:45;11
12-08-2022 01:00;11.08
12-08-2022 01:15;11.12
12-08-2022 01:30;11.2
12-08-2022 01:45;11.16
12-08-2022 02:00;11.17
12-08-2022 02:15;11.16
12-08-2022 02:30;11.14
12-08-2022 02:45;11.14
12-08-2022 03:00;11.1
12-08-2022 03:15;11.16
12-08-2022 03:30;11.11
12-08-2022 03:45;11.12
12-08-2022 04:00;11.03
12-08-2022 04:15;11.06
12-08-2022 04:30;10.96
12-08-2022 04:45;10.72
12-08-2022 05:00;10.73
12-08-2022 05:15;10.54
12-08-2022 05:30;10.51
12-08-2022 05:45;10.38
12-08-2022 06:00;10.34
12-08-2022 06:15;10.27
12-08-2022 06:30;10.09
12-08-2022 06:45;10.15
12-08-2022 07:00;10.18
12-08-2022 07:15;10.27
12-08-2022 07:30;10.23
12-08-2022 07:45;10.25
12-08-2022 08:00;10.28
12-08-2022 08:15;10.73
12-08-2022 08:30;10.97
12-08-2022 08:45;10.93
12-08-2022 09:00;11.51
12-08-2022 09:15;11.51
12-08-2022 09:30;11.62
12-08-2022 09:45;10.86
12-08-2022 10:00;11.74
12-08-2022 10:15;11.69
12-08-2022 10:30;11.82
12-08-2022 10:45;11.88
12-08-2022 11:00;11.51
12-08-2022 11:15;11.18
12-08-2022 11:30;11.05
12-08-2022 11:45;11.08
12-08-2022 12:00;11.01
12-08-2022 12:15;11.04
12-08-2022 12:30;10.99
12-08-2022 12:45;11.87
12-08-2022 13:00;13.38
12-08-2022 13:15;13.12
12-08-2022 13:30;12.86
12-08-2022 13:45;12.48
12-08-2022 14:00;10.68
12-08-2022 14:15;10.16
12-08-2022 14:30;10.25
12-08-2022 14:45;11.02
12-08-2022 15:00;11.73
12-08-2022 15:15;10.54
12-08-2022 15:30;10.44
12-08-2022 15:45;10.46
12-08-2022 16:00;10.72
12-08-2022 16:15;10.91
12-08-2022 16:30;11.03
12-08-2022 16:45;11.24
12-08-2022 17:00;11.32
12-08-2022 17:15;11.36
12-08-2022 17:30;11.25
12-08-2022 17:45;11.28
12-08-2022 18:00;11.03
12-08-2022 18:15;11.16
12-08-2022 18:30;11.19
12-08-2022 18:45;11.16
12-08-2022 19:00;11.15
12-08-2022 19:15;11.17
12-08-2022 19:30;11.32
12-08-2022 19:45;11.31
12-08-2022 20:00;11.52
12-08-2022 20:15;11.53
12-08-2022 20:30;11.37
12-08-2022 20:45;11.19
12-08-2022 21:00;11.25
12-08-2022 21:15;11.24
12-08-2022 21:30;11.18
12-08-2022 21:45;11.16
12-08-2022 22:00;11.1
12-08-2022 22:15;11.05
12-08-2022 22:30;11.03
12-08-2022 22:45;11.05
12-08-2022 23:00;11.06
12-08-2022 23:15;11.11
12-08-2022 23:30;11.07
12-08-2022 23:45;11.02
13-08-2022 00:00;10.99
13-08-2022 00:15;11.02
13-08-2022 00:30;11.63
13-08-2022 00:45;12.37
13-08-2022 01:00;11.69
13-08-2022 01:15;10.82
13-08-2022 01:30;10.65
13-08-2022 01:45;10.83
13-08-2022 02:00;10.92
13-08-2022 02:15;10.93
13-08-2022 02:30;10.97
13-08-2022 02:45;10.96
13-08-2022 03:00;10.99
13-08-2022 03:15;10.92
13-08-2022 03:30;10.95
13-08-2022 03:45;10.91
13-08-2022 04:00;10.9
13-08-2022 04:15;10.83
13-08-2022 04:30;10.74
13-08-2022 04:45;10.67
13-08-2022 05:00;10.46
13-08-2022 05:15;10.4
13-08-2022 05:30;10.21
13-08-2022 05:45;10.12
13-08-2022 06:00;9.95
13-08-2022 06:15;9.85
13-08-2022 06:30;9.85
13-08-2022 06:45;10.19
13-08-2022 07:00;10.2
13-08-2022 07:15;10.1
13-08-2022 07:30;10.56
13-08-2022 07:45;10.96
13-08-2022 08:00;10.65
13-08-2022 08:15;10.69
13-08-2022 08:30;10.7
13-08-2022 08:45;10.74
13-08-2022 09:00;10.7
13-08-2022 09:15;10.63
13-08-2022 09:30;10.84
13-08-2022 09:45;11.3
13-08-2022 10:00;11.08
13-08-2022 10:15;12.74
13-08-2022 10:30;11.87
13-08-2022 10:45;11.16
13-08-2022 11:00;11.11
13-08-2022 11:15;11.09
13-08-2022 11:30;11.15
13-08-2022 11:45;11.21
13-08-2022 12:00;11.37
13-08-2022 12:15;11.49
13-08-2022 12:30;11.66
13-08-2022 12:45;11.76
13-08-2022 13:00;11.82
13-08-2022 13:15;12.01
13-08-2022 13:30;11.59
13-08-2022 13:45;11.41
13-08-2022 14:00;11.43
13-08-2022 14:15;11.54
13-08-2022 14:30;11.61
13-08-2022 14:45;11.67
13-08-2022 15:00;11.6
13-08-2022 15:15;11.89
13-08-2022 15:30;13.04
13-08-2022 15:45;14.7
13-08-2022 16:00;14.36
13-08-2022 16:15;13.5
13-08-2022 16:30;12.97
13-08-2022 16:45;11.56
13-08-2022 17:00;10.28
13-08-2022 17:15;10.55
13-08-2022 17:30;11.37
13-08-2022 17:45;10.52
13-08-2022 18:00;10.13
13-08-2022 18:15;10.36
13-08-2022 18:30;10.49
13-08-2022 18:45;10.67
13-08-2022 19:00;10.74
13-08-2022 19:15;10.92
13-08-2022 19:30;10.98
13-08-2022 19:45;11.09
13-08-2022 20:00;11.17
13-08-2022 20:15;11.28
13-08-2022 20:30;11.36
13-08-2022 20:45;11.48
13-08-2022 21:00;11.4
13-08-2022 21:15;11.26
13-08-2022 21:30;11.25
13-08-2022 21:45;11.21
13-08-2022 22:00;10.97
13-08-2022 22:15;10.38
13-08-2022 22:30;10.47
13-08-2022 22:45;10.11
13-08-2022 23:00;10.15
13-08-2022 23:15;10.73
13-08-2022 23:30;10.52
13-08-2022 23:45;10.73
14-08-2022 00:00;10.81
14-08-2022 00:15;10.88
14-08-2022 00:30;10.85
14-08-2022 00:45;10.79
14-08-2022 01:00;10.79
14-08-2022 01:15;10.85
14-08-2022 01:30;10.87
14-08-2022 01:45;10.92
14-08-2022 02:00;10.89
14-08-2022 02:15;11.11
14-08-2022 02:30;10.86
14-08-2022 02:45;10.77
14-08-2022 03:00;10.69
14-08-2022 03:15;10.49
14-08-2022 03:30;10.5
14-08-2022 03:45;10.55
14-08-2022 04:00;10.53
14-08-2022 04:15;10.5
14-08-2022 04:30;10.47
14-08-2022 04:45;10.4
14-08-2022 05:00;10.36
14-08-2022 05:15;10.28
14-08-2022 05:30;10.15
14-08-2022 05:45;9.98
14-08-2022 06:00;9.88
14-08-2022 06:15;9.83
14-08-2022 06:30;9.77
14-08-2022 06:45;9.65
14-08-2022 07:00;9.71
14-08-2022 07:15;9.77
14-08-2022 07:30;9.76
14-08-2022 07:45;9.86
14-08-2022 08:00;9.76
14-08-2022 08:15;9.7
14-08-2022 08:30;9.75
14-08-2022 08:45;9.79
14-08-2022 09:00;9.8
14-08-2022 09:15;9.74
14-08-2022 09:30;9.68
14-08-2022 09:45;9.66
14-08-2022 10:00;9.65
14-08-2022 10:15;9.68
14-08-2022 10:30;9.97
14-08-2022 10:45;11.02
14-08-2022 11:00;11.82
14-08-2022 11:15;10.72
14-08-2022 11:30;10.65
14-08-2022 11:45;10.78
14-08-2022 12:00;10.88
14-08-2022 12:15;11.12
14-08-2022 12:30;11.27
14-08-2022 12:45;11.36
14-08-2022 13:00;11.49
14-08-2022 13:15;11.6
14-08-2022 13:30;11.57
14-08-2022 13:45;11.61
14-08-2022 14:00;11.76
14-08-2022 14:15;11.89
14-08-2022 14:30;11.91
14-08-2022 14:45;11.88
14-08-2022 15:00;12.28
14-08-2022 15:15;12.16
14-08-2022 15:30;12.24
14-08-2022 15:45;12.31
14-08-2022 16:00;12.36
14-08-2022 16:15;12.29
14-08-2022 16:30;12.31
14-08-2022 16:45;12.21
14-08-2022 17:00;13.34
14-08-2022 17:15;15.6
14-08-2022 17:30;14.7
14-08-2022 17:45;13.44
14-08-2022 18:00;11.94
14-08-2022 18:15;10.41
14-08-2022 18:30;10.43
14-08-2022 18:45;10.58
14-08-2022 19:00;10.92
14-08-2022 19:15;11.59
14-08-2022 19:30;11.74
14-08-2022 19:45;12.3
14-08-2022 20:00;13.62
14-08-2022 20:15;15.39
14-08-2022 20:30;17.46
14-08-2022 20:45;17.5
14-08-2022 21:00;16.75
14-08-2022 21:15;16.03
14-08-2022 21:30;15.68
14-08-2022 21:45;17.56
14-08-2022 22:00;17.84
14-08-2022 22:15;18.3
14-08-2022 22:30;18.41
14-08-2022 22:45;18.75
14-08-2022 23:00;19.11
14-08-2022 23:15;19.17
14-08-2022 23:30;20.13
14-08-2022 23:45;21.68
15-08-2022 00:00;21.53
15-08-2022 00:15;21.9
15-08-2022 00:30;22.22
15-08-2022 00:45;22.21
15-08-2022 01:00;22.21
15-08-2022 01:15;22.31
15-08-2022 01:30;22.8
15-08-2022 01:45;23.4
15-08-2022 02:00;21.77
15-08-2022 02:15;21.1
15-08-2022 02:30;19.99
15-08-2022 02:45;20.06
15-08-2022 03:00;20.03
15-08-2022 03:15;19.78
15-08-2022 03:30;19.55
15-08-2022 03:45;19.57
15-08-2022 04:00;19.48
15-08-2022 04:15;18.91
15-08-2022 04:30;18.63
15-08-2022 04:45;18.33
15-08-2022 05:00;17.87
15-08-2022 05:15;16.64
15-08-2022 05:30;15.84
15-08-2022 05:45;15.58
15-08-2022 06:00;15.41
15-08-2022 06:15;14.81
15-08-2022 06:30;14.62
15-08-2022 06:45;14.04
15-08-2022 07:00;13.4
15-08-2022 07:15;13.07
15-08-2022 07:30;12.81
15-08-2022 07:45;11.84
15-08-2022 08:00;10.25
15-08-2022 08:15;9.57
15-08-2022 08:30;9.98
15-08-2022 08:45;10.51
15-08-2022 09:00;10.44
15-08-2022 09:15;10.51
15-08-2022 09:30;10.42
15-08-2022 09:45;10.39
15-08-2022 10:00;9.99
15-08-2022 10:15;10.17
15-08-2022 10:30;9.99
15-08-2022 10:45;10.07
15-08-2022 11:00;10.26
15-08-2022 11:15;10.25
15-08-2022 11:30;10.32
15-08-2022 11:45;10.32
15-08-2022 12:00;10.4
15-08-2022 12:15;10.43
15-08-2022 12:30;10.49
15-08-2022 12:45;10.47
15-08-2022 13:00;10.47
15-08-2022 13:15;10.59
15-08-2022 13:30;10.81
15-08-2022 13:45;10.96
15-08-2022 14:00;11.03
15-08-2022 14:15;11.48
15-08-2022 14:30;11.77
15-08-2022 14:45;11.84
15-08-2022 15:00;11.92
15-08-2022 15:15;12.38
15-08-2022 15:30;12.42
15-08-2022 15:45;12.64
15-08-2022 16:00;12.8
15-08-2022 16:15;12.86
15-08-2022 16:30;12.91
15-08-2022 16:45;13.44
15-08-2022 17:00;13.27
15-08-2022 17:15;13.27
15-08-2022 17:30;13.1
15-08-2022 17:45;13.14
15-08-2022 18:00;13.23
15-08-2022 18:15;13.23
15-08-2022 18:30;12.52
15-08-2022 18:45;12.59
15-08-2022 19:00;12.55
15-08-2022 19:15;12.35
15-08-2022 19:30;12.41
15-08-2022 19:45;12.3
15-08-2022 20:00;12.52
15-08-2022 20:15;12.42
15-08-2022 20:30;12.1
15-08-2022 20:45;12.21
15-08-2022 21:00;12.17
15-08-2022 21:15;12.18
15-08-2022 21:30;11.82
15-08-2022 21:45;12.12
15-08-2022 22:00;12.12
15-08-2022 22:15;12.69
15-08-2022 22:30;12.45
15-08-2022 22:45;12.59
15-08-2022 23:00;12.34
15-08-2022 23:15;12.18
15-08-2022 23:30;12.55
15-08-2022 23:45;13.11
16-08-2022 00:00;15.04
16-08-2022 00:15;15.28
16-08-2022 00:30;14.94
16-08-2022 00:45;14.1
16-08-2022 01:00;14.03
16-08-2022 01:15;13.87
16-08-2022 01:30;13.81
16-08-2022 01:45;13.64
16-08-2022 02:00;13.4
16-08-2022 02:15;13.37
16-08-2022 02:30;13.2
16-08-2022 02:45;12.99
16-08-2022 03:00;11.19
16-08-2022 03:15;10.8
16-08-2022 03:30;10.76
16-08-2022 03:45;10.76
16-08-2022 04:00;10.9
16-08-2022 04:15;10.88
16-08-2022 04:30;11
16-08-2022 04:45;10.81
16-08-2022 05:00;10.93
16-08-2022 05:15;10.43
16-08-2022 05:30;10.77
16-08-2022 05:45;11.14
16-08-2022 06:00;11.08
16-08-2022 06:15;11.18
16-08-2022 06:30;11.12
16-08-2022 06:45;11.22
16-08-2022 07:00;10.95
16-08-2022 07:15;10.99
16-08-2022 07:30;10.78
16-08-2022 07:45;10.7
16-08-2022 08:00;10.64
16-08-2022 08:15;10.49
16-08-2022 08:30;10.49
16-08-2022 08:45;10.45
16-08-2022 09:00;10.55
16-08-2022 09:15;10.46
16-08-2022 09:30;10.54
16-08-2022 09:45;10.46
16-08-2022 10:00;10.42
16-08-2022 10:15;10.42
16-08-2022 10:30;10.32
16-08-2022 10:45;10.3
16-08-2022 11:00;10.2
16-08-2022 11:15;10.75
16-08-2022 11:30;10.25
16-08-2022 11:45;10.36
16-08-2022 12:00;10.33
16-08-2022 12:15;10.42
16-08-2022 12:30;10.41
16-08-2022 12:45;10.5
16-08-2022 13:00;10.58
16-08-2022 13:15;10.61
16-08-2022 13:30;10.74
16-08-2022 13:45;10.72
16-08-2022 14:00;10.79
16-08-2022 14:15;10.84
16-08-2022 14:30;10.89
16-08-2022 14:45;10.79
16-08-2022 15:00;10.74
16-08-2022 15:15;11.34
16-08-2022 15:30;13.33
16-08-2022 15:45;11.68
16-08-2022 16:00;11.52
16-08-2022 16:15;11.68
16-08-2022 16:30;12.12
16-08-2022 16:45;12.58
16-08-2022 17:00;12.42
16-08-2022 17:15;13.04
16-08-2022 17:30;16.15
16-08-2022 17:45;18.98
16-08-2022 18:00;19.72
16-08-2022 18:15;18.57
16-08-2022 18:30;16.56
16-08-2022 18:45;16.66
16-08-2022 19:00;17.14
16-08-2022 19:15;20.11
16-08-2022 19:30;23.38
16-08-2022 19:45;28.56
16-08-2022 20:00;33.49
16-08-2022 20:15;37.25
16-08-2022 20:30;43.99
16-08-2022 20:45;46.75
16-08-2022 21:00;46.48
16-08-2022 21:15;46.36
16-08-2022 21:30;45.69
16-08-2022 21:45;45.66
16-08-2022 22:00;45.81
16-08-2022 22:15;46.5
16-08-2022 22:30;46.41
16-08-2022 22:45;46
16-08-2022 23:00;45.86
16-08-2022 23:15;46.09
16-08-2022 23:30;46.04
16-08-2022 23:45;45.91
17-08-2022 00:00;45.62
17-08-2022 00:15;45.6
17-08-2022 00:30;45.34
17-08-2022 00:45;45.08
17-08-2022 01:00;44.74
17-08-2022 01:15;44.39
17-08-2022 01:30;43.99
17-08-2022 01:45;43.62
17-08-2022 02:00;43.26
17-08-2022 02:15;42.84
17-08-2022 02:30;42.64
17-08-2022 02:45;42.01
17-08-2022 03:00;41.39
17-08-2022 03:15;40.58
17-08-2022 03:30;40.29
17-08-2022 03:45;38.64
17-08-2022 04:00;36.38
17-08-2022 04:15;36.29
17-08-2022 04:30;36.15
17-08-2022 04:45;35.64
17-08-2022 05:00;34.99
17-08-2022 05:15;33.82
17-08-2022 05:30;32.77
17-08-2022 05:45;32.19
17-08-2022 06:00;32.76
17-08-2022 06:15;30.59
17-08-2022 06:30;29.22
17-08-2022 06:45;27.84
17-08-2022 07:00;26.68
17-08-2022 07:15;25.3
17-08-2022 07:30;22.82
17-08-2022 07:45;21.15
17-08-2022 08:00;20.66
17-08-2022 08:15;19.77
17-08-2022 08:30;17.91
17-08-2022 08:45;18.42
17-08-2022 09:00;17.44
17-08-2022 09:15;17.51
17-08-2022 09:30;17.35
17-08-2022 09:45;15.95
17-08-2022 10:00;16.27
17-08-2022 10:15;15.52
17-08-2022 10:30;15.58
17-08-2022 10:45;15.4
17-08-2022 11:00;15.44
17-08-2022 11:15;15.16
17-08-2022 11:30;14.94
17-08-2022 11:45;14.75
17-08-2022 12:00;14.83
17-08-2022 12:15;14.8
17-08-2022 12:30;14.93
17-08-2022 12:45;14.88
17-08-2022 13:00;14.98
17-08-2022 13:15;15.34
17-08-2022 13:30;15.35
17-08-2022 13:45;15.51
17-08-2022 14:00;15.63
17-08-2022 14:15;15.92
17-08-2022 14:30;16.3
17-08-2022 14:45;15.36
17-08-2022 15:00;16.38
17-08-2022 15:15;15.07
17-08-2022 15:30;14.5
17-08-2022 15:45;14.67
17-08-2022 16:00;15.01
17-08-2022 16:15;15.03
17-08-2022 16:30;15.28
17-08-2022 16:45;14.64
17-08-2022 17:00;14.65
17-08-2022 17:15;14.44
17-08-2022 17:30;14.63
17-08-2022 17:45;14
17-08-2022 18:00;14.55
17-08-2022 18:15;14.91
17-08-2022 18:30;12.97
17-08-2022 18:45;12.18
17-08-2022 19:00;9.82
17-08-2022 19:15;9.77
17-08-2022 19:30;9.84
17-08-2022 19:45;10.04
17-08-2022 20:00;10.26
17-08-2022 20:15;10.5
17-08-2022 20:30;10.68
17-08-2022 20:45;10.93
17-08-2022 21:00;11.12
17-08-2022 21:15;11.18
17-08-2022 21:30;11.69
17-08-2022 21:45;12.05
17-08-2022 22:00;12.32
17-08-2022 22:15;12.44
17-08-2022 22:30;12.67
17-08-2022 22:45;13.12
17-08-2022 23:00;14.79
17-08-2022 23:15;17.67
17-08-2022 23:30;17.57
17-08-2022 23:45;17.11
18-08-2022 00:00;15.77
18-08-2022 00:15;16.32
18-08-2022 00:30;16.2
18-08-2022 00:45;16.17
18-08-2022 01:00;15.37
18-08-2022 01:15;16.02
18-08-2022 01:30;15.75
18-08-2022 01:45;15.71
18-08-2022 02:00;15.74
18-08-2022 02:15;15.77
18-08-2022 02:30;15.82
18-08-2022 02:45;15.79
18-08-2022 03:00;15.64
18-08-2022 03:15;15.81
18-08-2022 03:30;15.84
18-08-2022 03:45;15.93
18-08-2022 04:00;15.18
18-08-2022 04:15;15.37
18-08-2022 04:30;15.24
18-08-2022 04:45;15.11
18-08-2022 05:00;15.39
18-08-2022 05:15;15.45
18-08-2022 05:30;15.37
18-08-2022 05:45;15.49
18-08-2022 06:00;15.44
18-08-2022 06:15;15.19
18-08-2022 06:30;14.99
18-08-2022 06:45;14.47
18-08-2022 07:00;13.89
18-08-2022 07:15;13.21
18-08-2022 07:30;12.96
18-08-2022 07:45;13.08
18-08-2022 08:00;12.26
18-08-2022 08:15;10.85
18-08-2022 08:30;9.85
18-08-2022 08:45;9.85
18-08-2022 09:00;9.66
18-08-2022 09:15;9.8
18-08-2022 09:30;9.92
18-08-2022 09:45;10.72
18-08-2022 10:00;10.37
18-08-2022 10:15;10.18
18-08-2022 10:30;10.79
18-08-2022 10:45;9.72
18-08-2022 11:00;9.28
18-08-2022 11:15;9.3
18-08-2022 11:30;9.33
18-08-2022 11:45;9.32
18-08-2022 12:00;9.36
18-08-2022 12:15;9.54
18-08-2022 12:30;9.57
18-08-2022 12:45;9.56
18-08-2022 13:00;9.77
18-08-2022 13:15;10.01
18-08-2022 13:30;10.24
18-08-2022 13:45;10.35
18-08-2022 14:00;10.86
18-08-2022 14:15;10.99
18-08-2022 14:30;11.97
18-08-2022 14:45;12.89
18-08-2022 15:00;11.78
18-08-2022 15:15;11.94
18-08-2022 15:30;11.96
18-08-2022 15:45;12.03
18-08-2022 16:00;11.94
18-08-2022 16:15;12.12
18-08-2022 16:30;12.2
18-08-2022 16:45;12.23
18-08-2022 17:00;12.24
18-08-2022 17:15;12.45
18-08-2022 17:30;14.72
18-08-2022 17:45;15.33
18-08-2022 18:00;15.38
18-08-2022 18:15;15.22
18-08-2022 18:30;14.88
18-08-2022 18:45;14.04
18-08-2022 19:00;13.59
18-08-2022 19:15;13.47
18-08-2022 19:30;13.08
18-08-2022 19:45;12.97
18-08-2022 20:00;12.82
18-08-2022 20:15;12.26
18-08-2022 20:30;10.97
18-08-2022 20:45;10.83
18-08-2022 21:00;11.07
18-08-2022 21:15;11.21
18-08-2022 21:30;11.33
18-08-2022 21:45;11.48
18-08-2022 22:00;11.63
18-08-2022 22:15;11.67
18-08-2022 22:30;11.8
18-08-2022 22:45;11.82
18-08-2022 23:00;11.85
18-08-2022 23:15;11.98
18-08-2022 23:30;12
18-08-2022 23:45;12.03
19-08-2022 00:00;12.08
19-08-2022 00:15;12.28
19-08-2022 00:30;12.25
19-08-2022 00:45;12.28
19-08-2022 01:00;12.23
19-08-2022 01:15;12.27
19-08-2022 01:30;12.24
19-08-2022 01:45;12.21
19-08-2022 02:00;12.25
19-08-2022 02:15;12.24
19-08-2022 02:30;12.24
19-08-2022 02:45;12.13
19-08-2022 03:00;12.15
19-08-2022 03:15;12.1
19-08-2022 03:30;12.04
19-08-2022 03:45;11.9
19-08-2022 04:00;11.86
19-08-2022 04:15;11.79
19-08-2022 04:30;11.74
19-08-2022 04:45;11.66
19-08-2022 05:00;11.5
19-08-2022 05:15;11.42
19-08-2022 05:30;11.33
19-08-2022 05:45;11.47
19-08-2022 06:00;11.57
19-08-2022 06:15;11.5
19-08-2022 06:30;11.47
19-08-2022 06:45;11.47
19-08-2022 07:00;11.6
19-08-2022 07:15;11.57
19-08-2022 07:30;11.55
19-08-2022 07:45;11.64
19-08-2022 08:00;12.53
19-08-2022 08:15;11.78
19-08-2022 08:30;10.63
19-08-2022 08:45;10.58
19-08-2022 09:00;10.57
19-08-2022 09:15;10.73
19-08-2022 09:30;10.4
19-08-2022 09:45;10.99
19-08-2022 10:00;13.4
19-08-2022 10:15;11.63
19-08-2022 10:30;11.39
19-08-2022 10:45;10.62
19-08-2022 11:00;10.86
19-08-2022 11:15;10.98
19-08-2022 11:30;11.42
19-08-2022 11:45;11.38
19-08-2022 12:00;11.88
19-08-2022 12:15;12.3
19-08-2022 12:30;12.53
19-08-2022 12:45;13.07
19-08-2022 13:00;14.94
19-08-2022 13:15;15.85
19-08-2022 13:30;15.9
19-08-2022 13:45;15.88
19-08-2022 14:00;15.4
19-08-2022 14:15;13.79
19-08-2022 14:30;13.55
19-08-2022 14:45;13.35
19-08-2022 15:00;13.46
19-08-2022 15:15;13.42
19-08-2022 15:30;13.23
19-08-2022 15:45;13.12
19-08-2022 16:00;13.17
19-08-2022 16:15;13.01
19-08-2022 16:30;12.18
19-08-2022 16:45;11.64
19-08-2022 17:00;10.57
19-08-2022 17:15;10.15
19-08-2022 17:30;10.23
19-08-2022 17:45;10.22
19-08-2022 18:00;10.43
19-08-2022 18:15;10.41
19-08-2022 18:30;10.38
19-08-2022 18:45;10.44
19-08-2022 19:00;10.82
19-08-2022 19:15;11.21
19-08-2022 19:30;11.33
19-08-2022 19:45;11.73
19-08-2022 20:00;13.25
19-08-2022 20:15;15.04
19-08-2022 20:30;14.61
19-08-2022 20:45;14.07
19-08-2022 21:00;14.14
19-08-2022 21:15;13.58
19-08-2022 21:30;12.4
19-08-2022 21:45;11.38
19-08-2022 22:00;9.57
19-08-2022 22:15;9.5
19-08-2022 22:30;9.69
19-08-2022 22:45;10.14
19-08-2022 23:00;10.55
19-08-2022 23:15;10.53
19-08-2022 23:30;11.02
19-08-2022 23:45;11.48
20-08-2022 00:00;11.37
20-08-2022 00:15;11.3
20-08-2022 00:30;11.33
20-08-2022 00:45;11.09
20-08-2022 01:00;11.09
20-08-2022 01:15;11.02
20-08-2022 01:30;11.08
20-08-2022 01:45;11.12
20-08-2022 02:00;11.05
20-08-2022 02:15;11.05
20-08-2022 02:30;11.11
20-08-2022 02:45;11.04
20-08-2022 03:00;11
20-08-2022 03:15;11.3
20-08-2022 03:30;12.6
20-08-2022 03:45;14.13
20-08-2022 04:00;14.41
20-08-2022 04:15;13.38
20-08-2022 04:30;12.79
20-08-2022 04:45;12.11
20-08-2022 05:00;10.67
20-08-2022 05:15;10.03
20-08-2022 05:30;9.66
20-08-2022 05:45;9.9
20-08-2022 06:00;10.02
20-08-2022 06:15;10
20-08-2022 06:30;9.96
20-08-2022 06:45;9.95
20-08-2022 07:00;9.92
20-08-2022 07:15;9.94
20-08-2022 07:30;10.03
20-08-2022 07:45;10.15
20-08-2022 08:00;10.17
20-08-2022 08:15;10.12
20-08-2022 08:30;10.2
20-08-2022 08:45;10.25
20-08-2022 09:00;10.12
20-08-2022 09:15;10.15
20-08-2022 09:30;10.32
20-08-2022 09:45;10.34
20-08-2022 10:00;10.42
20-08-2022 10:15;10.47
20-08-2022 10:30;10.45
20-08-2022 10:45;10.43
20-08-2022 11:00;10.48
20-08-2022 11:15;10.45
20-08-2022 11:30;10.47
20-08-2022 11:45;10.54
20-08-2022 12:00;10.64
20-08-2022 12:15;10.67
20-08-2022 12:30;10.67
20-08-2022 12:45;10.71
20-08-2022 13:00;10.71
20-08-2022 13:15;11.6
20-08-2022 13:30;11.88
20-08-2022 13:45;10.24
20-08-2022 14:00;10.11
20-08-2022 14:15;10.06
20-08-2022 14:30;10.34
20-08-2022 14:45;10.48
20-08-2022 15:00;10.68
20-08-2022 15:15;11.46
20-08-2022 15:30;11.5
20-08-2022 15:45;11.54
20-08-2022 16:00;11.7
20-08-2022 16:15;11.69
20-08-2022 16:30;11.65
20-08-2022 16:45;11.49
20-08-2022 17:00;11.45
20-08-2022 17:15;11.42
20-08-2022 17:30;11.42
20-08-2022 17:45;11.43
20-08-2022 18:00;11.42
20-08-2022 18:15;11.39
20-08-2022 18:30;11.4
20-08-2022 18:45;11.43
20-08-2022 19:00;11.39
20-08-2022 19:15;11.42
20-08-2022 19:30;11.4
20-08-2022 19:45;11.41
20-08-2022 20:00;11.43
20-08-2022 20:15;11.43
20-08-2022 20:30;11.45
20-08-2022 20:45;11.46
20-08-2022 21:00;11.52
20-08-2022 21:15;11.51
20-08-2022 21:30;11.53
20-08-2022 21:45;11.59
20-08-2022 22:00;11.6
20-08-2022 22:15;11.57
20-08-2022 22:30;11.59
20-08-2022 22:45;11.61
20-08-2022 23:00;11.62
20-08-2022 23:15;11.67
20-08-2022 23:30;11.7
20-08-2022 23:45;11.59
21-08-2022 00:00;11.62
21-08-2022 00:15;11.6
21-08-2022 00:30;11.63
21-08-2022 00:45;11.48
21-08-2022 01:00;11.55
21-08-2022 01:15;11.48
21-08-2022 01:30;11.49
21-08-2022 01:45;11.47
21-08-2022 02:00;11.47
21-08-2022 02:15;11.44
21-08-2022 02:30;11.43
21-08-2022 02:45;11.39
21-08-2022 03:00;11.44
21-08-2022 03:15;11.5
21-08-2022 03:30;11.43
21-08-2022 03:45;11.39
21-08-2022 04:00;11.33
21-08-2022 04:15;11.36
21-08-2022 04:30;11.36
21-08-2022 04:45;11.35
21-08-2022 05:00;11.26
21-08-2022 05:15;11.2
21-08-2022 05:30;11.22
21-08-2022 05:45;11.12
21-08-2022 06:00;11.17
21-08-2022 06:15;11.18
21-08-2022 06:30;11.14
21-08-2022 06:45;11.03
21-08-2022 07:00;11.01
21-08-2022 07:15;10.9
21-08-2022 07:30;10.75
21-08-2022 07:45;10.63
21-08-2022 08:00;10.6
21-08-2022 08:15;11.22
21-08-2022 08:30;11.48
21-08-2022 08:45;10.63
21-08-2022 09:00;10.39
21-08-2022 09:15;10.01
21-08-2022 09:30;10.09
21-08-2022 09:45;10.22
21-08-2022 10:00;10.37
21-08-2022 10:15;10.95
21-08-2022 10:30;11.12
21-08-2022 10:45;10.03
21-08-2022 11:00;10
21-08-2022 11:15;10.08
21-08-2022 11:30;10.11
21-08-2022 11:45;10.22
21-08-2022 12:00;10.25
21-08-2022 12:15;10.29
21-08-2022 12:30;10.32
21-08-2022 12:45;10.42
21-08-2022 13:00;10.59
21-08-2022 13:15;10.7
21-08-2022 13:30;10.74
21-08-2022 13:45;10.76
21-08-2022 14:00;10.8
21-08-2022 14:15;11.29
21-08-2022 14:30;11.42
21-08-2022 14:45;11.59
21-08-2022 15:00;11.57
21-08-2022 15:15;12.04
21-08-2022 15:30;13.63
21-08-2022 15:45;13.91
21-08-2022 16:00;13.09
21-08-2022 16:15;12.32
21-08-2022 16:30;11.06
21-08-2022 16:45;10.23
21-08-2022 17:00;10.39
21-08-2022 17:15;10.65
21-08-2022 17:30;10.94
21-08-2022 17:45;11.12
21-08-2022 18:00;11.11
21-08-2022 18:15;11.44
21-08-2022 18:30;11.37
21-08-2022 18:45;11.55
21-08-2022 19:00;11.59
21-08-2022 19:15;11.82
21-08-2022 19:30;11.65
21-08-2022 19:45;11.81
21-08-2022 20:00;11.83
21-08-2022 20:15;11.67
21-08-2022 20:30;11.55
21-08-2022 20:45;12.48
21-08-2022 21:00;13.87
21-08-2022 21:15;13.48
21-08-2022 21:30;13.23
21-08-2022 21:45;12.58
21-08-2022 22:00;10.35
21-08-2022 22:15;9.73
21-08-2022 22:30;9.83
21-08-2022 22:45;10.12
21-08-2022 23:00;10.4
21-08-2022 23:15;10.59
21-08-2022 23:30;10.98
21-08-2022 23:45;11.04
22-08-2022 00:00;11.31
22-08-2022 00:15;11.62
22-08-2022 00:30;11.36
22-08-2022 00:45;11.47
22-08-2022 01:00;11.51
22-08-2022 01:15;11.52
22-08-2022 01:30;11.55
22-08-2022 01:45;11.89
22-08-2022 02:00;12.62
22-08-2022 02:15;12.3
22-08-2022 02:30;11.78
22-08-2022 02:45;10.99
22-08-2022 03:00;11.2
22-08-2022 03:15;11.53
22-08-2022 03:30;11.34
22-08-2022 03:45;10.73
22-08-2022 04:00;11.8
22-08-2022 04:15;11.81
22-08-2022 04:30;10.23
22-08-2022 04:45;10.12
22-08-2022 05:00;10.28
22-08-2022 05:15;10
22-08-2022 05:30;10.01
22-08-2022 05:45;10.03
22-08-2022 06:00;10.15
22-08-2022 06:15;10.66
22-08-2022 06:30;10.62
22-08-2022 06:45;10.77
22-08-2022 07:00;10.77
22-08-2022 07:15;10.7
22-08-2022 07:30;10.69
22-08-2022 07:45;10.62
22-08-2022 08:00;10.58
22-08-2022 08:15;10.55
22-08-2022 08:30;10.52
22-08-2022 08:45;10.45
22-08-2022 09:00;10.46
22-08-2022 09:15;10.5
22-08-2022 09:30;10.51
22-08-2022 09:45;10.52
22-08-2022 10:00;10.64
22-08-2022 10:15;11.36
22-08-2022 10:30;10.8
22-08-2022 10:45;10.55
22-08-2022 11:00;10.56
22-08-2022 11:15;10.65
22-08-2022 11:30;10.78
22-08-2022 11:45;11.03
22-08-2022 12:00;11.14
22-08-2022 12:15;11.25
22-08-2022 12:30;11.29
22-08-2022 12:45;11.25
22-08-2022 13:00;12.14
22-08-2022 13:15;13.09
22-08-2022 13:30;13.06
22-08-2022 13:45;13.1
22-08-2022 14:00;12.95
22-08-2022 14:15;12.83
22-08-2022 14:30;12.76
22-08-2022 14:45;12.68
22-08-2022 15:00;12.52
22-08-2022 15:15;13.81
22-08-2022 15:30;14.39
22-08-2022 15:45;13.59
22-08-2022 16:00;12.25
22-08-2022 16:15;10.21
22-08-2022 16:30;10.13
22-08-2022 16:45;10.38
22-08-2022 17:00;10.54
22-08-2022 17:15;10.72
22-08-2022 17:30;10.87
22-08-2022 17:45;10.98
22-08-2022 18:00;11.01
22-08-2022 18:15;11.22
22-08-2022 18:30;11.35
22-08-2022 18:45;11.27
22-08-2022 19:00;11.19
22-08-2022 19:15;11.24
22-08-2022 19:30;11.3
22-08-2022 19:45;11.22
22-08-2022 20:00;11.31
22-08-2022 20:15;12.3
22-08-2022 20:30;12.03
22-08-2022 20:45;11.41
22-08-2022 21:00;11.16
22-08-2022 21:15;11.08
22-08-2022 21:30;11.13
22-08-2022 21:45;11.07
22-08-2022 22:00;11.2
22-08-2022 22:15;12.06
22-08-2022 22:30;12.07
22-08-2022 22:45;10.59
22-08-2022 23:00;10.67
22-08-2022 23:15;10.82
22-08-2022 23:30;10.93
22-08-2022 23:45;11.08
23-08-2022 00:00;11.17
23-08-2022 00:15;11.23
23-08-2022 00:30;11.37
23-08-2022 00:45;11.49
23-08-2022 01:00;11.5
23-08-2022 01:15;11.54
23-08-2022 01:30;11.58
23-08-2022 01:45;11.57
23-08-2022 02:00;11.59
23-08-2022 02:15;11.58
23-08-2022 02:30;11.53
23-08-2022 02:45;11.66
23-08-2022 03:00;11.52
23-08-2022 03:15;11.47
23-08-2022 03:30;11.41
23-08-2022 03:45;11.35
23-08-2022 04:00;11.26
23-08-2022 04:15;11.43
23-08-2022 04:30;13.68
23-08-2022 04:45;14
23-08-2022 05:00;13.64
23-08-2022 05:15;13.05
23-08-2022 05:30;12.47
23-08-2022 05:45;10.91
23-08-2022 06:00;10.16
23-08-2022 06:15;10.23
23-08-2022 06:30;10.17
23-08-2022 06:45;9.72
23-08-2022 07:00;10.26
23-08-2022 07:15;9.94
23-08-2022 07:30;10.29
23-08-2022 07:45;10.32
23-08-2022 08:00;10.14
23-08-2022 08:15;10.11
23-08-2022 08:30;9.81
23-08-2022 08:45;9.76
23-08-2022 09:00;9.68
23-08-2022 09:15;10
23-08-2022 09:30;10.8
23-08-2022 09:45;9.13
23-08-2022 10:00;9
23-08-2022 10:15;8.79
23-08-2022 10:30;8.9
23-08-2022 10:45;9.36
23-08-2022 11:00;9.93
23-08-2022 11:15;9.73
23-08-2022 11:30;9.88
23-08-2022 11:45;10.24
23-08-2022 12:00;10.21
23-08-2022 12:15;10.36
23-08-2022 12:30;10.35
23-08-2022 12:45;10.37
23-08-2022 13:00;10.4
23-08-2022 13:15;10.37
23-08-2022 13:30;10.41
23-08-2022 13:45;10.44
23-08-2022 14:00;10.39
23-08-2022 14:15;10.46
23-08-2022 14:30;10.81
23-08-2022 14:45;12.74
23-08-2022 15:00;13.3
23-08-2022 15:15;13.04
23-08-2022 15:30;12.69
23-08-2022 15:45;13.75
23-08-2022 16:00;14.97
23-08-2022 16:15;14.69
23-08-2022 16:30;14.35
23-08-2022 16:45;14.22
23-08-2022 17:00;13.98
23-08-2022 17:15;13.84
23-08-2022 17:30;13.91
23-08-2022 17:45;13.87
23-08-2022 18:00;13.88
23-08-2022 18:15;13.93
23-08-2022 18:30;13.89
23-08-2022 18:45;14.53
23-08-2022 19:00;14.51
23-08-2022 19:15;13.31
23-08-2022 19:30;12.96
23-08-2022 19:45;11.22
23-08-2022 20:00;10.89
23-08-2022 20:15;10.87
23-08-2022 20:30;11.12
23-08-2022 20:45;11.21
23-08-2022 21:00;11.21
23-08-2022 21:15;11.22
23-08-2022 21:30;11.14
23-08-2022 21:45;11.25
23-08-2022 22:00;11.19
23-08-2022 22:15;11.29
23-08-2022 22:30;11.29
23-08-2022 22:45;11.4
23-08-2022 23:00;11.41
23-08-2022 23:15;11.57
23-08-2022 23:30;11.77
23-08-2022 23:45;11.8
24-08-2022 00:00;11.84
24-08-2022 00:15;11.81
24-08-2022 00:30;11.84
24-08-2022 00:45;11.8
24-08-2022 01:00;11.83
24-08-2022 01:15;11.85
24-08-2022 01:30;11.87
24-08-2022 01:45;11.83
24-08-2022 02:00;11.77
24-08-2022 02:15;11.69
24-08-2022 02:30;11.64
24-08-2022 02:45;11.58
24-08-2022 03:00;11.57
24-08-2022 03:15;11.45
24-08-2022 03:30;11.45
24-08-2022 03:45;11.3
24-08-2022 04:00;11.35
24-08-2022 04:15;11.21
24-08-2022 04:30;11.1
24-08-2022 04:45;11.15
24-08-2022 05:00;11.03
24-08-2022 05:15;11.13
24-08-2022 05:30;11.1
24-08-2022 05:45;11.23
24-08-2022 06:00;12.13
24-08-2022 06:15;11.87
24-08-2022 06:30;9.11
24-08-2022 06:45;9.46
24-08-2022 07:00;9.78
24-08-2022 07:15;9.88
24-08-2022 07:30;9.86
24-08-2022 07:45;9.88
24-08-2022 08:00;9.86
24-08-2022 08:15;9.82
24-08-2022 08:30;9.79
24-08-2022 08:45;10.55
24-08-2022 09:00;11.1
24-08-2022 09:15;10.5
24-08-2022 09:30;10.21
24-08-2022 09:45;10.2
24-08-2022 10:00;10.6
24-08-2022 10:15;10.35
24-08-2022 10:30;10.74
24-08-2022 10:45;10.82
24-08-2022 11:00;10.93
24-08-2022 11:15;10.98
24-08-2022 11:30;10.85
24-08-2022 11:45;10.95
24-08-2022 12:00;10.96
24-08-2022 12:15;11.08
24-08-2022 12:30;11.01
24-08-2022 12:45;11.02
24-08-2022 13:00;11.06
24-08-2022 13:15;11.14
24-08-2022 13:30;11.25
24-08-2022 13:45;11.28
24-08-2022 14:00;11.55
24-08-2022 14:15;13.85
24-08-2022 14:30;13.38
24-08-2022 14:45;12.93
24-08-2022 15:00;12.88
24-08-2022 15:15;13.21
24-08-2022 15:30;13.98
24-08-2022 15:45;13.98
24-08-2022 16:00;13.98
24-08-2022 16:15;14.11
24-08-2022 16:30;13.96
24-08-2022 16:45;13.92
24-08-2022 17:00;13.32
24-08-2022 17:15;13.53
24-08-2022 17:30;14.18
24-08-2022 17:45;13.95
24-08-2022 18:00;13.77
24-08-2022 18:15;13.64
24-08-2022 18:30;13.51
24-08-2022 18:45;13.52
24-08-2022 19:00;13.28
24-08-2022 19:15;10.95
24-08-2022 19:30;9.85
24-08-2022 19:45;10.18
24-08-2022 20:00;11.13
24-08-2022 20:15;13.43
24-08-2022 20:30;11.83
24-08-2022 20:45;11.02
24-08-2022 21:00;10.51
24-08-2022 21:15;10.58
24-08-2022 21:30;10.67
24-08-2022 21:45;10.6
24-08-2022 22:00;10.97
24-08-2022 22:15;11.3
24-08-2022 22:30;11.36
24-08-2022 22:45;11.4
24-08-2022 23:00;11.42
24-08-2022 23:15;11.43
24-08-2022 23:30;11.43
24-08-2022 23:45;11.5
25-08-2022 00:00;11.36
25-08-2022 00:15;11.48
25-08-2022 00:30;11.26
25-08-2022 00:45;11.17
25-08-2022 01:00;11.02
25-08-2022 01:15;10.9
25-08-2022 01:30;10.97
25-08-2022 01:45;10.96
25-08-2022 02:00;10.69
25-08-2022 02:15;10.65
25-08-2022 02:30;10.67
25-08-2022 02:45;10.53
25-08-2022 03:00;10.56
25-08-2022 03:15;10.44
25-08-2022 03:30;10.43
25-08-2022 03:45;10.37
25-08-2022 04:00;10.31
25-08-2022 04:15;10.37
25-08-2022 04:30;10.32
25-08-2022 04:45;10.35
25-08-2022 05:00;10.26
25-08-2022 05:15;10.15
25-08-2022 05:30;9.8
25-08-2022 05:45;9.7
25-08-2022 06:00;9.92
25-08-2022 06:15;9.8
25-08-2022 06:30;10.41
25-08-2022 06:45;10.53
25-08-2022 07:00;10.07
25-08-2022 07:15;9.78
25-08-2022 07:30;9.39
25-08-2022 07:45;9.39
25-08-2022 08:00;9.67
25-08-2022 08:15;9.82
25-08-2022 08:30;10.25
25-08-2022 08:45;10.31
25-08-2022 09:00;10.06
25-08-2022 09:15;9.96
25-08-2022 09:30;10.03
25-08-2022 09:45;10.09
25-08-2022 10:00;10.19
25-08-2022 10:15;10.15
25-08-2022 10:30;10.16
25-08-2022 10:45;10.27
25-08-2022 11:00;10.57
25-08-2022 11:15;10.58
25-08-2022 11:30;11.04
25-08-2022 11:45;11.03
25-08-2022 12:00;10.46
25-08-2022 12:15;10.23
25-08-2022 12:30;10.47
25-08-2022 12:45;11.24
25-08-2022 13:00;11.98
25-08-2022 13:15;11.77
25-08-2022 13:30;12.59
25-08-2022 13:45;13.27
25-08-2022 14:00;14.88
25-08-2022 14:15;15.01
25-08-2022 14:30;15.51
25-08-2022 14:45;15.41
25-08-2022 15:00;15.59
25-08-2022 15:15;15.56
25-08-2022 15:30;15.47
25-08-2022 15:45;15.22
25-08-2022 16:00;15.31
25-08-2022 16:15;15.41
25-08-2022 16:30;15.2
25-08-2022 16:45;15.15
25-08-2022 17:00;15.11
25-08-2022 17:15;15.01
25-08-2022 17:30;14.38
25-08-2022 17:45;13.73
25-08-2022 18:00;12.96
25-08-2022 18:15;12.57
25-08-2022 18:30;10.95
25-08-2022 18:45;9.94
25-08-2022 19:00;9.15
25-08-2022 19:15;9.84
25-08-2022 19:30;9.9
25-08-2022 19:45;9.94
25-08-2022 20:00;10.19
25-08-2022 20:15;11.82
25-08-2022 20:30;11.25
25-08-2022 20:45;11.31
25-08-2022 21:00;11.29
25-08-2022 21:15;11.35
25-08-2022 21:30;11.2
25-08-2022 21:45;11.3
25-08-2022 22:00;11.31
25-08-2022 22:15;11.31
25-08-2022 22:30;11.35
25-08-2022 22:45;11.31
25-08-2022 23:00;11.46
25-08-2022 23:15;11.32
25-08-2022 23:30;11.43
25-08-2022 23:45;11.48
26-08-2022 00:00;11.46
26-08-2022 00:15;11.57
26-08-2022 00:30;11.52
26-08-2022 00:45;11.51
26-08-2022 01:00;11.48
26-08-2022 01:15;11.54
26-08-2022 01:30;11.51
26-08-2022 01:45;11.49
26-08-2022 02:00;11.41
26-08-2022 02:15;11.47
26-08-2022 02:30;11.33
26-08-2022 02:45;11.22
26-08-2022 03:00;11.35
26-08-2022 03:15;10.96
26-08-2022 03:30;10.8
26-08-2022 03:45;10.7
26-08-2022 04:00;10.69
26-08-2022 04:15;10.54
26-08-2022 04:30;10.44
26-08-2022 04:45;10.04
26-08-2022 05:00;9.68
26-08-2022 05:15;10.04
26-08-2022 05:30;9.97
26-08-2022 05:45;9.95
26-08-2022 06:00;10.15
26-08-2022 06:15;10.1
26-08-2022 06:30;9.99
26-08-2022 06:45;10
26-08-2022 07:00;10.25
26-08-2022 07:15;10.65
26-08-2022 07:30;9.58
26-08-2022 07:45;9.49
26-08-2022 08:00;9.99
26-08-2022 08:15;9.97
26-08-2022 08:30;10.13
26-08-2022 08:45;9.92
26-08-2022 09:00;9.83
26-08-2022 09:15;10.09
26-08-2022 09:30;10.79
26-08-2022 09:45;11.24
26-08-2022 10:00;11.83
26-08-2022 10:15;11.5
26-08-2022 10:30;11.17
26-08-2022 10:45;11.31
26-08-2022 11:00;11.12
26-08-2022 11:15;9.35
26-08-2022 11:30;8.74
26-08-2022 11:45;9
26-08-2022 12:00;9.42
26-08-2022 12:15;9.99
26-08-2022 12:30;9.7
26-08-2022 12:45;9.7
26-08-2022 13:00;9.7
26-08-2022 13:15;11.54
26-08-2022 13:30;13.02
26-08-2022 13:45;14.03
26-08-2022 14:00;14.39
26-08-2022 14:15;14.8
26-08-2022 14:30;14.43
26-08-2022 14:45;14.09
26-08-2022 15:00;13.77
26-08-2022 15:15;13.64
26-08-2022 15:30;13.66
26-08-2022 15:45;14.51
26-08-2022 16:00;13.14
26-08-2022 16:15;12.45
26-08-2022 16:30;12.4
26-08-2022 16:45;12.42
26-08-2022 17:00;12.14
26-08-2022 17:15;11.97
26-08-2022 17:30;12.06
26-08-2022 17:45;11.97
26-08-2022 18:00;11.96
26-08-2022 18:15;12.01
26-08-2022 18:30;11.85
26-08-2022 18:45;11.81
26-08-2022 19:00;10.55
26-08-2022 19:15;9.55
26-08-2022 19:30;9.52
26-08-2022 19:45;9.75
26-08-2022 20:00;9.93
26-08-2022 20:15;10.15
26-08-2022 20:30;10.24
26-08-2022 20:45;10.35
26-08-2022 21:00;10.51
26-08-2022 21:15;10.98
26-08-2022 21:30;11.46
26-08-2022 21:45;11.6
26-08-2022 22:00;11.89
26-08-2022 22:15;11.76
26-08-2022 22:30;12.27
26-08-2022 22:45;11.98
26-08-2022 23:00;12.24
26-08-2022 23:15;12.23
26-08-2022 23:30;13.63
26-08-2022 23:45;12.81
27-08-2022 00:00;13.73
27-08-2022 00:15;13.42
27-08-2022 00:30;13.31
27-08-2022 00:45;13.27
27-08-2022 01:00;13.22
27-08-2022 01:15;13.17
27-08-2022 01:30;13.12
27-08-2022 01:45;12.97
27-08-2022 02:00;10.97
27-08-2022 02:15;10.14
27-08-2022 02:30;10.18
27-08-2022 02:45;10.33
27-08-2022 03:00;10.27
27-08-2022 03:15;10.79
27-08-2022 03:30;10.51
27-08-2022 03:45;12.32
27-08-2022 04:00;12.76
27-08-2022 04:15;12.5
27-08-2022 04:30;12.22
27-08-2022 04:45;12
27-08-2022 05:00;11.93
27-08-2022 05:15;11.85
27-08-2022 05:30;11.86
27-08-2022 05:45;11.75
27-08-2022 06:00;10.96
27-08-2022 06:15;9.55
27-08-2022 06:30;9.3
27-08-2022 06:45;9.27
27-08-2022 07:00;9.23
27-08-2022 07:15;9.18
27-08-2022 07:30;9.05
27-08-2022 07:45;8.95
27-08-2022 08:00;9.06
27-08-2022 08:15;8.99
27-08-2022 08:30;9.14
27-08-2022 08:45;9.11
27-08-2022 09:00;9.09
27-08-2022 09:15;9.2
27-08-2022 09:30;9.02
27-08-2022 09:45;9.22
27-08-2022 10:00;9.04
27-08-2022 10:15;9.13
27-08-2022 10:30;9.12
27-08-2022 10:45;9.18
27-08-2022 11:00;9.07
27-08-2022 11:15;9.12
27-08-2022 11:30;9.34
27-08-2022 11:45;9.58
27-08-2022 12:00;10.21
27-08-2022 12:15;10.06
27-08-2022 12:30;10.86
27-08-2022 12:45;10.6
27-08-2022 13:00;10.77
27-08-2022 13:15;11.96
27-08-2022 13:30;12.27
27-08-2022 13:45;12.59
27-08-2022 14:00;12.35
27-08-2022 14:15;13
27-08-2022 14:30;12.79
27-08-2022 14:45;13.04
27-08-2022 15:00;12.6
27-08-2022 15:15;12.79
27-08-2022 15:30;12.72
27-08-2022 15:45;12.84
27-08-2022 16:00;12.99
27-08-2022 16:15;13
27-08-2022 16:30;12.95
27-08-2022 16:45;12.97
27-08-2022 17:00;12.94
27-08-2022 17:15;12.95
27-08-2022 17:30;13
27-08-2022 17:45;13.08
27-08-2022 18:00;12.98
27-08-2022 18:15;12.91
27-08-2022 18:30;12.9
27-08-2022 18:45;12.65
27-08-2022 19:00;12.32
27-08-2022 19:15;12.22
27-08-2022 19:30;12.3
27-08-2022 19:45;12.23
27-08-2022 20:00;12.34
27-08-2022 20:15;12.25
27-08-2022 20:30;12.42
27-08-2022 20:45;12.02
27-08-2022 21:00;12.38
27-08-2022 21:15;11.95
27-08-2022 21:30;12.54
27-08-2022 21:45;12.25
27-08-2022 22:00;12.41
27-08-2022 22:15;13.55
27-08-2022 22:30;13.73
27-08-2022 22:45;13.38
27-08-2022 23:00;13.36
27-08-2022 23:15;12.37
27-08-2022 23:30;11.77
27-08-2022 23:45;11.84
28-08-2022 00:00;12.06
28-08-2022 00:15;12.15
28-08-2022 00:30;12.57
28-08-2022 00:45;12.2
28-08-2022 01:00;12.54
28-08-2022 01:15;12.35
28-08-2022 01:30;12.5
28-08-2022 01:45;12.5
28-08-2022 02:00;12.4
28-08-2022 02:15;12.38
28-08-2022 02:30;12.51
28-08-2022 02:45;12.42
28-08-2022 03:00;12.36
28-08-2022 03:15;13.77
28-08-2022 03:30;14.77
28-08-2022 03:45;14.57
28-08-2022 04:00;14.05
28-08-2022 04:15;12.92
28-08-2022 04:30;10.28
28-08-2022 04:45;9.49
28-08-2022 05:00;9.75
28-08-2022 05:15;9.84
28-08-2022 05:30;10.1
28-08-2022 05:45;9.94
28-08-2022 06:00;10.18
28-08-2022 06:15;10.22
28-08-2022 06:30;10.3
28-08-2022 06:45;10.3
28-08-2022 07:00;10.29
28-08-2022 07:15;10.27
28-08-2022 07:30;10.23
28-08-2022 07:45;10.4
28-08-2022 08:00;10.32
28-08-2022 08:15;11.15
28-08-2022 08:30;11.07
28-08-2022 08:45;10.06
28-08-2022 09:00;9.73
28-08-2022 09:15;9.89
28-08-2022 09:30;10.35
28-08-2022 09:45;10.36
28-08-2022 10:00;10.48
28-08-2022 10:15;10.38
28-08-2022 10:30;10.63
28-08-2022 10:45;10.54
28-08-2022 11:00;10.62
28-08-2022 11:15;10.59
28-08-2022 11:30;10.57
28-08-2022 11:45;10.57
28-08-2022 12:00;10.61
28-08-2022 12:15;10.55
28-08-2022 12:30;10.63
28-08-2022 12:45;11.01
28-08-2022 13:00;11.41
28-08-2022 13:15;11.63
28-08-2022 13:30;11.94
28-08-2022 13:45;12
28-08-2022 14:00;12.17
28-08-2022 14:15;12.21
28-08-2022 14:30;12.35
28-08-2022 14:45;12.26
28-08-2022 15:00;12.32
28-08-2022 15:15;12.45
28-08-2022 15:30;12.22
28-08-2022 15:45;12.36
28-08-2022 16:00;12.35
28-08-2022 16:15;12.35
28-08-2022 16:30;12.44
28-08-2022 16:45;12.36
28-08-2022 17:00;12.47
28-08-2022 17:15;12.7
28-08-2022 17:30;12.81
28-08-2022 17:45;12.54
28-08-2022 18:00;12.64
28-08-2022 18:15;12.61
28-08-2022 18:30;12.59
28-08-2022 18:45;12.54
28-08-2022 19:00;12.48
28-08-2022 19:15;12.34
28-08-2022 19:30;12.45
28-08-2022 19:45;12.55
28-08-2022 20:00;12.52
28-08-2022 20:15;12.65
28-08-2022 20:30;12.61
28-08-2022 20:45;12.91
28-08-2022 21:00;12.91
28-08-2022 21:15;12.87
28-08-2022 21:30;12.94
28-08-2022 21:45;13.06
28-08-2022 22:00;13.09
28-08-2022 22:15;14.05
28-08-2022 22:30;14.1
28-08-2022 22:45;15.22
28-08-2022 23:00;14.83
28-08-2022 23:15;14.86
28-08-2022 23:30;14.82
28-08-2022 23:45;14.81
29-08-2022 00:00;15.53
29-08-2022 00:15;16.08
29-08-2022 00:30;16.36
29-08-2022 00:45;16.22
29-08-2022 01:00;16.21
29-08-2022 01:15;15.8
29-08-2022 01:30;15.4
29-08-2022 01:45;15.5
29-08-2022 02:00;14.88
29-08-2022 02:15;14.67
29-08-2022 02:30;14.61
29-08-2022 02:45;14.34
29-08-2022 03:00;14.08
29-08-2022 03:15;13.73
29-08-2022 03:30;13.47
29-08-2022 03:45;12.28
29-08-2022 04:00;10.5
29-08-2022 04:15;10.47
29-08-2022 04:30;10.73
29-08-2022 04:45;11.64
29-08-2022 05:00;10.73
29-08-2022 05:15;10.44
29-08-2022 05:30;10.25
29-08-2022 05:45;10.15
29-08-2022 06:00;10.2
29-08-2022 06:15;10.04
29-08-2022 06:30;10.05
29-08-2022 06:45;10.01
29-08-2022 07:00;10.06
29-08-2022 07:15;10.18
29-08-2022 07:30;10.15
29-08-2022 07:45;10.29
29-08-2022 08:00;10.28
29-08-2022 08:15;10.48
29-08-2022 08:30;10.86
29-08-2022 08:45;10.86
29-08-2022 09:00;10.95
29-08-2022 09:15;11.21
29-08-2022 09:30;11.51
29-08-2022 09:45;12.62
29-08-2022 10:00;11.36
29-08-2022 10:15;10.02
29-08-2022 10:30;10.26
29-08-2022 10:45;10.25
29-08-2022 11:00;10.39
29-08-2022 11:15;10.54
29-08-2022 11:30;10.79
29-08-2022 11:45;11.23
29-08-2022 12:00;11.39
29-08-2022 12:15;11.72
29-08-2022 12:30;11.86
29-08-2022 12:45;11.98
29-08-2022 13:00;12.1
29-08-2022 13:15;12.1
29-08-2022 13:30;12.27
29-08-2022 13:45;12.51
29-08-2022 14:00;12.62
29-08-2022 14:15;12.57
29-08-2022 14:30;13.33
29-08-2022 14:45;14.53
29-08-2022 15:00;16.84
29-08-2022 15:15;17.03
29-08-2022 15:30;16.79
29-08-2022 15:45;16.7
29-08-2022 16:00;15.93
29-08-2022 16:15;15.46
29-08-2022 16:30;15.76
29-08-2022 16:45;15.82
29-08-2022 17:00;15.55
29-08-2022 17:15;15.52
29-08-2022 17:30;15.4
29-08-2022 17:45;15.41
29-08-2022 18:00;15.22
29-08-2022 18:15;15.11
29-08-2022 18:30;15.15
29-08-2022 18:45;15.14
29-08-2022 19:00;15.05
29-08-2022 19:15;14.84
29-08-2022 19:30;14.41
29-08-2022 19:45;12.72
29-08-2022 20:00;11.56
29-08-2022 20:15;11.28
29-08-2022 20:30;11.45
29-08-2022 20:45;11.76
29-08-2022 21:00;11.96
29-08-2022 21:15;12.33
29-08-2022 21:30;12.44
29-08-2022 21:45;12.51
29-08-2022 22:00;12.52
29-08-2022 22:15;12.74
29-08-2022 22:30;13.38
29-08-2022 22:45;13.6
29-08-2022 23:00;13.77
29-08-2022 23:15;13.7
29-08-2022 23:30;13.96
29-08-2022 23:45;14.08
30-08-2022 00:00;14.21
30-08-2022 00:15;14.17
30-08-2022 00:30;14.16
30-08-2022 00:45;14.19
30-08-2022 01:00;14.2
30-08-2022 01:15;14.29
30-08-2022 01:30;14.19
30-08-2022 01:45;14.16
30-08-2022 02:00;14.06
30-08-2022 02:15;14
30-08-2022 02:30;13.91
30-08-2022 02:45;13.73
30-08-2022 03:00;13.6
30-08-2022 03:15;13.47
30-08-2022 03:30;13.35
30-08-2022 03:45;13.5
30-08-2022 04:00;14.64
30-08-2022 04:15;15.02
30-08-2022 04:30;15.91
30-08-2022 04:45;15.47
30-08-2022 05:00;15.95
30-08-2022 05:15;15.63
30-08-2022 05:30;15.2
30-08-2022 05:45;15.01
30-08-2022 06:00;14.36
30-08-2022 06:15;14.18
30-08-2022 06:30;13.88
30-08-2022 06:45;14.04
30-08-2022 07:00;14.25
30-08-2022 07:15;14.59
30-08-2022 07:30;15.02
30-08-2022 07:45;15.45
30-08-2022 08:00;15.67
30-08-2022 08:15;16.32
30-08-2022 08:30;16.86
30-08-2022 08:45;17.12
30-08-2022 09:00;18.15
30-08-2022 09:15;18.74
30-08-2022 09:30;18.27
30-08-2022 09:45;17.99
30-08-2022 10:00;18.22
30-08-2022 10:15;18.99
30-08-2022 10:30;18.85
30-08-2022 10:45;19.05
30-08-2022 11:00;19.02
30-08-2022 11:15;19.14
30-08-2022 11:30;19.18
30-08-2022 11:45;19.09
30-08-2022 12:00;18.93
30-08-2022 12:15;18.78
30-08-2022 12:30;18.82
30-08-2022 12:45;18.76
30-08-2022 13:00;18.58
30-08-2022 13:15;18.64
30-08-2022 13:30;18.37
30-08-2022 13:45;18.38
30-08-2022 14:00;18.32
30-08-2022 14:15;18.99
30-08-2022 14:30;18.28
30-08-2022 14:45;17.77
30-08-2022 15:00;18.15
30-08-2022 15:15;17.85
30-08-2022 15:30;18.23
30-08-2022 15:45;18.01
30-08-2022 16:00;18.07
30-08-2022 16:15;17.46
30-08-2022 16:30;17.56
30-08-2022 16:45;17.43
30-08-2022 17:00;17.11
30-08-2022 17:15;17.09
30-08-2022 17:30;16.71
30-08-2022 17:45;16.74
30-08-2022 18:00;16.47
30-08-2022 18:15;16.28
30-08-2022 18:30;15.84
30-08-2022 18:45;15.74
30-08-2022 19:00;15.47
30-08-2022 19:15;15.65
30-08-2022 19:30;16.6
30-08-2022 19:45;15.08
30-08-2022 20:00;14.91
30-08-2022 20:15;14.18
30-08-2022 20:30;13.75
30-08-2022 20:45;13.61
30-08-2022 21:00;13.52
30-08-2022 21:15;13.42
30-08-2022 21:30;13.29
30-08-2022 21:45;13.46
30-08-2022 22:00;13.46
30-08-2022 22:15;13.57
30-08-2022 22:30;13.55
30-08-2022 22:45;13.59
30-08-2022 23:00;13.58
30-08-2022 23:15;13.6
30-08-2022 23:30;13.78
30-08-2022 23:45;13.68
31-08-2022 00:00;13.78
31-08-2022 00:15;13.87
31-08-2022 00:30;13.86
31-08-2022 00:45;13.86
31-08-2022 01:00;13.93
31-08-2022 01:15;13.86
31-08-2022 01:30;14.21
31-08-2022 01:45;13.97
31-08-2022 02:00;13.04
31-08-2022 02:15;11.38
31-08-2022 02:30;11.21
31-08-2022 02:45;11.37
31-08-2022 03:00;11.62
31-08-2022 03:15;11.61
31-08-2022 03:30;11.76
31-08-2022 03:45;11.76
31-08-2022 04:00;11.57
31-08-2022 04:15;11.6
31-08-2022 04:30;11.76
31-08-2022 04:45;11.71
31-08-2022 05:00;11.56
31-08-2022 05:15;11.6
31-08-2022 05:30;11.55
31-08-2022 05:45;11.65
31-08-2022 06:00;11.46
31-08-2022 06:15;11.52
31-08-2022 06:30;11.61
31-08-2022 06:45;11.68
31-08-2022 07:00;11.63
31-08-2022 07:15;11.42
31-08-2022 07:30;11.39
31-08-2022 07:45;11.36
31-08-2022 08:00;11.3
31-08-2022 08:15;11.24
31-08-2022 08:30;11.43
31-08-2022 08:45;11.29
31-08-2022 09:00;11.27
31-08-2022 09:15;11.27
31-08-2022 09:30;11.33
31-08-2022 09:45;11.18
31-08-2022 10:00;11.2
31-08-2022 10:15;10.91
31-08-2022 10:30;10.28
31-08-2022 10:45;11.17
31-08-2022 11:00;10.86
31-08-2022 11:15;11.02
31-08-2022 11:30;11.02
31-08-2022 11:45;11.99
31-08-2022 12:00;11.94
31-08-2022 12:15;11.89
31-08-2022 12:30;12.06
31-08-2022 12:45;11.85
31-08-2022 13:00;12.77
31-08-2022 13:15;12.56
31-08-2022 13:30;12.8
31-08-2022 13:45;12.72
31-08-2022 14:00;12.89
31-08-2022 14:15;12.9
31-08-2022 14:30;13.02
31-08-2022 14:45;13.32
31-08-2022 15:00;14.89
31-08-2022 15:15;13.61
31-08-2022 15:30;13.23
31-08-2022 15:45;12.74
31-08-2022 16:00;12.46
31-08-2022 16:15;12.56
31-08-2022 16:30;12.27
31-08-2022 16:45;12.25
31-08-2022 17:00;12.52
31-08-2022 17:15;12.43
31-08-2022 17:30;12.56
31-08-2022 17:45;12.48
31-08-2022 18:00;12.59
31-08-2022 18:15;12.61
31-08-2022 18:30;12.69
31-08-2022 18:45;12.72
31-08-2022 19:00;12.44
31-08-2022 19:15;13.13
31-08-2022 19:30;12.79
31-08-2022 19:45;13.05
31-08-2022 20:00;12.71
31-08-2022 20:15;13.36
31-08-2022 20:30;12.78
31-08-2022 20:45;13.28
31-08-2022 21:00;13.33
31-08-2022 21:15;12.89
31-08-2022 21:30;13.37
31-08-2022 21:45;13.41
31-08-2022 22:00;13.57
31-08-2022 22:15;12.09
31-08-2022 22:30;12.25
31-08-2022 22:45;12.73
31-08-2022 23:00;12.36
31-08-2022 23:15;12.85
31-08-2022 23:30;13.63
31-08-2022 23:45;13.11
1-09-2022 00:00;12.97
1-09-2022 00:15;13.79
1-09-2022 00:30;13.19
1-09-2022 00:45;13.51
1-09-2022 01:00;13.31
1-09-2022 01:15;13.61
1-09-2022 01:30;13.53
1-09-2022 01:45;13.44
1-09-2022 02:00;13.33
1-09-2022 02:15;13.22
1-09-2022 02:30;13.2
1-09-2022 02:45;12.99
1-09-2022 03:00;12.92
1-09-2022 03:15;12.68
1-09-2022 03:30;12.61
1-09-2022 03:45;12.39
1-09-2022 04:00;12.27
1-09-2022 04:15;12.09
1-09-2022 04:30;11.73
1-09-2022 04:45;11.36
1-09-2022 05:00;11.11
1-09-2022 05:15;11.19
1-09-2022 05:30;11.74
1-09-2022 05:45;11.69
1-09-2022 06:00;11.61
1-09-2022 06:15;11.51
1-09-2022 06:30;11.3
1-09-2022 06:45;11.07
1-09-2022 07:00;11.01
1-09-2022 07:15;10.72
1-09-2022 07:30;10.18
1-09-2022 07:45;10.31
1-09-2022 08:00;10.32
1-09-2022 08:15;10.36
1-09-2022 08:30;10.08
1-09-2022 08:45;10.05
1-09-2022 09:00;10.06
1-09-2022 09:15;10.15
1-09-2022 09:30;10.1
1-09-2022 09:45;10.15
1-09-2022 10:00;9.98
1-09-2022 10:15;10.02
1-09-2022 10:30;10.1
1-09-2022 10:45;10.13
1-09-2022 11:00;10.35
1-09-2022 11:15;9.69
1-09-2022 11:30;7.91
1-09-2022 11:45;7.98
1-09-2022 12:00;9.24
1-09-2022 12:15;11.87
1-09-2022 12:30;11.98
1-09-2022 12:45;12.82
1-09-2022 13:00;13.09
1-09-2022 13:15;13.13
1-09-2022 13:30;13.68
1-09-2022 13:45;15.31
1-09-2022 14:00;15.67
1-09-2022 14:15;17.08
1-09-2022 14:30;16.81
1-09-2022 14:45;16.15
1-09-2022 15:00;15.47
1-09-2022 15:15;14.35
1-09-2022 15:30;14.95
1-09-2022 15:45;15.68
1-09-2022 16:00;15.75
1-09-2022 16:15;16
1-09-2022 16:30;16.95
1-09-2022 16:45;16.69
1-09-2022 17:00;16.65
1-09-2022 17:15;16.53
1-09-2022 17:30;16.58
1-09-2022 17:45;16.52
1-09-2022 18:00;16.43
1-09-2022 18:15;16.2
1-09-2022 18:30;16.25
1-09-2022 18:45;15.54
1-09-2022 19:00;16.25
1-09-2022 19:15;15.92
1-09-2022 19:30;16.41
1-09-2022 19:45;16.43
1-09-2022 20:00;15.98
1-09-2022 20:15;16.43
1-09-2022 20:30;15.9
1-09-2022 20:45;15.94
1-09-2022 21:00;16
1-09-2022 21:15;15.84
1-09-2022 21:30;15.73
1-09-2022 21:45;15.52
1-09-2022 22:00;15.29
1-09-2022 22:15;15.54
1-09-2022 22:30;15.04
1-09-2022 22:45;15.59
1-09-2022 23:00;16.25
1-09-2022 23:15;15.36
1-09-2022 23:30;14.33
1-09-2022 23:45;14.55
2-09-2022 00:00;14.55
2-09-2022 00:15;14.72
2-09-2022 00:30;14.71
2-09-2022 00:45;14.53
2-09-2022 01:00;14.44
2-09-2022 01:15;14.65
2-09-2022 01:30;14.71
2-09-2022 01:45;14.54
2-09-2022 02:00;14.3
2-09-2022 02:15;14.2
2-09-2022 02:30;15.27
2-09-2022 02:45;14.34
2-09-2022 03:00;13.87
2-09-2022 03:15;13.72
2-09-2022 03:30;13.47
2-09-2022 03:45;13.28
2-09-2022 04:00;12.7
2-09-2022 04:15;11.23
2-09-2022 04:30;11.19
2-09-2022 04:45;11.15
2-09-2022 05:00;11.15
2-09-2022 05:15;11.49
2-09-2022 05:30;11.26
2-09-2022 05:45;11.48
2-09-2022 06:00;11.58
2-09-2022 06:15;11.44
2-09-2022 06:30;11.53
2-09-2022 06:45;11.37
2-09-2022 07:00;11.41
2-09-2022 07:15;11.25
2-09-2022 07:30;12.53
2-09-2022 07:45;10.68
2-09-2022 08:00;10.74
2-09-2022 08:15;10.62
2-09-2022 08:30;11.11
2-09-2022 08:45;11.26
2-09-2022 09:00;11.14
2-09-2022 09:15;11.77
2-09-2022 09:30;12.39
2-09-2022 09:45;12.74
2-09-2022 10:00;13.81
2-09-2022 10:15;14.75
2-09-2022 10:30;13.61
2-09-2022 10:45;16.18
2-09-2022 11:00;18.12
2-09-2022 11:15;18.68
2-09-2022 11:30;18.01
2-09-2022 11:45;17.08
2-09-2022 12:00;17.02
2-09-2022 12:15;16.91
2-09-2022 12:30;16.75
2-09-2022 12:45;16.68
2-09-2022 13:00;16.33
2-09-2022 13:15;16.33
2-09-2022 13:30;16.6
2-09-2022 13:45;16.61
2-09-2022 14:00;16.59
2-09-2022 14:15;16.92
2-09-2022 14:30;16.98
2-09-2022 14:45;16.98
2-09-2022 15:00;16.81
2-09-2022 15:15;17.2
2-09-2022 15:30;17.04
2-09-2022 15:45;17.13
2-09-2022 16:00;17.03
2-09-2022 16:15;16.93
2-09-2022 16:30;16.78
2-09-2022 16:45;15.84
2-09-2022 17:00;15.68
2-09-2022 17:15;15.32
2-09-2022 17:30;15.1
2-09-2022 17:45;14.74
2-09-2022 18:00;14.7
2-09-2022 18:15;14.05
2-09-2022 18:30;14.03
2-09-2022 18:45;13.88
2-09-2022 19:00;13.22
2-09-2022 19:15;13.27
2-09-2022 19:30;13.23
2-09-2022 19:45;12.71
2-09-2022 20:00;10.69
2-09-2022 20:15;10.06
2-09-2022 20:30;10
2-09-2022 20:45;10.33
2-09-2022 21:00;10.74
2-09-2022 21:15;10.9
2-09-2022 21:30;11.32
2-09-2022 21:45;13.15
2-09-2022 22:00;14.45
2-09-2022 22:15;14.08
2-09-2022 22:30;13.87
2-09-2022 22:45;13.82
2-09-2022 23:00;13.76
2-09-2022 23:15;13.53
2-09-2022 23:30;13.47
2-09-2022 23:45;13.26
3-09-2022 00:00;13.23
3-09-2022 00:15;13.17
3-09-2022 00:30;13.02
3-09-2022 00:45;12.98
3-09-2022 01:00;12.92
3-09-2022 01:15;12.9
3-09-2022 01:30;12.82
3-09-2022 01:45;12.74
3-09-2022 02:00;12.61
3-09-2022 02:15;12.46
3-09-2022 02:30;12.42
3-09-2022 02:45;12.68
3-09-2022 03:00;12.74
3-09-2022 03:15;11.24
3-09-2022 03:30;9.35
3-09-2022 03:45;9.34
3-09-2022 04:00;9.54
3-09-2022 04:15;9.91
3-09-2022 04:30;9.66
3-09-2022 04:45;9.57
3-09-2022 05:00;9.63
3-09-2022 05:15;10.67
3-09-2022 05:30;11.34
3-09-2022 05:45;11.68
3-09-2022 06:00;11.7
3-09-2022 06:15;11.61
3-09-2022 06:30;11.48
3-09-2022 06:45;11.37
3-09-2022 07:00;11.33
3-09-2022 07:15;11.16
3-09-2022 07:30;11.06
3-09-2022 07:45;10.85
3-09-2022 08:00;11.16
3-09-2022 08:15;10.94
3-09-2022 08:30;9.94
3-09-2022 08:45;9.97
3-09-2022 09:00;9.93
3-09-2022 09:15;9.99
3-09-2022 09:30;9.87
3-09-2022 09:45;9.89
3-09-2022 10:00;9.77
3-09-2022 10:15;9.63
3-09-2022 10:30;9.55
3-09-2022 10:45;9.65
3-09-2022 11:00;9.63
3-09-2022 11:15;9.74
3-09-2022 11:30;9.85
3-09-2022 11:45;9.84
3-09-2022 12:00;10.02
3-09-2022 12:15;10.75
3-09-2022 12:30;11.26
3-09-2022 12:45;11.36
3-09-2022 13:00;11.73
3-09-2022 13:15;11.67
3-09-2022 13:30;11.74
3-09-2022 13:45;11.84
3-09-2022 14:00;11.84
3-09-2022 14:15;12.66
3-09-2022 14:30;13.02
3-09-2022 14:45;13.94
3-09-2022 15:00;13.86
3-09-2022 15:15;14.74
3-09-2022 15:30;14.99
3-09-2022 15:45;15.07
3-09-2022 16:00;15.23
3-09-2022 16:15;15.42
3-09-2022 16:30;15.36
3-09-2022 16:45;15.11
3-09-2022 17:00;15
3-09-2022 17:15;14.7
3-09-2022 17:30;14.32
3-09-2022 17:45;14.06
3-09-2022 18:00;13.82
3-09-2022 18:15;13.58
3-09-2022 18:30;13.4
3-09-2022 18:45;13.43
3-09-2022 19:00;13.5
3-09-2022 19:15;13.28
3-09-2022 19:30;13.18
3-09-2022 19:45;13.24
3-09-2022 20:00;12.03
3-09-2022 20:15;10.5
3-09-2022 20:30;11.44
3-09-2022 20:45;12.61
3-09-2022 21:00;12.04
3-09-2022 21:15;12.07
3-09-2022 21:30;11.95
3-09-2022 21:45;12.32
3-09-2022 22:00;12.44
3-09-2022 22:15;12.67
3-09-2022 22:30;12.81
3-09-2022 22:45;12.87
3-09-2022 23:00;12.94
3-09-2022 23:15;12.92
3-09-2022 23:30;12.98
3-09-2022 23:45;13.02
4-09-2022 00:00;13.09
4-09-2022 00:15;13.06
4-09-2022 00:30;13.03
4-09-2022 00:45;13.06
4-09-2022 01:00;13.11
4-09-2022 01:15;13.01
4-09-2022 01:30;12.96
4-09-2022 01:45;13.02
4-09-2022 02:00;12.97
4-09-2022 02:15;12.91
4-09-2022 02:30;12.96
4-09-2022 02:45;12.73
4-09-2022 03:00;12.73
4-09-2022 03:15;12.57
4-09-2022 03:30;12.5
4-09-2022 03:45;12.24
4-09-2022 04:00;12.17
4-09-2022 04:15;12.1
4-09-2022 04:30;11.81
4-09-2022 04:45;11.87
4-09-2022 05:00;11.6
4-09-2022 05:15;11.45
4-09-2022 05:30;11.23
4-09-2022 05:45;11.17
4-09-2022 06:00;11.04
4-09-2022 06:15;10.97
4-09-2022 06:30;10.74
4-09-2022 06:45;10.56
4-09-2022 07:00;10.38
4-09-2022 07:15;10.16
4-09-2022 07:30;9.69
4-09-2022 07:45;9.89
4-09-2022 08:00;10.02
4-09-2022 08:15;10.25
4-09-2022 08:30;9.42
4-09-2022 08:45;9.75
4-09-2022 09:00;9.45
4-09-2022 09:15;9.6
4-09-2022 09:30;9.55
4-09-2022 09:45;9.54
4-09-2022 10:00;9.8
4-09-2022 10:15;10.05
4-09-2022 10:30;9.72
4-09-2022 10:45;9.82
4-09-2022 11:00;9.9
4-09-2022 11:15;10.03
4-09-2022 11:30;10.06
4-09-2022 11:45;10.08
4-09-2022 12:00;10.15
4-09-2022 12:15;10.24
4-09-2022 12:30;10.17
4-09-2022 12:45;10.36
4-09-2022 13:00;10.43
4-09-2022 13:15;10.9
4-09-2022 13:30;11.45
4-09-2022 13:45;11.89
4-09-2022 14:00;12.53
4-09-2022 14:15;13.16
4-09-2022 14:30;13.29
4-09-2022 14:45;13.49
4-09-2022 15:00;13.89
4-09-2022 15:15;13.79
4-09-2022 15:30;13.76
4-09-2022 15:45;14.39
4-09-2022 16:00;16.51
4-09-2022 16:15;16.52
4-09-2022 16:30;16.46
4-09-2022 16:45;16.25
4-09-2022 17:00;16.25
4-09-2022 17:15;15.73
4-09-2022 17:30;15.23
4-09-2022 17:45;15.2
4-09-2022 18:00;14.6
4-09-2022 18:15;14.75
4-09-2022 18:30;14.21
4-09-2022 18:45;14.15
4-09-2022 19:00;13.95
4-09-2022 19:15;13.46
4-09-2022 19:30;11.88
4-09-2022 19:45;11.25
4-09-2022 20:00;11.13
4-09-2022 20:15;11.33
4-09-2022 20:30;11.73
4-09-2022 20:45;11.96
4-09-2022 21:00;12.48
4-09-2022 21:15;12.82
4-09-2022 21:30;12.9
4-09-2022 21:45;13.11
4-09-2022 22:00;13.24
4-09-2022 22:15;13.29
4-09-2022 22:30;13.53
4-09-2022 22:45;16.33
4-09-2022 23:00;16.8
4-09-2022 23:15;16.87
4-09-2022 23:30;16.52
4-09-2022 23:45;16.43
5-09-2022 00:00;16.09
5-09-2022 00:15;15.66
5-09-2022 00:30;15.73
5-09-2022 00:45;16.17
5-09-2022 01:00;15.53
5-09-2022 01:15;14.71
5-09-2022 01:30;14.89
5-09-2022 01:45;14.85
5-09-2022 02:00;14.84
5-09-2022 02:15;14.84
5-09-2022 02:30;14.67
5-09-2022 02:45;14.43
5-09-2022 03:00;14.28
5-09-2022 03:15;14.03
5-09-2022 03:30;13.87
5-09-2022 03:45;13.58
5-09-2022 04:00;12.12
5-09-2022 04:15;10.41
5-09-2022 04:30;10.18
5-09-2022 04:45;10.55
5-09-2022 05:00;11.05
5-09-2022 05:15;11.84
5-09-2022 05:30;12.45
5-09-2022 05:45;12.93
5-09-2022 06:00;13.11
5-09-2022 06:15;13.68
5-09-2022 06:30;15.41
5-09-2022 06:45;17.68
5-09-2022 07:00;21.53
5-09-2022 07:15;22.42
5-09-2022 07:30;23.22
5-09-2022 07:45;24.38
5-09-2022 08:00;25.4
5-09-2022 08:15;25.11
5-09-2022 08:30;25.29
5-09-2022 08:45;25.2
5-09-2022 09:00;25.16
5-09-2022 09:15;24.95
5-09-2022 09:30;24.91
5-09-2022 09:45;24.79
5-09-2022 10:00;24.36
5-09-2022 10:15;24.02
5-09-2022 10:30;24.29
5-09-2022 10:45;22.47
5-09-2022 11:00;23.51
5-09-2022 11:15;23.24
5-09-2022 11:30;22.21
5-09-2022 11:45;21.88
5-09-2022 12:00;21.76
5-09-2022 12:15;22.13
5-09-2022 12:30;21.83
5-09-2022 12:45;19.7
5-09-2022 13:00;19.71
5-09-2022 13:15;20.42
5-09-2022 13:30;18.97
5-09-2022 13:45;18.15
5-09-2022 14:00;17.75
5-09-2022 14:15;17.32
5-09-2022 14:30;17.23
5-09-2022 14:45;16.91
5-09-2022 15:00;16.81
5-09-2022 15:15;17.03
5-09-2022 15:30;16.25
5-09-2022 15:45;15.53
5-09-2022 16:00;15.57
5-09-2022 16:15;16.04
5-09-2022 16:30;16.23
5-09-2022 16:45;15.91
5-09-2022 17:00;15.66
5-09-2022 17:15;15.83
5-09-2022 17:30;15.65
5-09-2022 17:45;15.53
5-09-2022 18:00;15.18
5-09-2022 18:15;16.23
5-09-2022 18:30;16.31
5-09-2022 18:45;16.54
5-09-2022 19:00;17.13
5-09-2022 19:15;17.53
5-09-2022 19:30;17.91
5-09-2022 19:45;18.01
5-09-2022 20:00;18.09
5-09-2022 20:15;18.05
5-09-2022 20:30;18.91
5-09-2022 20:45;19.07
5-09-2022 21:00;19.89
5-09-2022 21:15;22.06
5-09-2022 21:30;22.9
5-09-2022 21:45;25.51
5-09-2022 22:00;28.06
5-09-2022 22:15;30.46
5-09-2022 22:30;32.05
5-09-2022 22:45;33.2
5-09-2022 23:00;34.03
5-09-2022 23:15;34.67
5-09-2022 23:30;35.86
5-09-2022 23:45;36.38
6-09-2022 00:00;36.17
6-09-2022 00:15;35.6
6-09-2022 00:30;35.27
6-09-2022 00:45;34.2
6-09-2022 01:00;36.24
6-09-2022 01:15;36.67
6-09-2022 01:30;36.52
6-09-2022 01:45;36.46
6-09-2022 02:00;36.2
6-09-2022 02:15;35.75
6-09-2022 02:30;35.35
6-09-2022 02:45;34.76
6-09-2022 03:00;34.2
6-09-2022 03:15;33.73
6-09-2022 03:30;32.88
6-09-2022 03:45;31.87
6-09-2022 04:00;31.33
6-09-2022 04:15;31.02
6-09-2022 04:30;30.36
6-09-2022 04:45;28.09
6-09-2022 05:00;24.95
6-09-2022 05:15;23.3
6-09-2022 05:30;21.92
6-09-2022 05:45;21.62
6-09-2022 06:00;20.96
6-09-2022 06:15;19.33
6-09-2022 06:30;18.16
6-09-2022 06:45;17
6-09-2022 07:00;16.13
6-09-2022 07:15;14.25
6-09-2022 07:30;12.44
6-09-2022 07:45;13.06
6-09-2022 08:00;13.56
6-09-2022 08:15;13.14
6-09-2022 08:30;12.88
6-09-2022 08:45;11.01
6-09-2022 09:00;10.55
6-09-2022 09:15;11.92
6-09-2022 09:30;11.23
6-09-2022 09:45;11.05
6-09-2022 10:00;11
6-09-2022 10:15;10.93
6-09-2022 10:30;11.22
6-09-2022 10:45;11.63
6-09-2022 11:00;12.05
6-09-2022 11:15;12.32
6-09-2022 11:30;12.67
6-09-2022 11:45;12.95
6-09-2022 12:00;12.99
6-09-2022 12:15;13.07
6-09-2022 12:30;13.21
6-09-2022 12:45;13.31
6-09-2022 13:00;13.37
6-09-2022 13:15;13.47
6-09-2022 13:30;13.4
6-09-2022 13:45;15.15
6-09-2022 14:00;17.56
6-09-2022 14:15;18.6
6-09-2022 14:30;18.52
6-09-2022 14:45;18.36
6-09-2022 15:00;17.98
6-09-2022 15:15;17.79
6-09-2022 15:30;17.48
6-09-2022 15:45;17.37
6-09-2022 16:00;17.25
6-09-2022 16:15;17.72
6-09-2022 16:30;17.65
6-09-2022 16:45;17.49
6-09-2022 17:00;16.74
6-09-2022 17:15;16.26
6-09-2022 17:30;16.72
6-09-2022 17:45;16.59
6-09-2022 18:00;15.7
6-09-2022 18:15;15.48
6-09-2022 18:30;15.37
6-09-2022 18:45;15.17
6-09-2022 19:00;15.51
6-09-2022 19:15;15.75
6-09-2022 19:30;16.55
6-09-2022 19:45;16.43
6-09-2022 20:00;16.74
6-09-2022 20:15;16.82
6-09-2022 20:30;16.98
6-09-2022 20:45;16.45
6-09-2022 21:00;15.72
6-09-2022 21:15;14.86
6-09-2022 21:30;14.47
6-09-2022 21:45;14.25
6-09-2022 22:00;14
6-09-2022 22:15;13.49
6-09-2022 22:30;13.28
6-09-2022 22:45;13.39
6-09-2022 23:00;13.42
6-09-2022 23:15;13.68
6-09-2022 23:30;13.7
6-09-2022 23:45;13.81
7-09-2022 00:00;14.08
7-09-2022 00:15;14.39
7-09-2022 00:30;15.12
7-09-2022 00:45;14.98
7-09-2022 01:00;15.18
7-09-2022 01:15;15.35
7-09-2022 01:30;15.65
7-09-2022 01:45;15.89
7-09-2022 02:00;15.77
7-09-2022 02:15;15.73
7-09-2022 02:30;15.49
7-09-2022 02:45;15.74
7-09-2022 03:00;15.49
7-09-2022 03:15;15.62
7-09-2022 03:30;15.28
7-09-2022 03:45;15.36
7-09-2022 04:00;14.83
7-09-2022 04:15;14.68
7-09-2022 04:30;14.23
7-09-2022 04:45;13.69
7-09-2022 05:00;13.73
7-09-2022 05:15;13.35
7-09-2022 05:30;13.38
7-09-2022 05:45;13.27
7-09-2022 06:00;13.39
7-09-2022 06:15;13.68
7-09-2022 06:30;13.54
7-09-2022 06:45;12.52
7-09-2022 07:00;10.52
7-09-2022 07:15;8.54
7-09-2022 07:30;9.51
7-09-2022 07:45;9.94
7-09-2022 08:00;10.6
7-09-2022 08:15;11.22
7-09-2022 08:30;12.38
7-09-2022 08:45;12.59
7-09-2022 09:00;11.48
7-09-2022 09:15;11.74
7-09-2022 09:30;11.83
7-09-2022 09:45;12.18
7-09-2022 10:00;12.11
7-09-2022 10:15;12.28
7-09-2022 10:30;12.25
7-09-2022 10:45;12.44
7-09-2022 11:00;12.52
7-09-2022 11:15;12.33
7-09-2022 11:30;12.41
7-09-2022 11:45;12.64
7-09-2022 12:00;12.77
7-09-2022 12:15;12.83
7-09-2022 12:30;13.05
7-09-2022 12:45;13.33
7-09-2022 13:00;12.39
7-09-2022 13:15;12.69
7-09-2022 13:30;12.69
7-09-2022 13:45;14.32
7-09-2022 14:00;14.8
7-09-2022 14:15;12.78
7-09-2022 14:30;12.82
7-09-2022 14:45;13.24
7-09-2022 15:00;13.59
7-09-2022 15:15;13.97
7-09-2022 15:30;15.18
7-09-2022 15:45;18.63
7-09-2022 16:00;19.07
7-09-2022 16:15;19.55
7-09-2022 16:30;20.18
7-09-2022 16:45;20.73
7-09-2022 17:00;20.54
7-09-2022 17:15;20.48
7-09-2022 17:30;20.49
7-09-2022 17:45;21.04
7-09-2022 18:00;20.91
7-09-2022 18:15;20.57
7-09-2022 18:30;20.44
7-09-2022 18:45;19.43
7-09-2022 19:00;19.64
7-09-2022 19:15;20.21
7-09-2022 19:30;20.25
7-09-2022 19:45;19.93
7-09-2022 20:00;19.94
7-09-2022 20:15;20.08
7-09-2022 20:30;19.96
7-09-2022 20:45;18.98
7-09-2022 21:00;17.05
7-09-2022 21:15;17.66
7-09-2022 21:30;19.1
7-09-2022 21:45;20.31
7-09-2022 22:00;20.05
7-09-2022 22:15;19.86
7-09-2022 22:30;20.56
7-09-2022 22:45;20.99
7-09-2022 23:00;21.55
7-09-2022 23:15;22.6
7-09-2022 23:30;21.49
7-09-2022 23:45;21.54
8-09-2022 00:00;22.5
8-09-2022 00:15;23.23
8-09-2022 00:30;23.39
8-09-2022 00:45;23.94
8-09-2022 01:00;24.01
8-09-2022 01:15;24.48
8-09-2022 01:30;24.67
8-09-2022 01:45;24.83
8-09-2022 02:00;24.84
8-09-2022 02:15;24.84
8-09-2022 02:30;24.49
8-09-2022 02:45;24.06
8-09-2022 03:00;22.57
8-09-2022 03:15;21.87
8-09-2022 03:30;21.46
8-09-2022 03:45;21.53
8-09-2022 04:00;21.36
8-09-2022 04:15;19.11
8-09-2022 04:30;18.47
8-09-2022 04:45;18.16
8-09-2022 05:00;17.12
8-09-2022 05:15;17.32
8-09-2022 05:30;17.13
8-09-2022 05:45;16.89
8-09-2022 06:00;16.57
8-09-2022 06:15;16.23
8-09-2022 06:30;16.03
8-09-2022 06:45;15.52
8-09-2022 07:00;15.37
8-09-2022 07:15;14.79
8-09-2022 07:30;14.38
8-09-2022 07:45;14.74
8-09-2022 08:00;13.88
8-09-2022 08:15;13.89
8-09-2022 08:30;13.76
8-09-2022 08:45;14.53
8-09-2022 09:00;15.17
8-09-2022 09:15;15.71
8-09-2022 09:30;15.91
8-09-2022 09:45;15.51
8-09-2022 10:00;15.98
8-09-2022 10:15;16.39
8-09-2022 10:30;16.39
8-09-2022 10:45;15.51
8-09-2022 11:00;16.07
8-09-2022 11:15;16.46
8-09-2022 11:30;16.14
8-09-2022 11:45;16.17
8-09-2022 12:00;16.24
8-09-2022 12:15;16.29
8-09-2022 12:30;16.4
8-09-2022 12:45;17.06
8-09-2022 13:00;17.32
8-09-2022 13:15;17.69
8-09-2022 13:30;17.6
8-09-2022 13:45;17.59
8-09-2022 14:00;17.17
8-09-2022 14:15;17.25
8-09-2022 14:30;17.48
8-09-2022 14:45;16.96
8-09-2022 15:00;18.32
8-09-2022 15:15;18.62
8-09-2022 15:30;17.47
8-09-2022 15:45;16.22
8-09-2022 16:00;16.43
8-09-2022 16:15;16.78
8-09-2022 16:30;17.7
8-09-2022 16:45;17.1
8-09-2022 17:00;16.78
8-09-2022 17:15;16.56
8-09-2022 17:30;16.3
8-09-2022 17:45;14.2
8-09-2022 18:00;15.75
8-09-2022 18:15;16.14
8-09-2022 18:30;16.11
8-09-2022 18:45;16.01
8-09-2022 19:00;15.88
8-09-2022 19:15;15.86
8-09-2022 19:30;15.73
8-09-2022 19:45;15.68
8-09-2022 20:00;15.47
8-09-2022 20:15;14.97
8-09-2022 20:30;13.91
8-09-2022 20:45;12.58
8-09-2022 21:00;10.33
8-09-2022 21:15;10.37
8-09-2022 21:30;10.76
8-09-2022 21:45;10.9
8-09-2022 22:00;11.08
8-09-2022 22:15;11.08
8-09-2022 22:30;11.14
8-09-2022 22:45;11.2
8-09-2022 23:00;11.33
8-09-2022 23:15;11.78
8-09-2022 23:30;12.06
8-09-2022 23:45;12.74
9-09-2022 00:00;12.77
9-09-2022 00:15;13.99
9-09-2022 00:30;16.03
9-09-2022 00:45;16.64
9-09-2022 01:00;16.41
9-09-2022 01:15;15.69
9-09-2022 01:30;15.59
9-09-2022 01:45;15.73
9-09-2022 02:00;15.63
9-09-2022 02:15;15.68
9-09-2022 02:30;15.51
9-09-2022 02:45;15.37
9-09-2022 03:00;14.97
9-09-2022 03:15;14.71
9-09-2022 03:30;14.63
9-09-2022 03:45;14.43
9-09-2022 04:00;14.25
9-09-2022 04:15;14.01
9-09-2022 04:30;13.88
9-09-2022 04:45;13.71
9-09-2022 05:00;13.67
9-09-2022 05:15;12.45
9-09-2022 05:30;10.8
9-09-2022 05:45;10.41
9-09-2022 06:00;10.27
9-09-2022 06:15;9.35
9-09-2022 06:30;9.6
9-09-2022 06:45;9.74
9-09-2022 07:00;11.16
9-09-2022 07:15;10.2
9-09-2022 07:30;9.87
9-09-2022 07:45;9.64
9-09-2022 08:00;9.49
9-09-2022 08:15;9.47
9-09-2022 08:30;9.29
9-09-2022 08:45;10.19
9-09-2022 09:00;10.42
9-09-2022 09:15;10.46
9-09-2022 09:30;11.61
9-09-2022 09:45;11.72
9-09-2022 10:00;12
9-09-2022 10:15;12.38
9-09-2022 10:30;12.48
9-09-2022 10:45;12.61
9-09-2022 11:00;14.8
9-09-2022 11:15;16.54
9-09-2022 11:30;17.19
9-09-2022 11:45;17.09
9-09-2022 12:00;17.5
9-09-2022 12:15;17.99
9-09-2022 12:30;17.94
9-09-2022 12:45;17.86
9-09-2022 13:00;17.49
9-09-2022 13:15;17.8
9-09-2022 13:30;17.38
9-09-2022 13:45;17.47
9-09-2022 14:00;17.29
9-09-2022 14:15;18.27
9-09-2022 14:30;18.04
9-09-2022 14:45;17.65
9-09-2022 15:00;17.74
9-09-2022 15:15;17.9
9-09-2022 15:30;17.92
9-09-2022 15:45;17.97
9-09-2022 16:00;17.87
9-09-2022 16:15;18.07
9-09-2022 16:30;18.09
9-09-2022 16:45;17.98
9-09-2022 17:00;17.66
9-09-2022 17:15;18.24
9-09-2022 17:30;18.3
9-09-2022 17:45;19.61
9-09-2022 18:00;19.69
9-09-2022 18:15;20.23
9-09-2022 18:30;20.59
9-09-2022 18:45;21.05
9-09-2022 19:00;21.23
9-09-2022 19:15;21.64
9-09-2022 19:30;22.88
9-09-2022 19:45;21.43
9-09-2022 20:00;20.46
9-09-2022 20:15;19.19
9-09-2022 20:30;19.77
9-09-2022 20:45;19.68
9-09-2022 21:00;19.8
9-09-2022 21:15;20.02
9-09-2022 21:30;20.07
9-09-2022 21:45;20.17
9-09-2022 22:00;20.63
9-09-2022 22:15;20.61
9-09-2022 22:30;20.48
9-09-2022 22:45;20.54
9-09-2022 23:00;20.65
9-09-2022 23:15;20.17
9-09-2022 23:30;19.19
9-09-2022 23:45;18.76
10-09-2022 00:00;18.36
10-09-2022 00:15;18.19
10-09-2022 00:30;17.25
10-09-2022 00:45;16.9
10-09-2022 01:00;16.71
10-09-2022 01:15;16.82
10-09-2022 01:30;16.63
10-09-2022 01:45;16.83
10-09-2022 02:00;16.8
10-09-2022 02:15;16.77
10-09-2022 02:30;16.72
10-09-2022 02:45;16.88
10-09-2022 03:00;16.86
10-09-2022 03:15;16.62
10-09-2022 03:30;16.38
10-09-2022 03:45;16.09
10-09-2022 04:00;15.92
10-09-2022 04:15;15.54
10-09-2022 04:30;15.02
10-09-2022 04:45;14.46
10-09-2022 05:00;14.01
10-09-2022 05:15;13.89
10-09-2022 05:30;13.12
10-09-2022 05:45;10.41
10-09-2022 06:00;10.77
10-09-2022 06:15;10.44
10-09-2022 06:30;10.61
10-09-2022 06:45;10.44
10-09-2022 07:00;10.42
10-09-2022 07:15;10.47
10-09-2022 07:30;10.47
10-09-2022 07:45;10.72
10-09-2022 08:00;11.8
10-09-2022 08:15;11.72
10-09-2022 08:30;11.1
10-09-2022 08:45;11.28
10-09-2022 09:00;11.17
10-09-2022 09:15;11.17
10-09-2022 09:30;11.26
10-09-2022 09:45;11.42
10-09-2022 10:00;11.41
10-09-2022 10:15;11.53
10-09-2022 10:30;11.59
10-09-2022 10:45;11.7
10-09-2022 11:00;11.99
10-09-2022 11:15;12.21
10-09-2022 11:30;12.46
10-09-2022 11:45;13.01
10-09-2022 12:00;13.15
10-09-2022 12:15;14.41
10-09-2022 12:30;16.12
10-09-2022 12:45;16.29
10-09-2022 13:00;16.22
10-09-2022 13:15;17.32
10-09-2022 13:30;17.74
10-09-2022 13:45;18.5
10-09-2022 14:00;18.67
10-09-2022 14:15;18.94
10-09-2022 14:30;18.9
10-09-2022 14:45;18.98
10-09-2022 15:00;18.91
10-09-2022 15:15;19
10-09-2022 15:30;19.04
10-09-2022 15:45;19.24
10-09-2022 16:00;18.64
10-09-2022 16:15;18.78
10-09-2022 16:30;18.93
10-09-2022 16:45;18.71
10-09-2022 17:00;18.15
10-09-2022 17:15;18.52
10-09-2022 17:30;18.31
10-09-2022 17:45;17.48
10-09-2022 18:00;17.25
10-09-2022 18:15;17.89
10-09-2022 18:30;18.9
10-09-2022 18:45;19.36
10-09-2022 19:00;20.78
10-09-2022 19:15;21.93
10-09-2022 19:30;23.2
10-09-2022 19:45;24.22
10-09-2022 20:00;25.05
10-09-2022 20:15;25.99
10-09-2022 20:30;27.93
10-09-2022 20:45;27.76
10-09-2022 21:00;28.17
10-09-2022 21:15;28.05
10-09-2022 21:30;28.49
10-09-2022 21:45;27.54
10-09-2022 22:00;28.02
10-09-2022 22:15;27.71
10-09-2022 22:30;27.77
10-09-2022 22:45;27.75
10-09-2022 23:00;27.67
10-09-2022 23:15;27.54
10-09-2022 23:30;27.21
10-09-2022 23:45;27.1
11-09-2022 00:00;26.76
11-09-2022 00:15;25.53
11-09-2022 00:30;24.89
11-09-2022 00:45;24.53
11-09-2022 01:00;24.67
11-09-2022 01:15;24.62
11-09-2022 01:30;24.49
11-09-2022 01:45;24.4
11-09-2022 02:00;24.51
11-09-2022 02:15;22.63
11-09-2022 02:30;22.33
11-09-2022 02:45;23.25
11-09-2022 03:00;23.07
11-09-2022 03:15;22.79
11-09-2022 03:30;22.71
11-09-2022 03:45;22.9
11-09-2022 04:00;22.81
11-09-2022 04:15;22.35
11-09-2022 04:30;21.87
11-09-2022 04:45;21.16
11-09-2022 05:00;20.71
11-09-2022 05:15;20.01
11-09-2022 05:30;19.35
11-09-2022 05:45;18.97
11-09-2022 06:00;18.65
11-09-2022 06:15;17.67
11-09-2022 06:30;16.89
11-09-2022 06:45;16.12
11-09-2022 07:00;15.88
11-09-2022 07:15;15.69
11-09-2022 07:30;15.12
11-09-2022 07:45;14.66
11-09-2022 08:00;14.09
11-09-2022 08:15;13.8
11-09-2022 08:30;13.37
11-09-2022 08:45;12.24
11-09-2022 09:00;10.92
11-09-2022 09:15;10.61
11-09-2022 09:30;10.85
11-09-2022 09:45;11.33
11-09-2022 10:00;11.67
11-09-2022 10:15;11.6
11-09-2022 10:30;11.82
11-09-2022 10:45;11.83
11-09-2022 11:00;12
11-09-2022 11:15;12.23
11-09-2022 11:30;12.38
11-09-2022 11:45;12.4
11-09-2022 12:00;12.5
11-09-2022 12:15;12.59
11-09-2022 12:30;12.67
11-09-2022 12:45;12.57
11-09-2022 13:00;12.76
11-09-2022 13:15;12.85
11-09-2022 13:30;15.52
11-09-2022 13:45;18.14
11-09-2022 14:00;18.52
11-09-2022 14:15;18.55
11-09-2022 14:30;18.76
11-09-2022 14:45;18.5
11-09-2022 15:00;18.52
11-09-2022 15:15;18.18
11-09-2022 15:30;18.31
11-09-2022 15:45;18.29
11-09-2022 16:00;18.36
11-09-2022 16:15;18.35
11-09-2022 16:30;17.97
11-09-2022 16:45;18.2
11-09-2022 17:00;17.86
11-09-2022 17:15;16.72
11-09-2022 17:30;16.45
11-09-2022 17:45;16.61
11-09-2022 18:00;16.19
11-09-2022 18:15;16.24
11-09-2022 18:30;16.14
11-09-2022 18:45;15.67
11-09-2022 19:00;14.64
11-09-2022 19:15;14.65
11-09-2022 19:30;14.72
11-09-2022 19:45;14.6
11-09-2022 20:00;14.38
11-09-2022 20:15;14.08
11-09-2022 20:30;14.2
11-09-2022 20:45;14.27
11-09-2022 21:00;14.41
11-09-2022 21:15;14.36
11-09-2022 21:30;14.65
11-09-2022 21:45;15.31
11-09-2022 22:00;14.95
11-09-2022 22:15;15.13
11-09-2022 22:30;15.11
11-09-2022 22:45;15.34
11-09-2022 23:00;15.31
11-09-2022 23:15;15.56
11-09-2022 23:30;15.72
11-09-2022 23:45;15.69
12-09-2022 00:00;15.76
12-09-2022 00:15;15.79
12-09-2022 00:30;16.06
12-09-2022 00:45;15.97
12-09-2022 01:00;16.13
12-09-2022 01:15;16.22
12-09-2022 01:30;16.16
12-09-2022 01:45;16.07
12-09-2022 02:00;15.93
12-09-2022 02:15;15.86
12-09-2022 02:30;15.71
12-09-2022 02:45;15.73
12-09-2022 03:00;15.43
12-09-2022 03:15;15.28
12-09-2022 03:30;14.95
12-09-2022 03:45;14.85
12-09-2022 04:00;14.51
12-09-2022 04:15;14.05
12-09-2022 04:30;14.41
12-09-2022 04:45;14.27
12-09-2022 05:00;14.53
12-09-2022 05:15;14.71
12-09-2022 05:30;15.08
12-09-2022 05:45;13.61
12-09-2022 06:00;13.22
12-09-2022 06:15;13.24
12-09-2022 06:30;13.37
12-09-2022 06:45;13.34
12-09-2022 07:00;12.87
12-09-2022 07:15;13.16
12-09-2022 07:30;13.83
12-09-2022 07:45;13.34
12-09-2022 08:00;11.98
12-09-2022 08:15;10.85
12-09-2022 08:30;10.94
12-09-2022 08:45;11
12-09-2022 09:00;11.24
12-09-2022 09:15;11.41
12-09-2022 09:30;11.71
12-09-2022 09:45;12.06
12-09-2022 10:00;12.93
12-09-2022 10:15;12.81
12-09-2022 10:30;13.04
12-09-2022 10:45;13.43
12-09-2022 11:00;13.65
12-09-2022 11:15;15.07
12-09-2022 11:30;17.59
12-09-2022 11:45;18.59
12-09-2022 12:00;18.77
12-09-2022 12:15;18.6
12-09-2022 12:30;18.59
12-09-2022 12:45;18.28
12-09-2022 13:00;17.86
12-09-2022 13:15;17.01
12-09-2022 13:30;16.48
12-09-2022 13:45;16.34
12-09-2022 14:00;16.67
12-09-2022 14:15;17.06
12-09-2022 14:30;15.85
12-09-2022 14:45;16.04
12-09-2022 15:00;16.04
12-09-2022 15:15;15.65
12-09-2022 15:30;15.28
12-09-2022 15:45;15.32
12-09-2022 16:00;15.39
12-09-2022 16:15;15.33
12-09-2022 16:30;15.25
12-09-2022 16:45;15.7
12-09-2022 17:00;15.75
12-09-2022 17:15;15.05
12-09-2022 17:30;14.54
12-09-2022 17:45;14.08
12-09-2022 18:00;14.31
12-09-2022 18:15;14.54
12-09-2022 18:30;14.25
12-09-2022 18:45;13.84
12-09-2022 19:00;13.41
12-09-2022 19:15;10.77
12-09-2022 19:30;9.92
12-09-2022 19:45;10.26
12-09-2022 20:00;10.5
12-09-2022 20:15;10.95
12-09-2022 20:30;11.33
12-09-2022 20:45;11.89
12-09-2022 21:00;12.14
12-09-2022 21:15;12.22
12-09-2022 21:30;12.36
12-09-2022 21:45;12.5
12-09-2022 22:00;13.52
12-09-2022 22:15;16.97
12-09-2022 22:30;17.41
12-09-2022 22:45;16.79
12-09-2022 23:00;16.49
12-09-2022 23:15;16.09
12-09-2022 23:30;16.23
12-09-2022 23:45;16.22
13-09-2022 00:00;17.18
13-09-2022 00:15;17.49
13-09-2022 00:30;17.33
13-09-2022 00:45;17.32
13-09-2022 01:00;17.07
13-09-2022 01:15;17.12
13-09-2022 01:30;16.8
13-09-2022 01:45;16.74
13-09-2022 02:00;16.76
13-09-2022 02:15;16.75
13-09-2022 02:30;16.68
13-09-2022 02:45;16.34
13-09-2022 03:00;15.61
13-09-2022 03:15;14.87
13-09-2022 03:30;14.89
13-09-2022 03:45;14.28
13-09-2022 04:00;13.94
13-09-2022 04:15;12.64
13-09-2022 04:30;10.89
13-09-2022 04:45;10.67
13-09-2022 05:00;10.58
13-09-2022 05:15;10.79
13-09-2022 05:30;10.86
13-09-2022 05:45;10.93
13-09-2022 06:00;10.72
13-09-2022 06:15;10.71
13-09-2022 06:30;10.54
13-09-2022 06:45;10.47
13-09-2022 07:00;10.44
13-09-2022 07:15;10.38
13-09-2022 07:30;10.38
13-09-2022 07:45;10.34
13-09-2022 08:00;10.3
13-09-2022 08:15;10.24
13-09-2022 08:30;10.25
13-09-2022 08:45;10.4
13-09-2022 09:00;10.41
13-09-2022 09:15;10.44
13-09-2022 09:30;10.46
13-09-2022 09:45;10.55
13-09-2022 10:00;10.58
13-09-2022 10:15;10.64
13-09-2022 10:30;10.73
13-09-2022 10:45;10.66
13-09-2022 11:00;10.84
13-09-2022 11:15;12.03
13-09-2022 11:30;11.9
13-09-2022 11:45;11.55
13-09-2022 12:00;11.62
13-09-2022 12:15;12.4
13-09-2022 12:30;12.91
13-09-2022 12:45;13.29
13-09-2022 13:00;13.95
13-09-2022 13:15;14.05
13-09-2022 13:30;14.31
13-09-2022 13:45;14.94
13-09-2022 14:00;17.24
13-09-2022 14:15;17.75
13-09-2022 14:30;17.1
13-09-2022 14:45;16.35
13-09-2022 15:00;17.18
13-09-2022 15:15;16.94
13-09-2022 15:30;16.88
13-09-2022 15:45;16.6
13-09-2022 16:00;16.83
13-09-2022 16:15;16.77
13-09-2022 16:30;16.71
13-09-2022 16:45;16.59
13-09-2022 17:00;16.46
13-09-2022 17:15;16.43
13-09-2022 17:30;16.61
13-09-2022 17:45;16.95
13-09-2022 18:00;16.97
13-09-2022 18:15;16.93
13-09-2022 18:30;16.77
13-09-2022 18:45;16.72
13-09-2022 19:00;16.53
13-09-2022 19:15;16.44
13-09-2022 19:30;16.24
13-09-2022 19:45;15.72
13-09-2022 20:00;15.51
13-09-2022 20:15;14.42
13-09-2022 20:30;13.71
13-09-2022 20:45;12.21
13-09-2022 21:00;9.93
13-09-2022 21:15;9.86
13-09-2022 21:30;10.06
13-09-2022 21:45;10.4
13-09-2022 22:00;10.82
13-09-2022 22:15;11.34
13-09-2022 22:30;11.51
13-09-2022 22:45;11.61
13-09-2022 23:00;11.66
13-09-2022 23:15;12.3
13-09-2022 23:30;15.22
13-09-2022 23:45;16.11
14-09-2022 00:00;15.27
14-09-2022 00:15;14.42
14-09-2022 00:30;14.11
14-09-2022 00:45;13.69
14-09-2022 01:00;13.65
14-09-2022 01:15;14.15
14-09-2022 01:30;14.37
14-09-2022 01:45;13.35
14-09-2022 02:00;12.27
14-09-2022 02:15;10.84
14-09-2022 02:30;11.83
14-09-2022 02:45;12.01
14-09-2022 03:00;12.53
14-09-2022 03:15;12.99
14-09-2022 03:30;14.2
14-09-2022 03:45;14.5
14-09-2022 04:00;16.52
14-09-2022 04:15;17.03
14-09-2022 04:30;16.75
14-09-2022 04:45;16.04
14-09-2022 05:00;15.16
14-09-2022 05:15;14.35
14-09-2022 05:30;13.82
14-09-2022 05:45;12.55
14-09-2022 06:00;9.67
14-09-2022 06:15;10
14-09-2022 06:30;10.14
14-09-2022 06:45;10.55
14-09-2022 07:00;10.88
14-09-2022 07:15;10.94
14-09-2022 07:30;10.76
14-09-2022 07:45;10.85
14-09-2022 08:00;10.83
14-09-2022 08:15;10.81
14-09-2022 08:30;10.7
14-09-2022 08:45;10.65
14-09-2022 09:00;10.67
14-09-2022 09:15;10.74
14-09-2022 09:30;10.83
14-09-2022 09:45;10.94
14-09-2022 10:00;11.31
14-09-2022 10:15;11.38
14-09-2022 10:30;11.52
14-09-2022 10:45;11.53
14-09-2022 11:00;11.79
14-09-2022 11:15;12.32
14-09-2022 11:30;12.62
14-09-2022 11:45;12.68
14-09-2022 12:00;12.88
14-09-2022 12:15;14.07
14-09-2022 12:30;16.6
14-09-2022 12:45;19.1
14-09-2022 13:00;18.74
14-09-2022 13:15;19.66
14-09-2022 13:30;19.59
14-09-2022 13:45;19.51
14-09-2022 14:00;19.46
14-09-2022 14:15;19.08
14-09-2022 14:30;16.45
14-09-2022 14:45;15.23
14-09-2022 15:00;20.77
14-09-2022 15:15;19.71
14-09-2022 15:30;18.79
14-09-2022 15:45;18.51
14-09-2022 16:00;17.94
14-09-2022 16:15;17.7
14-09-2022 16:30;16.99
14-09-2022 16:45;16.69
14-09-2022 17:00;16.46
14-09-2022 17:15;15.94
14-09-2022 17:30;16.01
14-09-2022 17:45;14.9
14-09-2022 18:00;15.45
14-09-2022 18:15;15.99
14-09-2022 18:30;14.38
14-09-2022 18:45;14.03
14-09-2022 19:00;12.67
14-09-2022 19:15;11.38
14-09-2022 19:30;11.45
14-09-2022 19:45;11.48
14-09-2022 20:00;11.66
14-09-2022 20:15;11.87
14-09-2022 20:30;12.01
14-09-2022 20:45;11.85
14-09-2022 21:00;11.94
14-09-2022 21:15;11.85
14-09-2022 21:30;11.57
14-09-2022 21:45;11.54
14-09-2022 22:00;11.63
14-09-2022 22:15;11.64
14-09-2022 22:30;11.88
14-09-2022 22:45;11.89
14-09-2022 23:00;12.07
14-09-2022 23:15;12.09
14-09-2022 23:30;12.14
14-09-2022 23:45;12.17
15-09-2022 00:00;12.38
15-09-2022 00:15;13.4
15-09-2022 00:30;15.16
15-09-2022 00:45;14.07
15-09-2022 01:00;15.88
15-09-2022 01:15;15.9
15-09-2022 01:30;15.43
15-09-2022 01:45;15.12
15-09-2022 02:00;15
15-09-2022 02:15;15
15-09-2022 02:30;14.81
15-09-2022 02:45;14.67
15-09-2022 03:00;14.33
15-09-2022 03:15;14.28
15-09-2022 03:30;14.21
15-09-2022 03:45;13.9
15-09-2022 04:00;13.67
15-09-2022 04:15;13.48
15-09-2022 04:30;13.16
15-09-2022 04:45;10.52
15-09-2022 05:00;10.09
15-09-2022 05:15;10.56
15-09-2022 05:30;10.55
15-09-2022 05:45;10.45
15-09-2022 06:00;10.34
15-09-2022 06:15;10.29
15-09-2022 06:30;10.23
15-09-2022 06:45;10.23
15-09-2022 07:00;10.18
15-09-2022 07:15;11.56
15-09-2022 07:30;11.76
15-09-2022 07:45;11.36
15-09-2022 08:00;11.12
15-09-2022 08:15;11.07
15-09-2022 08:30;10.93
15-09-2022 08:45;10.68
15-09-2022 09:00;10.69
15-09-2022 09:15;10.6
15-09-2022 09:30;10.66
15-09-2022 09:45;10.57
15-09-2022 10:00;10.82
15-09-2022 10:15;11.57
15-09-2022 10:30;11.05
15-09-2022 10:45;10.61
15-09-2022 11:00;10.82
15-09-2022 11:15;10.9
15-09-2022 11:30;10.35
15-09-2022 11:45;10.29
15-09-2022 12:00;10.41
15-09-2022 12:15;10.98
15-09-2022 12:30;12.02
15-09-2022 12:45;12.51
15-09-2022 13:00;12.6
15-09-2022 13:15;13.28
15-09-2022 13:30;17.9
15-09-2022 13:45;17.84
15-09-2022 14:00;18.31
15-09-2022 14:15;18.46
15-09-2022 14:30;18.8
15-09-2022 14:45;19.06
15-09-2022 15:00;18.16
15-09-2022 15:15;17.42
15-09-2022 15:30;16.45
15-09-2022 15:45;15.83
15-09-2022 16:00;15.2
15-09-2022 16:15;14.92
15-09-2022 16:30;15.17
15-09-2022 16:45;15.1
15-09-2022 17:00;14.8
15-09-2022 17:15;14.53
15-09-2022 17:30;14.42
15-09-2022 17:45;14.32
15-09-2022 18:00;14.24
15-09-2022 18:15;14.21
15-09-2022 18:30;14.06
15-09-2022 18:45;13.57
15-09-2022 19:00;13.44
15-09-2022 19:15;11.95
15-09-2022 19:30;11.07
15-09-2022 19:45;11.16
15-09-2022 20:00;11.3
15-09-2022 20:15;11.55
15-09-2022 20:30;11.75
15-09-2022 20:45;11.97
15-09-2022 21:00;11.92
15-09-2022 21:15;12.54
15-09-2022 21:30;12.83
15-09-2022 21:45;12.47
15-09-2022 22:00;12.79
15-09-2022 22:15;12.79
15-09-2022 22:30;13.3
15-09-2022 22:45;15.58
15-09-2022 23:00;16.71
15-09-2022 23:15;16.16
15-09-2022 23:30;15.88
15-09-2022 23:45;15.29
16-09-2022 00:00;15.04
16-09-2022 00:15;14.84
16-09-2022 00:30;14.84
16-09-2022 00:45;14.77
16-09-2022 01:00;14.6
16-09-2022 01:15;14.57
16-09-2022 01:30;14.42
16-09-2022 01:45;14.41
16-09-2022 02:00;14.34
16-09-2022 02:15;14.15
16-09-2022 02:30;14.06
16-09-2022 02:45;13.83
16-09-2022 03:00;13.67
16-09-2022 03:15;13.45
16-09-2022 03:30;13.16
16-09-2022 03:45;12.18
16-09-2022 04:00;10.62
16-09-2022 04:15;10.12
16-09-2022 04:30;10.24
16-09-2022 04:45;10.37
16-09-2022 05:00;10.48
16-09-2022 05:15;10.58
16-09-2022 05:30;10.51
16-09-2022 05:45;10.57
16-09-2022 06:00;10.5
16-09-2022 06:15;10.37
16-09-2022 06:30;10.26
16-09-2022 06:45;10.07
16-09-2022 07:00;10.04
16-09-2022 07:15;10.07
16-09-2022 07:30;10.46
16-09-2022 07:45;10.8
16-09-2022 08:00;10.67
16-09-2022 08:15;9.54
16-09-2022 08:30;9.13
16-09-2022 08:45;9.29
16-09-2022 09:00;9.99
16-09-2022 09:15;9.86
16-09-2022 09:30;9.82
16-09-2022 09:45;9.75
16-09-2022 10:00;9.84
16-09-2022 10:15;9.91
16-09-2022 10:30;9.85
16-09-2022 10:45;10.68
16-09-2022 11:00;10.65
16-09-2022 11:15;10.64
16-09-2022 11:30;10.77
16-09-2022 11:45;11.03
16-09-2022 12:00;11.28
16-09-2022 12:15;11.7
16-09-2022 12:30;11.81
16-09-2022 12:45;13.22
16-09-2022 13:00;13.21
16-09-2022 13:15;13.56
16-09-2022 13:30;14.03
16-09-2022 13:45;16.69
16-09-2022 14:00;18.56
16-09-2022 14:15;18.71
16-09-2022 14:30;18.56
16-09-2022 14:45;18.59
16-09-2022 15:00;18.54
16-09-2022 15:15;18.36
16-09-2022 15:30;17.35
16-09-2022 15:45;16.42
16-09-2022 16:00;15.79
16-09-2022 16:15;15.36
16-09-2022 16:30;14.33
16-09-2022 16:45;13.73
16-09-2022 17:00;13.75
16-09-2022 17:15;13.56
16-09-2022 17:30;13.49
16-09-2022 17:45;13.49
16-09-2022 18:00;13.43
16-09-2022 18:15;12.91
16-09-2022 18:30;12.2
16-09-2022 18:45;11.55
16-09-2022 19:00;11.47
16-09-2022 19:15;11.47
16-09-2022 19:30;12
16-09-2022 19:45;11.98
16-09-2022 20:00;12.83
16-09-2022 20:15;13.41
16-09-2022 20:30;16.62
16-09-2022 20:45;16
16-09-2022 21:00;15.65
16-09-2022 21:15;14.92
16-09-2022 21:30;14.82
16-09-2022 21:45;14.62
16-09-2022 22:00;14.2
16-09-2022 22:15;13.31
16-09-2022 22:30;12.21
16-09-2022 22:45;10.87
16-09-2022 23:00;10.81
16-09-2022 23:15;11.01
16-09-2022 23:30;11.14
16-09-2022 23:45;11.38
17-09-2022 00:00;11.41
17-09-2022 00:15;11.63
17-09-2022 00:30;11.65
17-09-2022 00:45;11.7
17-09-2022 01:00;11.75
17-09-2022 01:15;11.8
17-09-2022 01:30;11.88
17-09-2022 01:45;11.75
17-09-2022 02:00;11.94
17-09-2022 02:15;13.52
17-09-2022 02:30;12.11
17-09-2022 02:45;10.66
17-09-2022 03:00;10.74
17-09-2022 03:15;10.78
17-09-2022 03:30;10.85
17-09-2022 03:45;10.86
17-09-2022 04:00;10.81
17-09-2022 04:15;10.82
17-09-2022 04:30;10.73
17-09-2022 04:45;10.7
17-09-2022 05:00;10.57
17-09-2022 05:15;10.51
17-09-2022 05:30;9.95
17-09-2022 05:45;10.65
17-09-2022 06:00;10.65
17-09-2022 06:15;10.72
17-09-2022 06:30;10.79
17-09-2022 06:45;10.67
17-09-2022 07:00;10.66
17-09-2022 07:15;10.54
17-09-2022 07:30;10.71
17-09-2022 07:45;10.74
17-09-2022 08:00;10.68
17-09-2022 08:15;10.57
17-09-2022 08:30;10.48
17-09-2022 08:45;10.37
17-09-2022 09:00;10.37
17-09-2022 09:15;10.38
17-09-2022 09:30;10.32
17-09-2022 09:45;10.36
17-09-2022 10:00;10.32
17-09-2022 10:15;10.31
17-09-2022 10:30;10.3
17-09-2022 10:45;10.85
17-09-2022 11:00;10.92
17-09-2022 11:15;10.43
17-09-2022 11:30;10.57
17-09-2022 11:45;10.56
17-09-2022 12:00;10.7
17-09-2022 12:15;10.77
17-09-2022 12:30;10.91
17-09-2022 12:45;10.76
17-09-2022 13:00;10.98
17-09-2022 13:15;10.93
17-09-2022 13:30;10.99
17-09-2022 13:45;11.12
17-09-2022 14:00;11.43
17-09-2022 14:15;12.2
17-09-2022 14:30;12.42
17-09-2022 14:45;13.85
17-09-2022 15:00;16.9
17-09-2022 15:15;17.66
17-09-2022 15:30;17.71
17-09-2022 15:45;17.16
17-09-2022 16:00;16.75
17-09-2022 16:15;16.55
17-09-2022 16:30;15.92
17-09-2022 16:45;16.08
17-09-2022 17:00;15.99
17-09-2022 17:15;16.12
17-09-2022 17:30;15.67
17-09-2022 17:45;15.43
17-09-2022 18:00;15.58
17-09-2022 18:15;15.26
17-09-2022 18:30;14.9
17-09-2022 18:45;14.38
17-09-2022 19:00;14.45
17-09-2022 19:15;14.15
17-09-2022 19:30;13.38
17-09-2022 19:45;12.85
17-09-2022 20:00;11.17
17-09-2022 20:15;10.24
17-09-2022 20:30;10.43
17-09-2022 20:45;10.68
17-09-2022 21:00;10.82
17-09-2022 21:15;10.94
17-09-2022 21:30;10.99
17-09-2022 21:45;11.63
17-09-2022 22:00;12.08
17-09-2022 22:15;12.1
17-09-2022 22:30;12.09
17-09-2022 22:45;12.2
17-09-2022 23:00;12.18
17-09-2022 23:15;12.56
17-09-2022 23:30;13.07
17-09-2022 23:45;12.12
18-09-2022 00:00;11
18-09-2022 00:15;11.07
18-09-2022 00:30;11.29
18-09-2022 00:45;11.51
18-09-2022 01:00;11.51
18-09-2022 01:15;11.55
18-09-2022 01:30;11.86
18-09-2022 01:45;11.78
18-09-2022 02:00;11.79
18-09-2022 02:15;11.78
18-09-2022 02:30;11.79
18-09-2022 02:45;11.78
18-09-2022 03:00;11.72
18-09-2022 03:15;11.67
18-09-2022 03:30;11.58
18-09-2022 03:45;11.59
18-09-2022 04:00;11.3
18-09-2022 04:15;11.15
18-09-2022 04:30;11.07
18-09-2022 04:45;10.93
18-09-2022 05:00;10.62
18-09-2022 05:15;10.45
18-09-2022 05:30;10.44
18-09-2022 05:45;10.26
18-09-2022 06:00;10.17
18-09-2022 06:15;10.03
18-09-2022 06:30;9.97
18-09-2022 06:45;9.94
18-09-2022 07:00;9.99
18-09-2022 07:15;10.18
18-09-2022 07:30;10.24
18-09-2022 07:45;10.25
18-09-2022 08:00;10.3
18-09-2022 08:15;11.01
18-09-2022 08:30;10.6
18-09-2022 08:45;10.36
18-09-2022 09:00;10.3
18-09-2022 09:15;10.3
18-09-2022 09:30;10.3
18-09-2022 09:45;10.29
18-09-2022 10:00;10.37
18-09-2022 10:15;10.35
18-09-2022 10:30;10.33
18-09-2022 10:45;10.22
18-09-2022 11:00;9.79
18-09-2022 11:15;9.75
18-09-2022 11:30;9.68
18-09-2022 11:45;9.73
18-09-2022 12:00;9.86
18-09-2022 12:15;10.42
18-09-2022 12:30;10.37
18-09-2022 12:45;10.35
18-09-2022 13:00;10.29
18-09-2022 13:15;10.34
18-09-2022 13:30;11.35
18-09-2022 13:45;12.21
18-09-2022 14:00;12.31
18-09-2022 14:15;13.34
18-09-2022 14:30;13.81
18-09-2022 14:45;15.23
18-09-2022 15:00;16.58
18-09-2022 15:15;17.08
18-09-2022 15:30;16.03
18-09-2022 15:45;15.55
18-09-2022 16:00;15.25
18-09-2022 16:15;14.12
18-09-2022 16:30;14.47
18-09-2022 16:45;14.55
18-09-2022 17:00;14.95
18-09-2022 17:15;14.88
18-09-2022 17:30;14.65
18-09-2022 17:45;14.64
18-09-2022 18:00;14.73
18-09-2022 18:15;14.67
18-09-2022 18:30;14.54
18-09-2022 18:45;14.66
18-09-2022 19:00;14.88
18-09-2022 19:15;14.77
18-09-2022 19:30;14.42
18-09-2022 19:45;14.31
18-09-2022 20:00;14.07
18-09-2022 20:15;14.01
18-09-2022 20:30;13.98
18-09-2022 20:45;13.99
18-09-2022 21:00;14.12
18-09-2022 21:15;14.1
18-09-2022 21:30;14.27
18-09-2022 21:45;14.3
18-09-2022 22:00;14.46
18-09-2022 22:15;14.61
18-09-2022 22:30;14.6
18-09-2022 22:45;14.6
18-09-2022 23:00;14.64
18-09-2022 23:15;14.95
18-09-2022 23:30;14.88
18-09-2022 23:45;14.77
19-09-2022 00:00;14.75
19-09-2022 00:15;14.86
19-09-2022 00:30;14.82
19-09-2022 00:45;14.76
19-09-2022 01:00;14.63
19-09-2022 01:15;14.59
19-09-2022 01:30;14.56
19-09-2022 01:45;14.47
19-09-2022 02:00;14.42
19-09-2022 02:15;14.22
19-09-2022 02:30;14.06
19-09-2022 02:45;14.11
19-09-2022 03:00;13.9
19-09-2022 03:15;13.72
19-09-2022 03:30;12.35
19-09-2022 03:45;10.25
19-09-2022 04:00;10.02
19-09-2022 04:15;10.37
19-09-2022 04:30;13.18
19-09-2022 04:45;13.48
19-09-2022 05:00;13.23
19-09-2022 05:15;12.78
19-09-2022 05:30;12.57
19-09-2022 05:45;10.52
19-09-2022 06:00;10.17
19-09-2022 06:15;10.02
19-09-2022 06:30;9.9
19-09-2022 06:45;9.97
19-09-2022 07:00;9.89
19-09-2022 07:15;9.73
19-09-2022 07:30;9.33
19-09-2022 07:45;9.86
19-09-2022 08:00;9.92
19-09-2022 08:15;9.97
19-09-2022 08:30;9.5
19-09-2022 08:45;9.45
19-09-2022 09:00;9.25
19-09-2022 09:15;10.22
19-09-2022 09:30;10.86
19-09-2022 09:45;11.21
19-09-2022 10:00;11.26
19-09-2022 10:15;12.08
19-09-2022 10:30;13.07
19-09-2022 10:45;13.04
19-09-2022 11:00;12.86
19-09-2022 11:15;12.1
19-09-2022 11:30;12.09
19-09-2022 11:45;12.31
19-09-2022 12:00;12.21
19-09-2022 12:15;12.4
19-09-2022 12:30;13.92
19-09-2022 12:45;13.75
19-09-2022 13:00;13.91
19-09-2022 13:15;13.92
19-09-2022 13:30;13.87
19-09-2022 13:45;13.81
19-09-2022 14:00;13.89
19-09-2022 14:15;13.8
19-09-2022 14:30;13.74
19-09-2022 14:45;13.83
19-09-2022 15:00;13.77
19-09-2022 15:15;13.76
19-09-2022 15:30;14.08
19-09-2022 15:45;14.15
19-09-2022 16:00;14.15
19-09-2022 16:15;14.22
19-09-2022 16:30;14.34
19-09-2022 16:45;14.32
19-09-2022 17:00;15.13
19-09-2022 17:15;17.15
19-09-2022 17:30;17.29
19-09-2022 17:45;16.98
19-09-2022 18:00;16.91
19-09-2022 18:15;15.71
19-09-2022 18:30;14.49
19-09-2022 18:45;13.94
19-09-2022 19:00;13.61
19-09-2022 19:15;13.86
19-09-2022 19:30;15.08
19-09-2022 19:45;14.36
19-09-2022 20:00;13.49
19-09-2022 20:15;13.66
19-09-2022 20:30;13.78
19-09-2022 20:45;13.96
19-09-2022 21:00;14.1
19-09-2022 21:15;14.1
19-09-2022 21:30;14.38
19-09-2022 21:45;14.43
19-09-2022 22:00;14.15
19-09-2022 22:15;13.63
19-09-2022 22:30;13.87
19-09-2022 22:45;14.12
19-09-2022 23:00;14.05
19-09-2022 23:15;14.06
19-09-2022 23:30;14.29
19-09-2022 23:45;14.36
20-09-2022 00:00;14.45
20-09-2022 00:15;14.58
20-09-2022 00:30;14.4
20-09-2022 00:45;14.54
20-09-2022 01:00;14.44
20-09-2022 01:15;14.68
20-09-2022 01:30;15.1
20-09-2022 01:45;15.26
20-09-2022 02:00;15.26
20-09-2022 02:15;15.27
20-09-2022 02:30;15.41
20-09-2022 02:45;15.34
20-09-2022 03:00;15.36
20-09-2022 03:15;15.35
20-09-2022 03:30;15.29
20-09-2022 03:45;15.22
20-09-2022 04:00;15.06
20-09-2022 04:15;14.91
20-09-2022 04:30;14.73
20-09-2022 04:45;14.55
20-09-2022 05:00;14.54
20-09-2022 05:15;15.43
20-09-2022 05:30;15.26
20-09-2022 05:45;15.54
20-09-2022 06:00;15.38
20-09-2022 06:15;15.12
20-09-2022 06:30;14.76
20-09-2022 06:45;14.32
20-09-2022 07:00;14.03
20-09-2022 07:15;13.72
20-09-2022 07:30;13.43
20-09-2022 07:45;12.93
20-09-2022 08:00;11.81
20-09-2022 08:15;11.71
20-09-2022 08:30;12.32
20-09-2022 08:45;12.39
20-09-2022 09:00;13.23
20-09-2022 09:15;14.28
20-09-2022 09:30;14.23
20-09-2022 09:45;14.33
20-09-2022 10:00;14.75
20-09-2022 10:15;16.06
20-09-2022 10:30;17
20-09-2022 10:45;17.28
20-09-2022 11:00;15.05
20-09-2022 11:15;10.85
20-09-2022 11:30;6.31
20-09-2022 11:45;9.44
20-09-2022 12:00;15.49
20-09-2022 12:15;16.41
20-09-2022 12:30;15.98
20-09-2022 12:45;16.55
20-09-2022 13:00;17.49
20-09-2022 13:15;18.09
20-09-2022 13:30;17.72
20-09-2022 13:45;17.27
20-09-2022 14:00;18.24
20-09-2022 14:15;18.75
20-09-2022 14:30;19.05
20-09-2022 14:45;19.16
20-09-2022 15:00;19.86
20-09-2022 15:15;20.44
20-09-2022 15:30;20.55
20-09-2022 15:45;20.21
20-09-2022 16:00;19.69
20-09-2022 16:15;19.81
20-09-2022 16:30;19.25
20-09-2022 16:45;19.04
20-09-2022 17:00;19.1
20-09-2022 17:15;20.14
20-09-2022 17:30;19.18
20-09-2022 17:45;18.29
20-09-2022 18:00;18.29
20-09-2022 18:15;17.88
20-09-2022 18:30;18.01
20-09-2022 18:45;17.77
20-09-2022 19:00;17.8
20-09-2022 19:15;17.64
20-09-2022 19:30;17.89
20-09-2022 19:45;17.65
20-09-2022 20:00;17.65
20-09-2022 20:15;17.65
20-09-2022 20:30;17.62
20-09-2022 20:45;17.62
20-09-2022 21:00;17.48
20-09-2022 21:15;17.59
20-09-2022 21:30;17.52
20-09-2022 21:45;17.69
20-09-2022 22:00;17.5
20-09-2022 22:15;17.18
20-09-2022 22:30;16.91
20-09-2022 22:45;16.66
20-09-2022 23:00;16.22
20-09-2022 23:15;16.05
20-09-2022 23:30;16
20-09-2022 23:45;15.98
21-09-2022 00:00;15.9
21-09-2022 00:15;15.86
21-09-2022 00:30;16.06
21-09-2022 00:45;16.21
21-09-2022 01:00;14.97
21-09-2022 01:15;14.61
21-09-2022 01:30;14.44
21-09-2022 01:45;14.8
21-09-2022 02:00;15.61
21-09-2022 02:15;15.33
21-09-2022 02:30;15.59
21-09-2022 02:45;15.21
21-09-2022 03:00;15.29
21-09-2022 03:15;15.54
21-09-2022 03:30;15.51
21-09-2022 03:45;15.31
21-09-2022 04:00;15.68
21-09-2022 04:15;16.06
21-09-2022 04:30;15.84
21-09-2022 04:45;15.53
21-09-2022 05:00;15.54
21-09-2022 05:15;15.61
21-09-2022 05:30;15.22
21-09-2022 05:45;15.24
21-09-2022 06:00;15.36
21-09-2022 06:15;15.48
21-09-2022 06:30;15.38
21-09-2022 06:45;14.94
21-09-2022 07:00;14.68
21-09-2022 07:15;14.42
21-09-2022 07:30;13.95
21-09-2022 07:45;10.45
21-09-2022 08:00;9.92
21-09-2022 08:15;10.05
21-09-2022 08:30;10.21
21-09-2022 08:45;10.3
21-09-2022 09:00;10.37
21-09-2022 09:15;10.62
21-09-2022 09:30;10.92
21-09-2022 09:45;11.18
21-09-2022 10:00;11.82
21-09-2022 10:15;12.41
21-09-2022 10:30;13
21-09-2022 10:45;13.5
21-09-2022 11:00;14.28
21-09-2022 11:15;18.26
21-09-2022 11:30;20.7
21-09-2022 11:45;20.56
21-09-2022 12:00;19.64
21-09-2022 12:15;18.8
21-09-2022 12:30;17.6
21-09-2022 12:45;17.49
21-09-2022 13:00;16.83
21-09-2022 13:15;15.76
21-09-2022 13:30;15.22
21-09-2022 13:45;14.74
21-09-2022 14:00;14.49
21-09-2022 14:15;14.43
21-09-2022 14:30;14.48
21-09-2022 14:45;14.53
21-09-2022 15:00;14.45
21-09-2022 15:15;14.38
21-09-2022 15:30;14.38
21-09-2022 15:45;14.39
21-09-2022 16:00;14.35
21-09-2022 16:15;14.34
21-09-2022 16:30;14.32
21-09-2022 16:45;14.3
21-09-2022 17:00;14.38
21-09-2022 17:15;14.32
21-09-2022 17:30;14.35
21-09-2022 17:45;14.31
21-09-2022 18:00;14.16
21-09-2022 18:15;13.97
21-09-2022 18:30;13.62
21-09-2022 18:45;13.6
21-09-2022 19:00;13.59
21-09-2022 19:15;13.64
21-09-2022 19:30;13.48
21-09-2022 19:45;11.92
21-09-2022 20:00;11.27
21-09-2022 20:15;11.46
21-09-2022 20:30;11.71
21-09-2022 20:45;11.83
21-09-2022 21:00;11.91
21-09-2022 21:15;11.92
21-09-2022 21:30;12.48
21-09-2022 21:45;15.97
21-09-2022 22:00;16.85
21-09-2022 22:15;16.27
21-09-2022 22:30;15.77
21-09-2022 22:45;15.45
21-09-2022 23:00;15.14
21-09-2022 23:15;15.13
21-09-2022 23:30;15.16
21-09-2022 23:45;14.19
22-09-2022 00:00;13.81
22-09-2022 00:15;13.63
22-09-2022 00:30;13.57
22-09-2022 00:45;13.58
22-09-2022 01:00;13.66
22-09-2022 01:15;13.78
22-09-2022 01:30;13.58
22-09-2022 01:45;13.52
22-09-2022 02:00;13.49
22-09-2022 02:15;13.54
22-09-2022 02:30;13.39
22-09-2022 02:45;13.27
22-09-2022 03:00;12.38
22-09-2022 03:15;10.6
22-09-2022 03:30;10.62
22-09-2022 03:45;10.88
22-09-2022 04:00;10.95
22-09-2022 04:15;10.89
22-09-2022 04:30;10.79
22-09-2022 04:45;10.78
22-09-2022 05:00;10.61
22-09-2022 05:15;10.41
22-09-2022 05:30;10.25
22-09-2022 05:45;10.33
22-09-2022 06:00;10.31
22-09-2022 06:15;10.2
22-09-2022 06:30;10.45
22-09-2022 06:45;11.19
22-09-2022 07:00;11.38
22-09-2022 07:15;11.36
22-09-2022 07:30;11.23
22-09-2022 07:45;11.16
22-09-2022 08:00;12.01
22-09-2022 08:15;9.92
22-09-2022 08:30;9.18
22-09-2022 08:45;8.89
22-09-2022 09:00;9.17
22-09-2022 09:15;9.56
22-09-2022 09:30;9.65
22-09-2022 09:45;9.87
22-09-2022 10:00;10.73
22-09-2022 10:15;10.68
22-09-2022 10:30;11.24
22-09-2022 10:45;11.71
22-09-2022 11:00;12.97
22-09-2022 11:15;14.53
22-09-2022 11:30;12.45
22-09-2022 11:45;12.12
22-09-2022 12:00;10.97
22-09-2022 12:15;15.37
22-09-2022 12:30;17.32
22-09-2022 12:45;17.27
22-09-2022 13:00;16.28
22-09-2022 13:15;15.88
22-09-2022 13:30;15.9
22-09-2022 13:45;16.31
22-09-2022 14:00;14.55
22-09-2022 14:15;13.98
22-09-2022 14:30;13.33
22-09-2022 14:45;12.8
22-09-2022 15:00;11.61
22-09-2022 15:15;10.22
22-09-2022 15:30;10.23
22-09-2022 15:45;10.32
22-09-2022 16:00;10.51
22-09-2022 16:15;10.96
22-09-2022 16:30;11.55
22-09-2022 16:45;11.79
22-09-2022 17:00;11.89
22-09-2022 17:15;12.34
22-09-2022 17:30;12.7
22-09-2022 17:45;12.75
22-09-2022 18:00;12.8
22-09-2022 18:15;13.04
22-09-2022 18:30;13.05
22-09-2022 18:45;13.15
22-09-2022 19:00;13.14
22-09-2022 19:15;13.15
22-09-2022 19:30;13.12
22-09-2022 19:45;13.1
22-09-2022 20:00;13.17
22-09-2022 20:15;13.16
22-09-2022 20:30;13.22
22-09-2022 20:45;13.33
22-09-2022 21:00;13.3
22-09-2022 21:15;13.34
22-09-2022 21:30;13.33
22-09-2022 21:45;13.36
22-09-2022 22:00;13.41
22-09-2022 22:15;13.42
22-09-2022 22:30;13.32
22-09-2022 22:45;13.71
22-09-2022 23:00;13.95
22-09-2022 23:15;14.9
22-09-2022 23:30;17.88
22-09-2022 23:45;17.9
23-09-2022 00:00;17.53
23-09-2022 00:15;16.87
23-09-2022 00:30;16.23
23-09-2022 00:45;15.86
23-09-2022 01:00;15.58
23-09-2022 01:15;15.27
23-09-2022 01:30;14.89
23-09-2022 01:45;14.66
23-09-2022 02:00;14.6
23-09-2022 02:15;14.48
23-09-2022 02:30;14.45
23-09-2022 02:45;14.7
23-09-2022 03:00;14.84
23-09-2022 03:15;15.17
23-09-2022 03:30;14.62
23-09-2022 03:45;14.28
23-09-2022 04:00;14.09
23-09-2022 04:15;13.82
23-09-2022 04:30;13.83
23-09-2022 04:45;13.9
23-09-2022 05:00;14.12
23-09-2022 05:15;14.01
23-09-2022 05:30;13.91
23-09-2022 05:45;13.58
23-09-2022 06:00;12.95
23-09-2022 06:15;10.91
23-09-2022 06:30;10.22
23-09-2022 06:45;10.34
23-09-2022 07:00;10.31
23-09-2022 07:15;10.55
23-09-2022 07:30;10.55
23-09-2022 07:45;10.62
23-09-2022 08:00;10.58
23-09-2022 08:15;10.61
23-09-2022 08:30;10.58
23-09-2022 08:45;10.6
23-09-2022 09:00;10.67
23-09-2022 09:15;10.61
23-09-2022 09:30;10.66
23-09-2022 09:45;11.03
23-09-2022 10:00;11.68
23-09-2022 10:15;10.32
23-09-2022 10:30;10.17
23-09-2022 10:45;10.29
23-09-2022 11:00;10.57
23-09-2022 11:15;10.9
23-09-2022 11:30;11.08
23-09-2022 11:45;11.12
23-09-2022 12:00;12.21
23-09-2022 12:15;12.12
23-09-2022 12:30;12.19
23-09-2022 12:45;12.3
23-09-2022 13:00;12.58
23-09-2022 13:15;14.11
23-09-2022 13:30;16.39
23-09-2022 13:45;16.25
23-09-2022 14:00;16.04
23-09-2022 14:15;16.05
23-09-2022 14:30;15.56
23-09-2022 14:45;14.75
23-09-2022 15:00;14.46
23-09-2022 15:15;14.1
23-09-2022 15:30;13.87
23-09-2022 15:45;14.1
23-09-2022 16:00;13.09
23-09-2022 16:15;13.39
23-09-2022 16:30;13.31
23-09-2022 16:45;13.46
23-09-2022 17:00;13.52
23-09-2022 17:15;13.56
23-09-2022 17:30;13.58
23-09-2022 17:45;13.54
23-09-2022 18:00;13.61
23-09-2022 18:15;13.59
23-09-2022 18:30;13.6
23-09-2022 18:45;13.56
23-09-2022 19:00;13.51
23-09-2022 19:15;13.53
23-09-2022 19:30;13.58
23-09-2022 19:45;13.93
23-09-2022 20:00;15.19
23-09-2022 20:15;14.79
23-09-2022 20:30;14.01
23-09-2022 20:45;12.3
23-09-2022 21:00;9.04
23-09-2022 21:15;10.31
23-09-2022 21:30;10.81
23-09-2022 21:45;13.51
23-09-2022 22:00;16.01
23-09-2022 22:15;13.07
23-09-2022 22:30;12.73
23-09-2022 22:45;12.67
23-09-2022 23:00;12.81
23-09-2022 23:15;12.86
23-09-2022 23:30;12.97
23-09-2022 23:45;12.99
24-09-2022 00:00;13.13
24-09-2022 00:15;13.08
24-09-2022 00:30;13.22
24-09-2022 00:45;13.13
24-09-2022 01:00;13.24
24-09-2022 01:15;14.72
24-09-2022 01:30;14.89
24-09-2022 01:45;14.62
24-09-2022 02:00;14.4
24-09-2022 02:15;14.36
24-09-2022 02:30;14.69
24-09-2022 02:45;14.41
24-09-2022 03:00;14.04
24-09-2022 03:15;13.87
24-09-2022 03:30;13.45
24-09-2022 03:45;13.18
24-09-2022 04:00;12.96
24-09-2022 04:15;12.73
24-09-2022 04:30;12.47
24-09-2022 04:45;12.38
24-09-2022 05:00;12.27
24-09-2022 05:15;11.95
24-09-2022 05:30;9.89
24-09-2022 05:45;9.38
24-09-2022 06:00;8.69
24-09-2022 06:15;9.03
24-09-2022 06:30;8.82
24-09-2022 06:45;9.28
24-09-2022 07:00;9.3
24-09-2022 07:15;9.44
24-09-2022 07:30;9.48
24-09-2022 07:45;9.47
24-09-2022 08:00;9.47
24-09-2022 08:15;9.43
24-09-2022 08:30;9.42
24-09-2022 08:45;9.34
24-09-2022 09:00;9.44
24-09-2022 09:15;10.69
24-09-2022 09:30;13.42
24-09-2022 09:45;12
24-09-2022 10:00;11.89
24-09-2022 10:15;11.79
24-09-2022 10:30;11.69
24-09-2022 10:45;11.62
24-09-2022 11:00;11.69
24-09-2022 11:15;11.58
24-09-2022 11:30;11.71
24-09-2022 11:45;11.86
24-09-2022 12:00;11.89
24-09-2022 12:15;12.08
24-09-2022 12:30;12.3
24-09-2022 12:45;12.72
24-09-2022 13:00;13.03
24-09-2022 13:15;13.15
24-09-2022 13:30;15.56
24-09-2022 13:45;16.84
24-09-2022 14:00;17.53
24-09-2022 14:15;17.43
24-09-2022 14:30;17.45
24-09-2022 14:45;17.07
24-09-2022 15:00;16.41
24-09-2022 15:15;16.22
24-09-2022 15:30;16.14
24-09-2022 15:45;15.88
24-09-2022 16:00;15.64
24-09-2022 16:15;15.63
24-09-2022 16:30;15.47
24-09-2022 16:45;15.56
24-09-2022 17:00;15.48
24-09-2022 17:15;15.63
24-09-2022 17:30;16.1
24-09-2022 17:45;15.68
24-09-2022 18:00;16.27
24-09-2022 18:15;15.87
24-09-2022 18:30;16.05
24-09-2022 18:45;15.81
24-09-2022 19:00;15.71
24-09-2022 19:15;15.89
24-09-2022 19:30;15.56
24-09-2022 19:45;15.52
24-09-2022 20:00;15.11
24-09-2022 20:15;15.17
24-09-2022 20:30;14.96
24-09-2022 20:45;15.16
24-09-2022 21:00;14.11
24-09-2022 21:15;14.33
24-09-2022 21:30;14
24-09-2022 21:45;14.01
24-09-2022 22:00;14.3
24-09-2022 22:15;13.47
24-09-2022 22:30;13.58
24-09-2022 22:45;13.95
24-09-2022 23:00;13.92
24-09-2022 23:15;13.85
24-09-2022 23:30;13.88
24-09-2022 23:45;13.96
25-09-2022 00:00;13.99
25-09-2022 00:15;13.87
25-09-2022 00:30;13.8
25-09-2022 00:45;13.76
25-09-2022 01:00;13.61
25-09-2022 01:15;13.74
25-09-2022 01:30;13.74
25-09-2022 01:45;13.57
25-09-2022 02:00;13.6
25-09-2022 02:15;13.55
25-09-2022 02:30;13.47
25-09-2022 02:45;13.31
25-09-2022 03:00;12.96
25-09-2022 03:15;12.85
25-09-2022 03:30;12.49
25-09-2022 03:45;11.49
25-09-2022 04:00;9.83
25-09-2022 04:15;9.58
25-09-2022 04:30;9.63
25-09-2022 04:45;10.11
25-09-2022 05:00;10.19
25-09-2022 05:15;10.24
25-09-2022 05:30;10.38
25-09-2022 05:45;10.37
25-09-2022 06:00;10.39
25-09-2022 06:15;10.45
25-09-2022 06:30;10.38
25-09-2022 06:45;10.26
25-09-2022 07:00;10.12
25-09-2022 07:15;10.31
25-09-2022 07:30;10.22
25-09-2022 07:45;10.12
25-09-2022 08:00;10.11
25-09-2022 08:15;10.26
25-09-2022 08:30;10.2
25-09-2022 08:45;10.09
25-09-2022 09:00;9.75
25-09-2022 09:15;9.52
25-09-2022 09:30;9.35
25-09-2022 09:45;9.19
25-09-2022 10:00;9.4
25-09-2022 10:15;10.4
25-09-2022 10:30;11.2
25-09-2022 10:45;10.44
25-09-2022 11:00;10.34
25-09-2022 11:15;10.26
25-09-2022 11:30;10.05
25-09-2022 11:45;9.67
25-09-2022 12:00;9.82
25-09-2022 12:15;10.09
25-09-2022 12:30;10.36
25-09-2022 12:45;10.62
25-09-2022 13:00;10.88
25-09-2022 13:15;11.43
25-09-2022 13:30;11.8
25-09-2022 13:45;12.46
25-09-2022 14:00;12.97
25-09-2022 14:15;13.14
25-09-2022 14:30;14.23
25-09-2022 14:45;15.41
25-09-2022 15:00;15.93
25-09-2022 15:15;15.44
25-09-2022 15:30;14.18
25-09-2022 15:45;13.8
25-09-2022 16:00;13.63
25-09-2022 16:15;13.64
25-09-2022 16:30;13.56
25-09-2022 16:45;14.53
25-09-2022 17:00;14.32
25-09-2022 17:15;13.48
25-09-2022 17:30;13.6
25-09-2022 17:45;13.74
25-09-2022 18:00;13.79
25-09-2022 18:15;13.98
25-09-2022 18:30;14.23
25-09-2022 18:45;14.42
25-09-2022 19:00;15.51
25-09-2022 19:15;15.44
25-09-2022 19:30;15.52
25-09-2022 19:45;15.59
25-09-2022 20:00;15.76
25-09-2022 20:15;15.95
25-09-2022 20:30;16
25-09-2022 20:45;16.57
25-09-2022 21:00;16.72
25-09-2022 21:15;17.3
25-09-2022 21:30;17.32
25-09-2022 21:45;17.4
25-09-2022 22:00;17.41
25-09-2022 22:15;17.47
25-09-2022 22:30;17.46
25-09-2022 22:45;17.68
25-09-2022 23:00;17.94
25-09-2022 23:15;17.83
25-09-2022 23:30;17.9
25-09-2022 23:45;17.79
26-09-2022 00:00;17.66
26-09-2022 00:15;17.56
26-09-2022 00:30;17.54
26-09-2022 00:45;17.41
26-09-2022 01:00;17.3
26-09-2022 01:15;17.15
26-09-2022 01:30;16.99
26-09-2022 01:45;17.13
26-09-2022 02:00;17.47
26-09-2022 02:15;17.57
26-09-2022 02:30;17.55
26-09-2022 02:45;17.41
26-09-2022 03:00;17.42
26-09-2022 03:15;17.38
26-09-2022 03:30;17.97
26-09-2022 03:45;17.03
26-09-2022 04:00;16.49
26-09-2022 04:15;15.66
26-09-2022 04:30;15.45
26-09-2022 04:45;15.18
26-09-2022 05:00;14.44
26-09-2022 05:15;14.37
26-09-2022 05:30;13.86
26-09-2022 05:45;13.64
26-09-2022 06:00;12.97
26-09-2022 06:15;12.06
26-09-2022 06:30;10.74
26-09-2022 06:45;10.29
26-09-2022 07:00;10.16
26-09-2022 07:15;9.84
26-09-2022 07:30;10.43
26-09-2022 07:45;10.29
26-09-2022 08:00;10.5
26-09-2022 08:15;10.49
26-09-2022 08:30;10.66
26-09-2022 08:45;11.27
26-09-2022 09:00;12.49
26-09-2022 09:15;11.82
26-09-2022 09:30;10.08
26-09-2022 09:45;10.12
26-09-2022 10:00;10.23
26-09-2022 10:15;10.32
26-09-2022 10:30;10.45
26-09-2022 10:45;10.68
26-09-2022 11:00;11.04
26-09-2022 11:15;11.28
26-09-2022 11:30;11.48
26-09-2022 11:45;11.65
26-09-2022 12:00;11.95
26-09-2022 12:15;12.09
26-09-2022 12:30;13.03
26-09-2022 12:45;17.14
26-09-2022 13:00;17.9
26-09-2022 13:15;17.98
26-09-2022 13:30;17.94
26-09-2022 13:45;17.84
26-09-2022 14:00;17.04
26-09-2022 14:15;17.06
26-09-2022 14:30;17.08
26-09-2022 14:45;17.44
26-09-2022 15:00;19.08
26-09-2022 15:15;19.98
26-09-2022 15:30;21.35
26-09-2022 15:45;23.43
26-09-2022 16:00;28.89
26-09-2022 16:15;30.88
26-09-2022 16:30;30.13
26-09-2022 16:45;29.79
26-09-2022 17:00;31.78
26-09-2022 17:15;35.08
26-09-2022 17:30;36.77
26-09-2022 17:45;41.01
26-09-2022 18:00;42.59
26-09-2022 18:15;44.62
26-09-2022 18:30;44.9
26-09-2022 18:45;45.24
26-09-2022 19:00;45.64
26-09-2022 19:15;45.45
26-09-2022 19:30;44.54
26-09-2022 19:45;44.06
26-09-2022 20:00;42.88
26-09-2022 20:15;42.9
26-09-2022 20:30;42.55
26-09-2022 20:45;41.13
26-09-2022 21:00;39.73
26-09-2022 21:15;37.66
26-09-2022 21:30;34.34
26-09-2022 21:45;33.18
26-09-2022 22:00;32.03
26-09-2022 22:15;31.24
26-09-2022 22:30;29.87
26-09-2022 22:45;28.5
26-09-2022 23:00;26.58
26-09-2022 23:15;24.81
26-09-2022 23:30;22.93
26-09-2022 23:45;22.89
27-09-2022 00:00;22.27
27-09-2022 00:15;21.9
27-09-2022 00:30;21.59
27-09-2022 00:45;20.99
27-09-2022 01:00;19.55
27-09-2022 01:15;18.91
27-09-2022 01:30;17.44
27-09-2022 01:45;16.38
27-09-2022 02:00;16.89
27-09-2022 02:15;17.21
27-09-2022 02:30;17.18
27-09-2022 02:45;17.08
27-09-2022 03:00;17.15
27-09-2022 03:15;16.83
27-09-2022 03:30;16.97
27-09-2022 03:45;16.72
27-09-2022 04:00;17
27-09-2022 04:15;16.93
27-09-2022 04:30;16.76
27-09-2022 04:45;16.67
27-09-2022 05:00;16.18
27-09-2022 05:15;16.3
27-09-2022 05:30;15.89
27-09-2022 05:45;14.99
27-09-2022 06:00;14.33
27-09-2022 06:15;12.33
27-09-2022 06:30;10.31
27-09-2022 06:45;10.3
27-09-2022 07:00;10.4
27-09-2022 07:15;10.32
27-09-2022 07:30;10.6
27-09-2022 07:45;10.81
27-09-2022 08:00;10.94
27-09-2022 08:15;11
27-09-2022 08:30;11.05
27-09-2022 08:45;11.14
27-09-2022 09:00;11.36
27-09-2022 09:15;13.02
27-09-2022 09:30;13.54
27-09-2022 09:45;14.57
27-09-2022 10:00;12.27
27-09-2022 10:15;11.54
27-09-2022 10:30;11.26
27-09-2022 10:45;12.05
27-09-2022 11:00;13.07
27-09-2022 11:15;16.58
27-09-2022 11:30;18.63
27-09-2022 11:45;21.09
27-09-2022 12:00;21.97
27-09-2022 12:15;20.7
27-09-2022 12:30;20.77
27-09-2022 12:45;22.32
27-09-2022 13:00;22.6
27-09-2022 13:15;21.23
27-09-2022 13:30;21.03
27-09-2022 13:45;20.76
27-09-2022 14:00;20.5
27-09-2022 14:15;20.38
27-09-2022 14:30;20.22
27-09-2022 14:45;21.36
27-09-2022 15:00;20.99
27-09-2022 15:15;19.49
27-09-2022 15:30;19.45
27-09-2022 15:45;19.71
27-09-2022 16:00;19.75
27-09-2022 16:15;19.71
27-09-2022 16:30;19.67
27-09-2022 16:45;19.89
27-09-2022 17:00;20.01
27-09-2022 17:15;19.94
27-09-2022 17:30;20.19
27-09-2022 17:45;20.1
27-09-2022 18:00;19.75
27-09-2022 18:15;19.67
27-09-2022 18:30;20.09
27-09-2022 18:45;20.62
27-09-2022 19:00;21.7
27-09-2022 19:15;22.84
27-09-2022 19:30;24.98
27-09-2022 19:45;25.35
27-09-2022 20:00;25.65
27-09-2022 20:15;26
27-09-2022 20:30;26.02
27-09-2022 20:45;26.06
27-09-2022 21:00;26.12
27-09-2022 21:15;25.91
27-09-2022 21:30;25.94
27-09-2022 21:45;25.89
27-09-2022 22:00;25.67
27-09-2022 22:15;25.59
27-09-2022 22:30;25.49
27-09-2022 22:45;25.28
27-09-2022 23:00;25.61
27-09-2022 23:15;25.6
27-09-2022 23:30;25.39
27-09-2022 23:45;25.53
28-09-2022 00:00;25.56
28-09-2022 00:15;25.53
28-09-2022 00:30;25.89
28-09-2022 00:45;25.86
28-09-2022 01:00;25.95
28-09-2022 01:15;26.22
28-09-2022 01:30;26.18
28-09-2022 01:45;26.25
28-09-2022 02:00;26.51
28-09-2022 02:15;28.15
28-09-2022 02:30;30.69
28-09-2022 02:45;29.39
28-09-2022 03:00;27.24
28-09-2022 03:15;26.01
28-09-2022 03:30;23.66
28-09-2022 03:45;22.02
28-09-2022 04:00;22.15
28-09-2022 04:15;21.29
28-09-2022 04:30;20.73
28-09-2022 04:45;20.19
28-09-2022 05:00;19.35
28-09-2022 05:15;18.88
28-09-2022 05:30;18.81
28-09-2022 05:45;17.13
28-09-2022 06:00;15.82
28-09-2022 06:15;14.94
28-09-2022 06:30;14.63
28-09-2022 06:45;14.48
28-09-2022 07:00;14.09
28-09-2022 07:15;13.71
28-09-2022 07:30;13.41
28-09-2022 07:45;12.92
28-09-2022 08:00;11.88
28-09-2022 08:15;10.09
28-09-2022 08:30;10.39
28-09-2022 08:45;11.55
28-09-2022 09:00;10.79
28-09-2022 09:15;10.18
28-09-2022 09:30;10.26
28-09-2022 09:45;10.74
28-09-2022 10:00;13.33
28-09-2022 10:15;15.23
28-09-2022 10:30;16.16
28-09-2022 10:45;16.05
28-09-2022 11:00;16.06
28-09-2022 11:15;16.38
28-09-2022 11:30;16.41
28-09-2022 11:45;16.39
28-09-2022 12:00;17.04
28-09-2022 12:15;15.92
28-09-2022 12:30;14.5
28-09-2022 12:45;14.08
28-09-2022 13:00;14.05
28-09-2022 13:15;14.13
28-09-2022 13:30;14.11
28-09-2022 13:45;14.47
28-09-2022 14:00;14.55
28-09-2022 14:15;14.77
28-09-2022 14:30;15.13
28-09-2022 14:45;15.14
28-09-2022 15:00;15.32
28-09-2022 15:15;16.27
28-09-2022 15:30;16.73
28-09-2022 15:45;15.6
28-09-2022 16:00;15.91
28-09-2022 16:15;16.43
28-09-2022 16:30;16.85
28-09-2022 16:45;16.76
28-09-2022 17:00;16.65
28-09-2022 17:15;16.5
28-09-2022 17:30;16.48
28-09-2022 17:45;16.42
28-09-2022 18:00;16.3
28-09-2022 18:15;15.96
28-09-2022 18:30;15.77
28-09-2022 18:45;15.93
28-09-2022 19:00;16.26
28-09-2022 19:15;16.12
28-09-2022 19:30;16.51
28-09-2022 19:45;17.49
28-09-2022 20:00;16.44
28-09-2022 20:15;16.31
28-09-2022 20:30;16.8
28-09-2022 20:45;17.79
28-09-2022 21:00;16.97
28-09-2022 21:15;16.58
28-09-2022 21:30;16.19
28-09-2022 21:45;16.1
28-09-2022 22:00;16.04
28-09-2022 22:15;15.94
28-09-2022 22:30;16.2
28-09-2022 22:45;16.12
28-09-2022 23:00;16.37
28-09-2022 23:15;16.36
28-09-2022 23:30;16.38
28-09-2022 23:45;16.28
29-09-2022 00:00;16.36
29-09-2022 00:15;16.3
29-09-2022 00:30;16.15
29-09-2022 00:45;16.03
29-09-2022 01:00;16.09
29-09-2022 01:15;16.14
29-09-2022 01:30;15.79
29-09-2022 01:45;15.56
29-09-2022 02:00;15.54
29-09-2022 02:15;15.47
29-09-2022 02:30;14.92
29-09-2022 02:45;14.29
29-09-2022 03:00;14.29
29-09-2022 03:15;14.09
29-09-2022 03:30;13.92
29-09-2022 03:45;14.24
29-09-2022 04:00;13.51
29-09-2022 04:15;12.76
29-09-2022 04:30;10.46
29-09-2022 04:45;10.08
29-09-2022 05:00;10.45
29-09-2022 05:15;10.5
29-09-2022 05:30;10.73
29-09-2022 05:45;10.6
29-09-2022 06:00;10.74
29-09-2022 06:15;10.62
29-09-2022 06:30;10.88
29-09-2022 06:45;11.15
29-09-2022 07:00;10.2
29-09-2022 07:15;9.99
29-09-2022 07:30;9.98
29-09-2022 07:45;10.32
29-09-2022 08:00;10.02
29-09-2022 08:15;10.3
29-09-2022 08:30;10.29
29-09-2022 08:45;10.27
29-09-2022 09:00;10.41
29-09-2022 09:15;10.93
29-09-2022 09:30;10.08
29-09-2022 09:45;9.55
29-09-2022 10:00;9.66
29-09-2022 10:15;9.99
29-09-2022 10:30;10.35
29-09-2022 10:45;10.57
29-09-2022 11:00;10.66
29-09-2022 11:15;10.82
29-09-2022 11:30;10.9
29-09-2022 11:45;11.04
29-09-2022 12:00;11.11
29-09-2022 12:15;11.76
29-09-2022 12:30;12.34
29-09-2022 12:45;12.63
29-09-2022 13:00;16.37
29-09-2022 13:15;18.02
29-09-2022 13:30;17.95
29-09-2022 13:45;17.81
29-09-2022 14:00;17.71
29-09-2022 14:15;18.43
29-09-2022 14:30;18.44
29-09-2022 14:45;18.51
29-09-2022 15:00;19.14
29-09-2022 15:15;19.48
29-09-2022 15:30;19.64
29-09-2022 15:45;20.4
29-09-2022 16:00;21.85
29-09-2022 16:15;21.47
29-09-2022 16:30;20.95
29-09-2022 16:45;21.02
29-09-2022 17:00;21.61
29-09-2022 17:15;21.9
29-09-2022 17:30;22
29-09-2022 17:45;22.06
29-09-2022 18:00;21.92
29-09-2022 18:15;22.4
29-09-2022 18:30;22.05
29-09-2022 18:45;22.43
29-09-2022 19:00;22.9
29-09-2022 19:15;23.92
29-09-2022 19:30;22.91
29-09-2022 19:45;22.48
29-09-2022 20:00;22.23
29-09-2022 20:15;21.81
29-09-2022 20:30;19.9
29-09-2022 20:45;19.42
29-09-2022 21:00;19.08
29-09-2022 21:15;18.97
29-09-2022 21:30;18.93
29-09-2022 21:45;18.96
29-09-2022 22:00;18.95
29-09-2022 22:15;18.82
29-09-2022 22:30;18.9
29-09-2022 22:45;19
29-09-2022 23:00;18.71
29-09-2022 23:15;18.82
29-09-2022 23:30;18.54
29-09-2022 23:45;18.93
30-09-2022 00:00;18.6
30-09-2022 00:15;18.47
30-09-2022 00:30;18.78
30-09-2022 00:45;18.45
30-09-2022 01:00;18.39
30-09-2022 01:15;18.4
30-09-2022 01:30;18.23
30-09-2022 01:45;18.37
30-09-2022 02:00;17.75
30-09-2022 02:15;18.11
30-09-2022 02:30;17.55
30-09-2022 02:45;17.56
30-09-2022 03:00;17.22
30-09-2022 03:15;16.94
30-09-2022 03:30;16.8
30-09-2022 03:45;16.16
30-09-2022 04:00;15.88
30-09-2022 04:15;14.64
30-09-2022 04:30;14
30-09-2022 04:45;13.1
30-09-2022 05:00;12.03
30-09-2022 05:15;10.82
30-09-2022 05:30;10.68
30-09-2022 05:45;10.63
30-09-2022 06:00;9.99
30-09-2022 06:15;10.36
30-09-2022 06:30;11.75
30-09-2022 06:45;13.28
30-09-2022 07:00;11.65
30-09-2022 07:15;11.51
30-09-2022 07:30;11.25
30-09-2022 07:45;10.94
30-09-2022 08:00;10.72
30-09-2022 08:15;10.03
30-09-2022 08:30;10.17
30-09-2022 08:45;10.1
30-09-2022 09:00;10.23
30-09-2022 09:15;10.2
30-09-2022 09:30;10.27
30-09-2022 09:45;10.3
30-09-2022 10:00;10.4
30-09-2022 10:15;10.49
30-09-2022 10:30;10.6
30-09-2022 10:45;10.82
30-09-2022 11:00;11.72
30-09-2022 11:15;12.11
30-09-2022 11:30;11.9
30-09-2022 11:45;12.8
30-09-2022 12:00;12.69
30-09-2022 12:15;13.12
30-09-2022 12:30;13.52
30-09-2022 12:45;15.84
30-09-2022 13:00;17.3
30-09-2022 13:15;17.17
30-09-2022 13:30;16.88
30-09-2022 13:45;16.57
30-09-2022 14:00;16.02
30-09-2022 14:15;15.86
30-09-2022 14:30;15.62
30-09-2022 14:45;15.39
30-09-2022 15:00;15.51
30-09-2022 15:15;14.55
30-09-2022 15:30;13.92
30-09-2022 15:45;13.14
30-09-2022 16:00;13.05
30-09-2022 16:15;13.14
30-09-2022 16:30;11.09
30-09-2022 16:45;10.88
30-09-2022 17:00;11.02
30-09-2022 17:15;11.25
30-09-2022 17:30;11.48
30-09-2022 17:45;11.48
30-09-2022 18:00;11.84
30-09-2022 18:15;11.77
30-09-2022 18:30;12.5
30-09-2022 18:45;12.74
30-09-2022 19:00;13.55
30-09-2022 19:15;14.16
30-09-2022 19:30;13.87
30-09-2022 19:45;14.53
30-09-2022 20:00;14.59
30-09-2022 20:15;17.02
30-09-2022 20:30;18.17
30-09-2022 20:45;18.05
30-09-2022 21:00;17.64
30-09-2022 21:15;17.35
30-09-2022 21:30;17.13
30-09-2022 21:45;16.7
30-09-2022 22:00;16.52
30-09-2022 22:15;16.34
30-09-2022 22:30;16.98
30-09-2022 22:45;17.09
30-09-2022 23:00;16.97
30-09-2022 23:15;16.82
30-09-2022 23:30;16.78
30-09-2022 23:45;16.72
1-10-2022 00:00;16.56
1-10-2022 00:15;16.61
1-10-2022 00:30;16.41
1-10-2022 00:45;16.45
1-10-2022 01:00;16.51
1-10-2022 01:15;16.82
1-10-2022 01:30;15.33
1-10-2022 01:45;14.71
1-10-2022 02:00;14.5
1-10-2022 02:15;14.66
1-10-2022 02:30;14.83
1-10-2022 02:45;14.94
1-10-2022 03:00;15.36
1-10-2022 03:15;15.9
1-10-2022 03:30;16.6
1-10-2022 03:45;17.54
1-10-2022 04:00;18.08
1-10-2022 04:15;18.73
1-10-2022 04:30;19.5
1-10-2022 04:45;19.95
1-10-2022 05:00;20.03
1-10-2022 05:15;20.14
1-10-2022 05:30;20.26
1-10-2022 05:45;20.69
1-10-2022 06:00;20.78
1-10-2022 06:15;20.88
1-10-2022 06:30;20.99
1-10-2022 06:45;20.88
1-10-2022 07:00;21.03
1-10-2022 07:15;20.85
1-10-2022 07:30;20.73
1-10-2022 07:45;20.57
1-10-2022 08:00;20.33
1-10-2022 08:15;20.25
1-10-2022 08:30;20.03
1-10-2022 08:45;19.78
1-10-2022 09:00;19.32
1-10-2022 09:15;19.33
1-10-2022 09:30;18.77
1-10-2022 09:45;17.94
1-10-2022 10:00;18.2
1-10-2022 10:15;18.47
1-10-2022 10:30;18.14
1-10-2022 10:45;18.09
1-10-2022 11:00;18.04
1-10-2022 11:15;18.19
1-10-2022 11:30;17.8
1-10-2022 11:45;17.76
1-10-2022 12:00;17.12
1-10-2022 12:15;16.78
1-10-2022 12:30;16.63
1-10-2022 12:45;16.31
1-10-2022 13:00;16.06
1-10-2022 13:15;15.67
1-10-2022 13:30;15.65
1-10-2022 13:45;15.55
1-10-2022 14:00;15.64
1-10-2022 14:15;15.74
1-10-2022 14:30;15.94
1-10-2022 14:45;16.41
1-10-2022 15:00;16.43
1-10-2022 15:15;16.72
1-10-2022 15:30;16.66
1-10-2022 15:45;16.74
1-10-2022 16:00;16.71
1-10-2022 16:15;16.94
1-10-2022 16:30;16.79
1-10-2022 16:45;16.78
1-10-2022 17:00;16.75
1-10-2022 17:15;16.64
1-10-2022 17:30;16.64
1-10-2022 17:45;16.57
1-10-2022 18:00;16.71
1-10-2022 18:15;16.51
1-10-2022 18:30;16.53
1-10-2022 18:45;16.16
1-10-2022 19:00;15.87
1-10-2022 19:15;15.85
1-10-2022 19:30;15.8
1-10-2022 19:45;15.88
1-10-2022 20:00;15.73
1-10-2022 20:15;15.82
1-10-2022 20:30;15.54
1-10-2022 20:45;15.07
1-10-2022 21:00;14.44
1-10-2022 21:15;14.18
1-10-2022 21:30;13.95
1-10-2022 21:45;13.78
1-10-2022 22:00;13.7
1-10-2022 22:15;13.58
1-10-2022 22:30;13.7
1-10-2022 22:45;13.51
1-10-2022 23:00;13.6
1-10-2022 23:15;13.68
1-10-2022 23:30;13.62
1-10-2022 23:45;13.66
2-10-2022 00:00;13.57
2-10-2022 00:15;13.54
2-10-2022 00:30;13.46
2-10-2022 00:45;13.53
2-10-2022 01:00;13.22
2-10-2022 01:15;13.11
2-10-2022 01:30;12.04
2-10-2022 01:45;10.63
2-10-2022 02:00;10.62
2-10-2022 02:15;10.6
2-10-2022 02:30;10.9
2-10-2022 02:45;10.94
2-10-2022 03:00;11.07
2-10-2022 03:15;11.15
2-10-2022 03:30;11.22
2-10-2022 03:45;11.14
2-10-2022 04:00;11.18
2-10-2022 04:15;11.18
2-10-2022 04:30;11.11
2-10-2022 04:45;11.1
2-10-2022 05:00;10.89
2-10-2022 05:15;10.44
2-10-2022 05:30;10.39
2-10-2022 05:45;10.3
2-10-2022 06:00;10.27
2-10-2022 06:15;10.3
2-10-2022 06:30;10.29
2-10-2022 06:45;10.23
2-10-2022 07:00;10.19
2-10-2022 07:15;9.93
2-10-2022 07:30;9.62
2-10-2022 07:45;9.63
2-10-2022 08:00;9.8
2-10-2022 08:15;9.81
2-10-2022 08:30;10.03
2-10-2022 08:45;10.36
2-10-2022 09:00;10.28
2-10-2022 09:15;10.37
2-10-2022 09:30;10.34
2-10-2022 09:45;10.34
2-10-2022 10:00;10.29
2-10-2022 10:15;10.31
2-10-2022 10:30;10.32
2-10-2022 10:45;10.5
2-10-2022 11:00;9.94
2-10-2022 11:15;10.24
2-10-2022 11:30;10.44
2-10-2022 11:45;10.46
2-10-2022 12:00;10.66
2-10-2022 12:15;11.01
2-10-2022 12:30;11.31
2-10-2022 12:45;11.4
2-10-2022 13:00;11.57
2-10-2022 13:15;11.8
2-10-2022 13:30;12.42
2-10-2022 13:45;13.5
2-10-2022 14:00;15.43
2-10-2022 14:15;17.53
2-10-2022 14:30;18.57
2-10-2022 14:45;17.69
2-10-2022 15:00;17.42
2-10-2022 15:15;17.54
2-10-2022 15:30;17.32
2-10-2022 15:45;17.83
2-10-2022 16:00;18.72
2-10-2022 16:15;19.47
2-10-2022 16:30;20.26
2-10-2022 16:45;21.26
2-10-2022 17:00;22
2-10-2022 17:15;23.58
2-10-2022 17:30;25.33
2-10-2022 17:45;27.19
2-10-2022 18:00;28.93
2-10-2022 18:15;30.43
2-10-2022 18:30;29.64
2-10-2022 18:45;26.79
2-10-2022 19:00;24.13
2-10-2022 19:15;24.11
2-10-2022 19:30;24.17
2-10-2022 19:45;24.57
2-10-2022 20:00;25
2-10-2022 20:15;26.54
2-10-2022 20:30;27.71
2-10-2022 20:45;26.43
2-10-2022 21:00;26.96
2-10-2022 21:15;28.21
2-10-2022 21:30;28.85
2-10-2022 21:45;28.47
2-10-2022 22:00;28.47
2-10-2022 22:15;27.98
2-10-2022 22:30;27.88
2-10-2022 22:45;27.62
2-10-2022 23:00;27.14
2-10-2022 23:15;26.96
2-10-2022 23:30;26.8
2-10-2022 23:45;26.24
3-10-2022 00:00;24.82
3-10-2022 00:15;25.09
3-10-2022 00:30;24.97
3-10-2022 00:45;24.37
3-10-2022 01:00;23.84
3-10-2022 01:15;23.32
3-10-2022 01:30;22.97
3-10-2022 01:45;22.21
3-10-2022 02:00;21.6
3-10-2022 02:15;21.38
3-10-2022 02:30;20.12
3-10-2022 02:45;18.66
3-10-2022 03:00;16.99
3-10-2022 03:15;16.61
3-10-2022 03:30;15.09
3-10-2022 03:45;14.41
3-10-2022 04:00;14.13
3-10-2022 04:15;13.72
3-10-2022 04:30;12.72
3-10-2022 04:45;10.79
3-10-2022 05:00;10.06
3-10-2022 05:15;9.93
3-10-2022 05:30;10.14
3-10-2022 05:45;10.13
3-10-2022 06:00;10.17
3-10-2022 06:15;10.52
3-10-2022 06:30;10.59
3-10-2022 06:45;9.28
3-10-2022 07:00;8.67
3-10-2022 07:15;8.63
3-10-2022 07:30;8.61
3-10-2022 07:45;8.43
3-10-2022 08:00;8.22
3-10-2022 08:15;8.3
3-10-2022 08:30;8.36
3-10-2022 08:45;8.39
3-10-2022 09:00;8.26
3-10-2022 09:15;8.31
3-10-2022 09:30;8.26
3-10-2022 09:45;8.48
3-10-2022 10:00;9.02
3-10-2022 10:15;8.41
3-10-2022 10:30;7.13
3-10-2022 10:45;7.88
3-10-2022 11:00;8.28
3-10-2022 11:15;8.43
3-10-2022 11:30;8.32
3-10-2022 11:45;8.74
3-10-2022 12:00;9.12
3-10-2022 12:15;10.74
3-10-2022 12:30;11.41
3-10-2022 12:45;11.51
3-10-2022 13:00;13
3-10-2022 13:15;16.76
3-10-2022 13:30;17.69
3-10-2022 13:45;17.22
3-10-2022 14:00;16.95
3-10-2022 14:15;16.72
3-10-2022 14:30;16.41
3-10-2022 14:45;15.91
3-10-2022 15:00;14.93
3-10-2022 15:15;15.2
3-10-2022 15:30;16.7
3-10-2022 15:45;16.02
3-10-2022 16:00;14.5
3-10-2022 16:15;13.99
3-10-2022 16:30;13.62
3-10-2022 16:45;12.94
3-10-2022 17:00;11.19
3-10-2022 17:15;10.88
3-10-2022 17:30;10.93
3-10-2022 17:45;11.12
3-10-2022 18:00;12.64
3-10-2022 18:15;13.36
3-10-2022 18:30;14.06
3-10-2022 18:45;15.6
3-10-2022 19:00;15.26
3-10-2022 19:15;14.95
3-10-2022 19:30;14.64
3-10-2022 19:45;14.21
3-10-2022 20:00;14.18
3-10-2022 20:15;14.02
3-10-2022 20:30;13.89
3-10-2022 20:45;13.96
3-10-2022 21:00;14
3-10-2022 21:15;14.06
3-10-2022 21:30;14.03
3-10-2022 21:45;14.19
3-10-2022 22:00;14.2
3-10-2022 22:15;14.26
3-10-2022 22:30;14.43
3-10-2022 22:45;14.54
3-10-2022 23:00;14.63
3-10-2022 23:15;15.22
3-10-2022 23:30;15.72
3-10-2022 23:45;14.96
4-10-2022 00:00;14.82
4-10-2022 00:15;14.64
4-10-2022 00:30;14.83
4-10-2022 00:45;14.76
4-10-2022 01:00;14.77
4-10-2022 01:15;14.78
4-10-2022 01:30;14.77
4-10-2022 01:45;14.69
4-10-2022 02:00;14.57
4-10-2022 02:15;14.51
4-10-2022 02:30;14.21
4-10-2022 02:45;14.08
4-10-2022 03:00;14
4-10-2022 03:15;13.8
4-10-2022 03:30;13.54
4-10-2022 03:45;13.38
4-10-2022 04:00;13.23
4-10-2022 04:15;12.82
4-10-2022 04:30;12.45
4-10-2022 04:45;11.14
4-10-2022 05:00;10.01
4-10-2022 05:15;10.44
4-10-2022 05:30;9.29
4-10-2022 05:45;8.83
4-10-2022 06:00;9.23
4-10-2022 06:15;9.49
4-10-2022 06:30;9.74
4-10-2022 06:45;9.73
4-10-2022 07:00;9.81
4-10-2022 07:15;9.8
4-10-2022 07:30;10.01
4-10-2022 07:45;10.31
4-10-2022 08:00;10.26
4-10-2022 08:15;10.3
4-10-2022 08:30;11.3
4-10-2022 08:45;11.72
4-10-2022 09:00;11.3
4-10-2022 09:15;10.05
4-10-2022 09:30;7.48
4-10-2022 09:45;7.42
4-10-2022 10:00;7.95
4-10-2022 10:15;8.4
4-10-2022 10:30;8.7
4-10-2022 10:45;8.89
4-10-2022 11:00;8.96
4-10-2022 11:15;9.08
4-10-2022 11:30;9.28
4-10-2022 11:45;10.26
4-10-2022 12:00;11.23
4-10-2022 12:15;12.02
4-10-2022 12:30;13.56
4-10-2022 12:45;13.79
4-10-2022 13:00;15.77
4-10-2022 13:15;17.11
4-10-2022 13:30;16.54
4-10-2022 13:45;15.7
4-10-2022 14:00;13.87
4-10-2022 14:15;13.02
4-10-2022 14:30;12.69
4-10-2022 14:45;11.34
4-10-2022 15:00;12.56
4-10-2022 15:15;14.42
4-10-2022 15:30;14.2
4-10-2022 15:45;13.9
4-10-2022 16:00;12.21
4-10-2022 16:15;11.51
4-10-2022 16:30;13.22
4-10-2022 16:45;16.13
4-10-2022 17:00;17.55
4-10-2022 17:15;14.88
4-10-2022 17:30;14.1
4-10-2022 17:45;14.8
4-10-2022 18:00;14.71
4-10-2022 18:15;14.69
4-10-2022 18:30;14.65
4-10-2022 18:45;14.64
4-10-2022 19:00;14.63
4-10-2022 19:15;14.52
4-10-2022 19:30;14.51
4-10-2022 19:45;14.96
4-10-2022 20:00;13.86
4-10-2022 20:15;14.71
4-10-2022 20:30;14.63
4-10-2022 20:45;13.99
4-10-2022 21:00;14.06
4-10-2022 21:15;14.1
4-10-2022 21:30;14.23
4-10-2022 21:45;14.18
4-10-2022 22:00;14.3
4-10-2022 22:15;14.31
4-10-2022 22:30;14.32
4-10-2022 22:45;14.32
4-10-2022 23:00;14.37
4-10-2022 23:15;14.38
4-10-2022 23:30;14.35
4-10-2022 23:45;14.4
5-10-2022 00:00;14.38
5-10-2022 00:15;14.37
5-10-2022 00:30;14.43
5-10-2022 00:45;14.47
5-10-2022 01:00;14.47
5-10-2022 01:15;14.57
5-10-2022 01:30;14.63
5-10-2022 01:45;13.55
5-10-2022 02:00;13.76
5-10-2022 02:15;13.58
5-10-2022 02:30;13.56
5-10-2022 02:45;13.56
5-10-2022 03:00;13.52
5-10-2022 03:15;13.44
5-10-2022 03:30;13.29
5-10-2022 03:45;13.06
5-10-2022 04:00;12.8
5-10-2022 04:15;12.61
5-10-2022 04:30;12.84
5-10-2022 04:45;13.24
5-10-2022 05:00;13.18
5-10-2022 05:15;13.25
5-10-2022 05:30;13.02
5-10-2022 05:45;12.75
5-10-2022 06:00;12.82
5-10-2022 06:15;12.49
5-10-2022 06:30;10.13
5-10-2022 06:45;9.85
5-10-2022 07:00;9.89
5-10-2022 07:15;9.73
5-10-2022 07:30;9.64
5-10-2022 07:45;9.36
5-10-2022 08:00;9.25
5-10-2022 08:15;10.98
5-10-2022 08:30;11.26
5-10-2022 08:45;10.85
5-10-2022 09:00;10.9
5-10-2022 09:15;10.98
5-10-2022 09:30;10.57
5-10-2022 09:45;10.4
5-10-2022 10:00;10.9
5-10-2022 10:15;10.7
5-10-2022 10:30;10.8
5-10-2022 10:45;10.92
5-10-2022 11:00;11.56
5-10-2022 11:15;11.45
5-10-2022 11:30;11.66
5-10-2022 11:45;12.58
5-10-2022 12:00;12.82
5-10-2022 12:15;12.94
5-10-2022 12:30;13.2
5-10-2022 12:45;14.03
5-10-2022 13:00;13.78
5-10-2022 13:15;13.84
5-10-2022 13:30;13.99
5-10-2022 13:45;15.04
5-10-2022 14:00;18.14
5-10-2022 14:15;18.11
5-10-2022 14:30;17.9
5-10-2022 14:45;17.6
5-10-2022 15:00;16.97
5-10-2022 15:15;15.19
5-10-2022 15:30;12.27
5-10-2022 15:45;10.15
5-10-2022 16:00;10.83
5-10-2022 16:15;11.63
5-10-2022 16:30;12.77
5-10-2022 16:45;13.1
5-10-2022 17:00;13.79
5-10-2022 17:15;16.53
5-10-2022 17:30;14.44
5-10-2022 17:45;14.31
5-10-2022 18:00;14.66
5-10-2022 18:15;13.58
5-10-2022 18:30;13.51
5-10-2022 18:45;13.45
5-10-2022 19:00;13.1
5-10-2022 19:15;13.27
5-10-2022 19:30;13.26
5-10-2022 19:45;13.27
5-10-2022 20:00;13.29
5-10-2022 20:15;13.11
5-10-2022 20:30;13.1
5-10-2022 20:45;13.09
5-10-2022 21:00;13.21
5-10-2022 21:15;13.3
5-10-2022 21:30;13.35
5-10-2022 21:45;13.49
5-10-2022 22:00;13.59
5-10-2022 22:15;13.7
5-10-2022 22:30;13.86
5-10-2022 22:45;13.98
5-10-2022 23:00;14.07
5-10-2022 23:15;14.14
5-10-2022 23:30;14.42
5-10-2022 23:45;14.39
6-10-2022 00:00;14.46
6-10-2022 00:15;14.46
6-10-2022 00:30;14.48
6-10-2022 00:45;14.58
6-10-2022 01:00;14.55
6-10-2022 01:15;14.49
6-10-2022 01:30;14.49
6-10-2022 01:45;14.43
6-10-2022 02:00;14.34
6-10-2022 02:15;14.22
6-10-2022 02:30;14.1
6-10-2022 02:45;13.92
6-10-2022 03:00;13.71
6-10-2022 03:15;13.68
6-10-2022 03:30;13.92
6-10-2022 03:45;14.61
6-10-2022 04:00;15.28
6-10-2022 04:15;13.82
6-10-2022 04:30;13.85
6-10-2022 04:45;13.71
6-10-2022 05:00;13.47
6-10-2022 05:15;12.6
6-10-2022 05:30;10.88
6-10-2022 05:45;10.79
6-10-2022 06:00;10.9
6-10-2022 06:15;11.19
6-10-2022 06:30;11.15
6-10-2022 06:45;11.13
6-10-2022 07:00;11.03
6-10-2022 07:15;10.89
6-10-2022 07:30;10.72
6-10-2022 07:45;10.5
6-10-2022 08:00;10.44
6-10-2022 08:15;10.38
6-10-2022 08:30;10.38
6-10-2022 08:45;10.66
6-10-2022 09:00;11.55
6-10-2022 09:15;10.69
6-10-2022 09:30;10.43
6-10-2022 09:45;10.62
6-10-2022 10:00;10.88
6-10-2022 10:15;11.24
6-10-2022 10:30;11.6
6-10-2022 10:45;11.83
6-10-2022 11:00;12.33
6-10-2022 11:15;12.44
6-10-2022 11:30;11.65
6-10-2022 11:45;13.3
6-10-2022 12:00;16.62
6-10-2022 12:15;17.56
6-10-2022 12:30;16.3
6-10-2022 12:45;16
6-10-2022 13:00;14.71
6-10-2022 13:15;14.32
6-10-2022 13:30;15.64
6-10-2022 13:45;16.12
6-10-2022 14:00;15.92
6-10-2022 14:15;16.61
6-10-2022 14:30;15.12
6-10-2022 14:45;14.29
6-10-2022 15:00;14.69
6-10-2022 15:15;14.8
6-10-2022 15:30;14.8
6-10-2022 15:45;14.9
6-10-2022 16:00;15.46
6-10-2022 16:15;15.49
6-10-2022 16:30;16.56
6-10-2022 16:45;16.25
6-10-2022 17:00;15.96
6-10-2022 17:15;15.73
6-10-2022 17:30;15.61
6-10-2022 17:45;15.4
6-10-2022 18:00;15.32
6-10-2022 18:15;15.09
6-10-2022 18:30;15.03
6-10-2022 18:45;14.97
6-10-2022 19:00;14.85
6-10-2022 19:15;14.8
6-10-2022 19:30;14.5
6-10-2022 19:45;13.98
6-10-2022 20:00;13.91
6-10-2022 20:15;13.74
6-10-2022 20:30;13.52
6-10-2022 20:45;13.12
6-10-2022 21:00;13.74
6-10-2022 21:15;13.22
6-10-2022 21:30;12.06
6-10-2022 21:45;11.18
6-10-2022 22:00;10.6
6-10-2022 22:15;10.83
6-10-2022 22:30;11.14
6-10-2022 22:45;11.29
6-10-2022 23:00;11.62
6-10-2022 23:15;11.69
6-10-2022 23:30;11.85
6-10-2022 23:45;12.15
7-10-2022 00:00;12.37
7-10-2022 00:15;12.31
7-10-2022 00:30;12.45
7-10-2022 00:45;12.52
7-10-2022 01:00;12.52
7-10-2022 01:15;12.56
7-10-2022 01:30;12.54
7-10-2022 01:45;12.6
7-10-2022 02:00;12.5
7-10-2022 02:15;12.43
7-10-2022 02:30;12.37
7-10-2022 02:45;13.31
7-10-2022 03:00;15.53
7-10-2022 03:15;14.9
7-10-2022 03:30;14.37
7-10-2022 03:45;13.92
7-10-2022 04:00;13.51
7-10-2022 04:15;12.23
7-10-2022 04:30;10.25
7-10-2022 04:45;9.62
7-10-2022 05:00;9.97
7-10-2022 05:15;10.36
7-10-2022 05:30;10.58
7-10-2022 05:45;10.67
7-10-2022 06:00;10.7
7-10-2022 06:15;10.66
7-10-2022 06:30;10.74
7-10-2022 06:45;10.8
7-10-2022 07:00;10.74
7-10-2022 07:15;10.72
7-10-2022 07:30;10.64
7-10-2022 07:45;10.47
7-10-2022 08:00;10.46
7-10-2022 08:15;10.38
7-10-2022 08:30;10.3
7-10-2022 08:45;10.21
7-10-2022 09:00;10.53
7-10-2022 09:15;11.28
7-10-2022 09:30;10.25
7-10-2022 09:45;10.4
7-10-2022 10:00;11.19
7-10-2022 10:15;9.96
7-10-2022 10:30;9.6
7-10-2022 10:45;9.6
7-10-2022 11:00;9.86
7-10-2022 11:15;10.26
7-10-2022 11:30;10.59
7-10-2022 11:45;10.85
7-10-2022 12:00;11
7-10-2022 12:15;11.12
7-10-2022 12:30;11.12
7-10-2022 12:45;11.84
7-10-2022 13:00;13.3
7-10-2022 13:15;13.61
7-10-2022 13:30;17.35
7-10-2022 13:45;17.4
7-10-2022 14:00;17.29
7-10-2022 14:15;16.8
7-10-2022 14:30;16.28
7-10-2022 14:45;15.8
7-10-2022 15:00;15.47
7-10-2022 15:15;15.58
7-10-2022 15:30;15.57
7-10-2022 15:45;15.49
7-10-2022 16:00;15.43
7-10-2022 16:15;15.44
7-10-2022 16:30;15.39
7-10-2022 16:45;15.38
7-10-2022 17:00;15.37
7-10-2022 17:15;15.33
7-10-2022 17:30;15.31
7-10-2022 17:45;15.08
7-10-2022 18:00;15.15
7-10-2022 18:15;15.3
7-10-2022 18:30;15.39
7-10-2022 18:45;15.13
7-10-2022 19:00;15.03
7-10-2022 19:15;14.76
7-10-2022 19:30;14.59
7-10-2022 19:45;14.5
7-10-2022 20:00;14.36
7-10-2022 20:15;14.09
7-10-2022 20:30;13.34
7-10-2022 20:45;13.41
7-10-2022 21:00;13.4
7-10-2022 21:15;13.37
7-10-2022 21:30;13.43
7-10-2022 21:45;13.59
7-10-2022 22:00;13.57
7-10-2022 22:15;13.53
7-10-2022 22:30;13.53
7-10-2022 22:45;13.28
7-10-2022 23:00;13.33
7-10-2022 23:15;14.45
7-10-2022 23:30;14.28
7-10-2022 23:45;13.95
8-10-2022 00:00;13.74
8-10-2022 00:15;13.45
8-10-2022 00:30;13.26
8-10-2022 00:45;11.43
8-10-2022 01:00;10.2
8-10-2022 01:15;10.86
8-10-2022 01:30;11.15
8-10-2022 01:45;11.23
8-10-2022 02:00;11.25
8-10-2022 02:15;11.24
8-10-2022 02:30;11.21
8-10-2022 02:45;11.21
8-10-2022 03:00;11.09
8-10-2022 03:15;11.07
8-10-2022 03:30;10.99
8-10-2022 03:45;10.97
8-10-2022 04:00;10.8
8-10-2022 04:15;11.75
8-10-2022 04:30;10.73
8-10-2022 04:45;9.25
8-10-2022 05:00;9.14
8-10-2022 05:15;9.08
8-10-2022 05:30;9.1
8-10-2022 05:45;9.02
8-10-2022 06:00;8.94
8-10-2022 06:15;8.98
8-10-2022 06:30;9.03
8-10-2022 06:45;9.04
8-10-2022 07:00;8.92
8-10-2022 07:15;9.06
8-10-2022 07:30;9.08
8-10-2022 07:45;9.11
8-10-2022 08:00;9.24
8-10-2022 08:15;9.38
8-10-2022 08:30;9.4
8-10-2022 08:45;9.41
8-10-2022 09:00;9.44
8-10-2022 09:15;9.41
8-10-2022 09:30;9.48
8-10-2022 09:45;9.95
8-10-2022 10:00;9.82
8-10-2022 10:15;10.83
8-10-2022 10:30;10.76
8-10-2022 10:45;10.23
8-10-2022 11:00;10.27
8-10-2022 11:15;10.49
8-10-2022 11:30;10.84
8-10-2022 11:45;13.39
8-10-2022 12:00;12.28
8-10-2022 12:15;10.7
8-10-2022 12:30;10.53
8-10-2022 12:45;11.01
8-10-2022 13:00;11.32
8-10-2022 13:15;12.16
8-10-2022 13:30;12.1
8-10-2022 13:45;12.33
8-10-2022 14:00;12.55
8-10-2022 14:15;12.78
8-10-2022 14:30;13.11
8-10-2022 14:45;13.23
8-10-2022 15:00;14.46
8-10-2022 15:15;16
8-10-2022 15:30;17.15
8-10-2022 15:45;16.28
8-10-2022 16:00;15.52
8-10-2022 16:15;15.35
8-10-2022 16:30;14.99
8-10-2022 16:45;14.92
8-10-2022 17:00;14.87
8-10-2022 17:15;14.79
8-10-2022 17:30;14.78
8-10-2022 17:45;14.82
8-10-2022 18:00;14.8
8-10-2022 18:15;14.81
8-10-2022 18:30;14.81
8-10-2022 18:45;14.71
8-10-2022 19:00;14.7
8-10-2022 19:15;14.66
8-10-2022 19:30;14.67
8-10-2022 19:45;14.7
8-10-2022 20:00;14.71
8-10-2022 20:15;14.71
8-10-2022 20:30;14.53
8-10-2022 20:45;14.41
8-10-2022 21:00;14.34
8-10-2022 21:15;14.31
8-10-2022 21:30;14.23
8-10-2022 21:45;14.3
8-10-2022 22:00;14.22
8-10-2022 22:15;14.05
8-10-2022 22:30;13.93
8-10-2022 22:45;13.79
8-10-2022 23:00;13.82
8-10-2022 23:15;13.59
8-10-2022 23:30;13.36
8-10-2022 23:45;13.05
9-10-2022 00:00;12.92
9-10-2022 00:15;12.93
9-10-2022 00:30;12.86
9-10-2022 00:45;12.51
9-10-2022 01:00;11.38
9-10-2022 01:15;11.5
9-10-2022 01:30;11.52
9-10-2022 01:45;11.71
9-10-2022 02:00;11.6
9-10-2022 02:15;11.66
9-10-2022 02:30;11.62
9-10-2022 02:45;11.65
9-10-2022 03:00;11.67
9-10-2022 03:15;11.48
9-10-2022 03:30;11.5
9-10-2022 03:45;11.4
9-10-2022 04:00;11.34
9-10-2022 04:15;11.23
9-10-2022 04:30;11.21
9-10-2022 04:45;11.03
9-10-2022 05:00;10.98
9-10-2022 05:15;10.88
9-10-2022 05:30;10.74
9-10-2022 05:45;10.62
9-10-2022 06:00;9.99
9-10-2022 06:15;9.97
9-10-2022 06:30;9.72
9-10-2022 06:45;9.48
9-10-2022 07:00;9.24
9-10-2022 07:15;9.12
9-10-2022 07:30;9.02
9-10-2022 07:45;9.14
9-10-2022 08:00;9.21
9-10-2022 08:15;9.31
9-10-2022 08:30;10.05
9-10-2022 08:45;9.28
9-10-2022 09:00;8.75
9-10-2022 09:15;8.85
9-10-2022 09:30;9.18
9-10-2022 09:45;9.52
9-10-2022 10:00;9.82
9-10-2022 10:15;10
9-10-2022 10:30;10.05
9-10-2022 10:45;10.17
9-10-2022 11:00;10.26
9-10-2022 11:15;10.26
9-10-2022 11:30;10.34
9-10-2022 11:45;10.37
9-10-2022 12:00;10.94
9-10-2022 12:15;11.11
9-10-2022 12:30;11.68
9-10-2022 12:45;11.61
9-10-2022 13:00;11.91
9-10-2022 13:15;12.11
9-10-2022 13:30;13.03
9-10-2022 13:45;17.13
9-10-2022 14:00;17.3
9-10-2022 14:15;16.91
9-10-2022 14:30;16.33
9-10-2022 14:45;15.84
9-10-2022 15:00;14.72
9-10-2022 15:15;13.72
9-10-2022 15:30;13.57
9-10-2022 15:45;13.3
9-10-2022 16:00;13.84
9-10-2022 16:15;13.46
9-10-2022 16:30;12.09
9-10-2022 16:45;10.21
9-10-2022 17:00;10.47
9-10-2022 17:15;10.67
9-10-2022 17:30;10.9
9-10-2022 17:45;11.24
9-10-2022 18:00;11.82
9-10-2022 18:15;12.19
9-10-2022 18:30;12.13
9-10-2022 18:45;12.3
9-10-2022 19:00;12.34
9-10-2022 19:15;13.93
9-10-2022 19:30;17.42
9-10-2022 19:45;17.57
9-10-2022 20:00;17.09
9-10-2022 20:15;16.49
9-10-2022 20:30;16.12
9-10-2022 20:45;15.71
9-10-2022 21:00;15.62
9-10-2022 21:15;15.43
9-10-2022 21:30;15.46
9-10-2022 21:45;15.38
9-10-2022 22:00;15.38
9-10-2022 22:15;15.58
9-10-2022 22:30;15.46
9-10-2022 22:45;15.67
9-10-2022 23:00;15.53
9-10-2022 23:15;15.64
9-10-2022 23:30;15.63
9-10-2022 23:45;15.6
10-10-2022 00:00;15.83
10-10-2022 00:15;15.98
10-10-2022 00:30;17.07
10-10-2022 00:45;16.37
10-10-2022 01:00;15.78
10-10-2022 01:15;15.5
10-10-2022 01:30;15.37
10-10-2022 01:45;15.07
10-10-2022 02:00;14.07
10-10-2022 02:15;13.98
10-10-2022 02:30;13.81
10-10-2022 02:45;13.68
10-10-2022 03:00;13.16
10-10-2022 03:15;13.41
10-10-2022 03:30;13.44
10-10-2022 03:45;13.13
10-10-2022 04:00;13.03
10-10-2022 04:15;11.28
10-10-2022 04:30;10.67
10-10-2022 04:45;10.83
10-10-2022 05:00;11.01
10-10-2022 05:15;11.15
10-10-2022 05:30;11.56
10-10-2022 05:45;11.48
10-10-2022 06:00;11.52
10-10-2022 06:15;11.45
10-10-2022 06:30;11.56
10-10-2022 06:45;11.66
10-10-2022 07:00;11.53
10-10-2022 07:15;11.49
10-10-2022 07:30;11.42
10-10-2022 07:45;11.45
10-10-2022 08:00;11.32
10-10-2022 08:15;11.28
10-10-2022 08:30;11.19
10-10-2022 08:45;11.2
10-10-2022 09:00;11.12
10-10-2022 09:15;11.1
10-10-2022 09:30;11.13
10-10-2022 09:45;11.06
10-10-2022 10:00;11.14
10-10-2022 10:15;11.31
10-10-2022 10:30;13.32
10-10-2022 10:45;14.17
10-10-2022 11:00;13.99
10-10-2022 11:15;14.04
10-10-2022 11:30;13.37
10-10-2022 11:45;13.21
10-10-2022 12:00;13.62
10-10-2022 12:15;13.92
10-10-2022 12:30;14.21
10-10-2022 12:45;14.62
10-10-2022 13:00;14.81
10-10-2022 13:15;15.12
10-10-2022 13:30;15.31
10-10-2022 13:45;15.3
10-10-2022 14:00;15.28
10-10-2022 14:15;15.45
10-10-2022 14:30;15.53
10-10-2022 14:45;15.46
10-10-2022 15:00;15.52
10-10-2022 15:15;15.35
10-10-2022 15:30;15.13
10-10-2022 15:45;15.46
10-10-2022 16:00;15.5
10-10-2022 16:15;15.2
10-10-2022 16:30;16.03
10-10-2022 16:45;15.65
10-10-2022 17:00;14.85
10-10-2022 17:15;14.86
10-10-2022 17:30;14.74
10-10-2022 17:45;14.37
10-10-2022 18:00;14.28
10-10-2022 18:15;14.25
10-10-2022 18:30;14.12
10-10-2022 18:45;14.22
10-10-2022 19:00;14.14
10-10-2022 19:15;13.98
10-10-2022 19:30;14.04
10-10-2022 19:45;14.02
10-10-2022 20:00;14.03
10-10-2022 20:15;14.03
10-10-2022 20:30;14.06
10-10-2022 20:45;13.75
10-10-2022 21:00;13.87
10-10-2022 21:15;13.76
10-10-2022 21:30;13.56
10-10-2022 21:45;14.03
10-10-2022 22:00;14.12
10-10-2022 22:15;14.17
10-10-2022 22:30;14.21
10-10-2022 22:45;14.27
10-10-2022 23:00;14.53
10-10-2022 23:15;14.47
10-10-2022 23:30;14.66
10-10-2022 23:45;15.58
11-10-2022 00:00;14.89
11-10-2022 00:15;14.85
11-10-2022 00:30;14.9
11-10-2022 00:45;14.77
11-10-2022 01:00;14.82
11-10-2022 01:15;14.77
11-10-2022 01:30;15.37
11-10-2022 01:45;15.56
11-10-2022 02:00;15.53
11-10-2022 02:15;15.42
11-10-2022 02:30;15.43
11-10-2022 02:45;15.2
11-10-2022 03:00;15.03
11-10-2022 03:15;13.28
11-10-2022 03:30;12.74
11-10-2022 03:45;11.14
11-10-2022 04:00;11.8
11-10-2022 04:15;12
11-10-2022 04:30;11.97
11-10-2022 04:45;12.85
11-10-2022 05:00;13.53
11-10-2022 05:15;11.53
11-10-2022 05:30;11.57
11-10-2022 05:45;11.78
11-10-2022 06:00;12.03
11-10-2022 06:15;11.8
11-10-2022 06:30;11.65
11-10-2022 06:45;11.42
11-10-2022 07:00;11.32
11-10-2022 07:15;11.2
11-10-2022 07:30;10.97
11-10-2022 07:45;10.73
11-10-2022 08:00;10.6
11-10-2022 08:15;10.38
11-10-2022 08:30;10.31
11-10-2022 08:45;10.46
11-10-2022 09:00;10.42
11-10-2022 09:15;10.17
11-10-2022 09:30;10.38
11-10-2022 09:45;10.91
11-10-2022 10:00;11.49
11-10-2022 10:15;11.59
11-10-2022 10:30;11.91
11-10-2022 10:45;12.38
11-10-2022 11:00;12.64
11-10-2022 11:15;12.16
11-10-2022 11:30;12.33
11-10-2022 11:45;12.04
11-10-2022 12:00;12.18
11-10-2022 12:15;14.38
11-10-2022 12:30;15.96
11-10-2022 12:45;15.83
11-10-2022 13:00;16.14
11-10-2022 13:15;15.57
11-10-2022 13:30;15.03
11-10-2022 13:45;14.33
11-10-2022 14:00;14.41
11-10-2022 14:15;14.48
11-10-2022 14:30;14.69
11-10-2022 14:45;15.5
11-10-2022 15:00;14.52
11-10-2022 15:15;14.65
11-10-2022 15:30;14.27
11-10-2022 15:45;13.35
11-10-2022 16:00;12.73
11-10-2022 16:15;10.99
11-10-2022 16:30;11.2
11-10-2022 16:45;11.41
11-10-2022 17:00;11.79
11-10-2022 17:15;12.06
11-10-2022 17:30;12.72
11-10-2022 17:45;15.27
11-10-2022 18:00;16.21
11-10-2022 18:15;16.26
11-10-2022 18:30;15.13
11-10-2022 18:45;14.75
11-10-2022 19:00;14.36
11-10-2022 19:15;14.15
11-10-2022 19:30;13.83
11-10-2022 19:45;13.89
11-10-2022 20:00;14.01
11-10-2022 20:15;13.98
11-10-2022 20:30;14.02
11-10-2022 20:45;13.97
11-10-2022 21:00;14.39
11-10-2022 21:15;14.22
11-10-2022 21:30;14.54
11-10-2022 21:45;14.57
11-10-2022 22:00;14.63
11-10-2022 22:15;14.74
11-10-2022 22:30;14.83
11-10-2022 22:45;15.01
11-10-2022 23:00;14.95
11-10-2022 23:15;14.89
11-10-2022 23:30;14.85
11-10-2022 23:45;14.98
12-10-2022 00:00;15.02
12-10-2022 00:15;15.05
12-10-2022 00:30;15.05
12-10-2022 00:45;15.03
12-10-2022 01:00;15.03
12-10-2022 01:15;14.92
12-10-2022 01:30;14.94
12-10-2022 01:45;14.74
12-10-2022 02:00;14.81
12-10-2022 02:15;15.12
12-10-2022 02:30;15.17
12-10-2022 02:45;15.33
12-10-2022 03:00;15.25
12-10-2022 03:15;15.34
12-10-2022 03:30;15.24
12-10-2022 03:45;15.16
12-10-2022 04:00;14.98
12-10-2022 04:15;14.89
12-10-2022 04:30;14.51
12-10-2022 04:45;14.27
12-10-2022 05:00;13.95
12-10-2022 05:15;13.43
12-10-2022 05:30;13.13
12-10-2022 05:45;12.54
12-10-2022 06:00;10.39
12-10-2022 06:15;9.63
12-10-2022 06:30;10.46
12-10-2022 06:45;10.37
12-10-2022 07:00;10.56
12-10-2022 07:15;10.45
12-10-2022 07:30;10.58
12-10-2022 07:45;10.5
12-10-2022 08:00;10.55
12-10-2022 08:15;10.55
12-10-2022 08:30;10.51
12-10-2022 08:45;10.7
12-10-2022 09:00;10.6
12-10-2022 09:15;10.74
12-10-2022 09:30;10.99
12-10-2022 09:45;12.14
12-10-2022 10:00;12.15
12-10-2022 10:15;12.36
12-10-2022 10:30;12.42
12-10-2022 10:45;12.89
12-10-2022 11:00;13.17
12-10-2022 11:15;13.54
12-10-2022 11:30;12.22
12-10-2022 11:45;12.16
12-10-2022 12:00;12.07
12-10-2022 12:15;11.97
12-10-2022 12:30;12.39
12-10-2022 12:45;12.58
12-10-2022 13:00;12.17
12-10-2022 13:15;12.84
12-10-2022 13:30;12.75
12-10-2022 13:45;12.69
12-10-2022 14:00;12.72
12-10-2022 14:15;12.81
12-10-2022 14:30;12.75
12-10-2022 14:45;12.55
12-10-2022 15:00;11.87
12-10-2022 15:15;11.75
12-10-2022 15:30;11.96
12-10-2022 15:45;12.09
12-10-2022 16:00;12.2
12-10-2022 16:15;12.26
12-10-2022 16:30;12.34
12-10-2022 16:45;12.29
12-10-2022 17:00;12.57
12-10-2022 17:15;12.63
12-10-2022 17:30;12.7
12-10-2022 17:45;12.7
12-10-2022 18:00;12.7
12-10-2022 18:15;13.56
12-10-2022 18:30;14.76
12-10-2022 18:45;15.55
12-10-2022 19:00;15.4
12-10-2022 19:15;15.74
12-10-2022 19:30;15.67
12-10-2022 19:45;15.48
12-10-2022 20:00;15.14
12-10-2022 20:15;14.89
12-10-2022 20:30;14.99
12-10-2022 20:45;14.77
12-10-2022 21:00;14.85
12-10-2022 21:15;14.8
12-10-2022 21:30;14.94
12-10-2022 21:45;14.94
12-10-2022 22:00;14.95
12-10-2022 22:15;14.97
12-10-2022 22:30;15.07
12-10-2022 22:45;15.4
12-10-2022 23:00;15.64
12-10-2022 23:15;15.48
12-10-2022 23:30;15.76
12-10-2022 23:45;15.78
13-10-2022 00:00;15.6
13-10-2022 00:15;15.4
13-10-2022 00:30;15.3
13-10-2022 00:45;15.4
13-10-2022 01:00;15.61
13-10-2022 01:15;15.43
13-10-2022 01:30;15.43
13-10-2022 01:45;15.38
13-10-2022 02:00;15.32
13-10-2022 02:15;15.11
13-10-2022 02:30;14.9
13-10-2022 02:45;14.74
13-10-2022 03:00;14.49
13-10-2022 03:15;14.31
13-10-2022 03:30;14.03
13-10-2022 03:45;13.89
13-10-2022 04:00;13.56
13-10-2022 04:15;13.11
13-10-2022 04:30;12.91
13-10-2022 04:45;12.85
13-10-2022 05:00;11.77
13-10-2022 05:15;10.23
13-10-2022 05:30;9.05
13-10-2022 05:45;9.65
13-10-2022 06:00;9.83
13-10-2022 06:15;9.86
13-10-2022 06:30;9.92
13-10-2022 06:45;9.95
13-10-2022 07:00;10
13-10-2022 07:15;10.01
13-10-2022 07:30;10.29
13-10-2022 07:45;11.04
13-10-2022 08:00;11.27
13-10-2022 08:15;11.2
13-10-2022 08:30;10.88
13-10-2022 08:45;11.01
13-10-2022 09:00;11.22
13-10-2022 09:15;10.75
13-10-2022 09:30;10.81
13-10-2022 09:45;11.21
13-10-2022 10:00;11.53
13-10-2022 10:15;11.47
13-10-2022 10:30;11.69
13-10-2022 10:45;11.79
13-10-2022 11:00;12.94
13-10-2022 11:15;14.61
13-10-2022 11:30;17.78
13-10-2022 11:45;17.92
13-10-2022 12:00;18.14
13-10-2022 12:15;18.18
13-10-2022 12:30;18.29
13-10-2022 12:45;18.05
13-10-2022 13:00;18.09
13-10-2022 13:15;18.05
13-10-2022 13:30;18.13
13-10-2022 13:45;18.03
13-10-2022 14:00;18.06
13-10-2022 14:15;17.97
13-10-2022 14:30;17.99
13-10-2022 14:45;18.05
13-10-2022 15:00;18.05
13-10-2022 15:15;18.08
13-10-2022 15:30;18.33
13-10-2022 15:45;18.29
13-10-2022 16:00;18.38
13-10-2022 16:15;18.63
13-10-2022 16:30;18.82
13-10-2022 16:45;19.24
13-10-2022 17:00;19.5
13-10-2022 17:15;19.95
13-10-2022 17:30;19.99
13-10-2022 17:45;18.77
13-10-2022 18:00;18.92
13-10-2022 18:15;19.3
13-10-2022 18:30;19.28
13-10-2022 18:45;19.42
13-10-2022 19:00;19.51
13-10-2022 19:15;19.62
13-10-2022 19:30;19.62
13-10-2022 19:45;19.76
13-10-2022 20:00;19.67
13-10-2022 20:15;19.72
13-10-2022 20:30;19.76
13-10-2022 20:45;19.78
13-10-2022 21:00;19.78
13-10-2022 21:15;19.59
13-10-2022 21:30;19.52
13-10-2022 21:45;19.03
13-10-2022 22:00;19.33
13-10-2022 22:15;20.07
13-10-2022 22:30;19.96
13-10-2022 22:45;19.39
13-10-2022 23:00;19.18
13-10-2022 23:15;19.31
13-10-2022 23:30;19.27
13-10-2022 23:45;19.23
14-10-2022 00:00;19.02
14-10-2022 00:15;19.22
14-10-2022 00:30;19.05
14-10-2022 00:45;19.01
14-10-2022 01:00;18.9
14-10-2022 01:15;18.74
14-10-2022 01:30;18.67
14-10-2022 01:45;18.49
14-10-2022 02:00;18.89
14-10-2022 02:15;18.65
14-10-2022 02:30;18.24
14-10-2022 02:45;17.27
14-10-2022 03:00;17.12
14-10-2022 03:15;17.05
14-10-2022 03:30;16.72
14-10-2022 03:45;16.53
14-10-2022 04:00;16.15
14-10-2022 04:15;15.57
14-10-2022 04:30;14.23
14-10-2022 04:45;13.68
14-10-2022 05:00;13.83
14-10-2022 05:15;13.14
14-10-2022 05:30;13.04
14-10-2022 05:45;12.98
14-10-2022 06:00;11.84
14-10-2022 06:15;11.09
14-10-2022 06:30;9.79
14-10-2022 06:45;9.13
14-10-2022 07:00;9.54
14-10-2022 07:15;9.59
14-10-2022 07:30;9.76
14-10-2022 07:45;9.78
14-10-2022 08:00;9.85
14-10-2022 08:15;9.92
14-10-2022 08:30;10.05
14-10-2022 08:45;10.07
14-10-2022 09:00;10.15
14-10-2022 09:15;10.29
14-10-2022 09:30;11.32
14-10-2022 09:45;11.72
14-10-2022 10:00;10.82
14-10-2022 10:15;10.61
14-10-2022 10:30;11.21
14-10-2022 10:45;12.19
14-10-2022 11:00;15.44
14-10-2022 11:15;13.62
14-10-2022 11:30;15.83
14-10-2022 11:45;17.59
14-10-2022 12:00;18.32
14-10-2022 12:15;18.17
14-10-2022 12:30;18.25
14-10-2022 12:45;18.06
14-10-2022 13:00;17.94
14-10-2022 13:15;17.94
14-10-2022 13:30;17.74
14-10-2022 13:45;18.06
14-10-2022 14:00;17.79
14-10-2022 14:15;17.99
14-10-2022 14:30;17.7
14-10-2022 14:45;17.94
14-10-2022 15:00;17.69
14-10-2022 15:15;17.68
14-10-2022 15:30;17.77
14-10-2022 15:45;17.84
14-10-2022 16:00;18.24
14-10-2022 16:15;18.28
14-10-2022 16:30;18.41
14-10-2022 16:45;18.79
14-10-2022 17:00;18.73
14-10-2022 17:15;18.95
14-10-2022 17:30;19.39
14-10-2022 17:45;19.52
14-10-2022 18:00;19.48
14-10-2022 18:15;20.23
14-10-2022 18:30;21.2
14-10-2022 18:45;22.33
14-10-2022 19:00;20.96
14-10-2022 19:15;19.83
14-10-2022 19:30;20.58
14-10-2022 19:45;21.2
14-10-2022 20:00;21.52
14-10-2022 20:15;21.69
14-10-2022 20:30;21.89
14-10-2022 20:45;21.93
14-10-2022 21:00;21.79
14-10-2022 21:15;21.99
14-10-2022 21:30;22.12
14-10-2022 21:45;22.3
14-10-2022 22:00;22.27
14-10-2022 22:15;22.27
14-10-2022 22:30;22.43
14-10-2022 22:45;22.17
14-10-2022 23:00;21.96
14-10-2022 23:15;22.14
14-10-2022 23:30;21.88
14-10-2022 23:45;21.57
15-10-2022 00:00;21.67
15-10-2022 00:15;21.53
15-10-2022 00:30;20.14
15-10-2022 00:45;18.94
15-10-2022 01:00;18.61
15-10-2022 01:15;18.39
15-10-2022 01:30;18.16
15-10-2022 01:45;17.88
15-10-2022 02:00;17.85
15-10-2022 02:15;18.09
15-10-2022 02:30;17.62
15-10-2022 02:45;17.66
15-10-2022 03:00;17.7
15-10-2022 03:15;17.61
15-10-2022 03:30;17.77
15-10-2022 03:45;18.42
15-10-2022 04:00;18.47
15-10-2022 04:15;18.27
15-10-2022 04:30;18.31
15-10-2022 04:45;18.38
15-10-2022 05:00;18.59
15-10-2022 05:15;19.01
15-10-2022 05:30;19.63
15-10-2022 05:45;20.58
15-10-2022 06:00;21.23
15-10-2022 06:15;21.82
15-10-2022 06:30;22.21
15-10-2022 06:45;22.45
15-10-2022 07:00;23.67
15-10-2022 07:15;24.58
15-10-2022 07:30;25.09
15-10-2022 07:45;25.75
15-10-2022 08:00;25.77
15-10-2022 08:15;26.55
15-10-2022 08:30;27.55
15-10-2022 08:45;27.13
15-10-2022 09:00;26.22
15-10-2022 09:15;27.85
15-10-2022 09:30;28.67
15-10-2022 09:45;29.22
15-10-2022 10:00;29.08
15-10-2022 10:15;29.95
15-10-2022 10:30;30.41
15-10-2022 10:45;30.03
15-10-2022 11:00;30.04
15-10-2022 11:15;29.08
15-10-2022 11:30;28.75
15-10-2022 11:45;28.69
15-10-2022 12:00;28.36
15-10-2022 12:15;27.93
15-10-2022 12:30;25.29
15-10-2022 12:45;21.6
15-10-2022 13:00;22.41
15-10-2022 13:15;21.83
15-10-2022 13:30;22.11
15-10-2022 13:45;21.91
15-10-2022 14:00;22.84
15-10-2022 14:15;23.39
15-10-2022 14:30;23.71
15-10-2022 14:45;24.02
15-10-2022 15:00;25.07
15-10-2022 15:15;24.68
15-10-2022 15:30;24.59
15-10-2022 15:45;25.45
15-10-2022 16:00;26.52
15-10-2022 16:15;25.34
15-10-2022 16:30;24.84
15-10-2022 16:45;24.9
15-10-2022 17:00;24.58
15-10-2022 17:15;24.43
15-10-2022 17:30;25.03
15-10-2022 17:45;24.94
15-10-2022 18:00;24.07
15-10-2022 18:15;23.56
15-10-2022 18:30;22.9
15-10-2022 18:45;22.05
15-10-2022 19:00;20.78
15-10-2022 19:15;18.05
15-10-2022 19:30;17.84
15-10-2022 19:45;16.93
15-10-2022 20:00;16.52
15-10-2022 20:15;16.57
15-10-2022 20:30;16.17
15-10-2022 20:45;15.85
15-10-2022 21:00;15.73
15-10-2022 21:15;15.79
15-10-2022 21:30;15.63
15-10-2022 21:45;15.58
15-10-2022 22:00;15.29
15-10-2022 22:15;15.37
15-10-2022 22:30;15.04
15-10-2022 22:45;15
15-10-2022 23:00;14.98
15-10-2022 23:15;14.83
15-10-2022 23:30;14.82
15-10-2022 23:45;14.8
16-10-2022 00:00;14.83
16-10-2022 00:15;14.67
16-10-2022 00:30;14.67
16-10-2022 00:45;15.11
16-10-2022 01:00;15.55
16-10-2022 01:15;14.92
16-10-2022 01:30;14.88
16-10-2022 01:45;14.7
16-10-2022 02:00;14.61
16-10-2022 02:15;14.4
16-10-2022 02:30;14.19
16-10-2022 02:45;13.98
16-10-2022 03:00;13.95
16-10-2022 03:15;13.82
16-10-2022 03:30;13.44
16-10-2022 03:45;13.23
16-10-2022 04:00;12.15
16-10-2022 04:15;10.48
16-10-2022 04:30;10.32
16-10-2022 04:45;11.22
16-10-2022 05:00;10.79
16-10-2022 05:15;10.49
16-10-2022 05:30;10.4
16-10-2022 05:45;10.24
16-10-2022 06:00;10.26
16-10-2022 06:15;10.19
16-10-2022 06:30;10.06
16-10-2022 06:45;10.35
16-10-2022 07:00;10.46
16-10-2022 07:15;9.59
16-10-2022 07:30;9.36
16-10-2022 07:45;8.99
16-10-2022 08:00;8.94
16-10-2022 08:15;9.11
16-10-2022 08:30;9.24
16-10-2022 08:45;9.19
16-10-2022 09:00;9.31
16-10-2022 09:15;9.32
16-10-2022 09:30;9.43
16-10-2022 09:45;9.35
16-10-2022 10:00;9.51
16-10-2022 10:15;9.55
16-10-2022 10:30;9.7
16-10-2022 10:45;9.88
16-10-2022 11:00;9.15
16-10-2022 11:15;9.29
16-10-2022 11:30;10.1
16-10-2022 11:45;9.97
16-10-2022 12:00;9.89
16-10-2022 12:15;9.74
16-10-2022 12:30;9.46
16-10-2022 12:45;9.36
16-10-2022 13:00;9.28
16-10-2022 13:15;9.29
16-10-2022 13:30;9.32
16-10-2022 13:45;9.37
16-10-2022 14:00;9.47
16-10-2022 14:15;9.75
16-10-2022 14:30;10.52
16-10-2022 14:45;10.46
16-10-2022 15:00;10.65
16-10-2022 15:15;10.94
16-10-2022 15:30;11.01
16-10-2022 15:45;11.03
16-10-2022 16:00;12.56
16-10-2022 16:15;14.63
16-10-2022 16:30;15.29
16-10-2022 16:45;14.9
16-10-2022 17:00;14.75
16-10-2022 17:15;14.29
16-10-2022 17:30;12.64
16-10-2022 17:45;12.33
16-10-2022 18:00;12.54
16-10-2022 18:15;12.72
16-10-2022 18:30;12.63
16-10-2022 18:45;12.45
16-10-2022 19:00;12.34
16-10-2022 19:15;12.62
16-10-2022 19:30;13.04
16-10-2022 19:45;12.99
16-10-2022 20:00;13.03
16-10-2022 20:15;13.11
16-10-2022 20:30;13.44
16-10-2022 20:45;13.44
16-10-2022 21:00;13.65
16-10-2022 21:15;14.03
16-10-2022 21:30;13.46
16-10-2022 21:45;12.63
16-10-2022 22:00;14.23
16-10-2022 22:15;14.82
16-10-2022 22:30;16.44
16-10-2022 22:45;16.53
16-10-2022 23:00;16.16
16-10-2022 23:15;16.19
16-10-2022 23:30;16
16-10-2022 23:45;15.89
17-10-2022 00:00;15.87
17-10-2022 00:15;15.84
17-10-2022 00:30;16.07
17-10-2022 00:45;15.81
17-10-2022 01:00;15.76
17-10-2022 01:15;15.68
17-10-2022 01:30;15.69
17-10-2022 01:45;15.65
17-10-2022 02:00;15.55
17-10-2022 02:15;15.45
17-10-2022 02:30;15.24
17-10-2022 02:45;15.23
17-10-2022 03:00;15.09
17-10-2022 03:15;15.01
17-10-2022 03:30;15.42
17-10-2022 03:45;14.58
17-10-2022 04:00;14.31
17-10-2022 04:15;14.19
17-10-2022 04:30;14.03
17-10-2022 04:45;13.71
17-10-2022 05:00;13.81
17-10-2022 05:15;13.84
17-10-2022 05:30;13.67
17-10-2022 05:45;13.35
17-10-2022 06:00;13.03
17-10-2022 06:15;12.67
17-10-2022 06:30;12.51
17-10-2022 06:45;12.05
17-10-2022 07:00;10.69
17-10-2022 07:15;10.26
17-10-2022 07:30;10.1
17-10-2022 07:45;10.06
17-10-2022 08:00;9.83
17-10-2022 08:15;9.75
17-10-2022 08:30;9.64
17-10-2022 08:45;9.63
17-10-2022 09:00;9.67
17-10-2022 09:15;10.29
17-10-2022 09:30;11.85
17-10-2022 09:45;12.21
17-10-2022 10:00;11.23
17-10-2022 10:15;11.27
17-10-2022 10:30;11.43
17-10-2022 10:45;11.78
17-10-2022 11:00;11.7
17-10-2022 11:15;11.88
17-10-2022 11:30;12.09
17-10-2022 11:45;12.78
17-10-2022 12:00;12.83
17-10-2022 12:15;13.62
17-10-2022 12:30;14.03
17-10-2022 12:45;16.66
17-10-2022 13:00;18.29
17-10-2022 13:15;18.3
17-10-2022 13:30;18.79
17-10-2022 13:45;18.64
17-10-2022 14:00;18.91
17-10-2022 14:15;18.99
17-10-2022 14:30;19.09
17-10-2022 14:45;19.56
17-10-2022 15:00;19.7
17-10-2022 15:15;20.52
17-10-2022 15:30;21.99
17-10-2022 15:45;22.53
17-10-2022 16:00;23.15
17-10-2022 16:15;24.2
17-10-2022 16:30;25.44
17-10-2022 16:45;26.39
17-10-2022 17:00;27.32
17-10-2022 17:15;29.34
17-10-2022 17:30;30.51
17-10-2022 17:45;32
17-10-2022 18:00;33.97
17-10-2022 18:15;36.33
17-10-2022 18:30;37.17
17-10-2022 18:45;37.6
17-10-2022 19:00;37.91
17-10-2022 19:15;37.99
17-10-2022 19:30;37.94
17-10-2022 19:45;37.98
17-10-2022 20:00;38.22
17-10-2022 20:15;38.17
17-10-2022 20:30;37.85
17-10-2022 20:45;37.91
17-10-2022 21:00;37.36
17-10-2022 21:15;37.37
17-10-2022 21:30;37.16
17-10-2022 21:45;37.03
17-10-2022 22:00;38.06
17-10-2022 22:15;39.14
17-10-2022 22:30;39.02
17-10-2022 22:45;39.55
17-10-2022 23:00;39.96
17-10-2022 23:15;39.9
17-10-2022 23:30;40.03
17-10-2022 23:45;39.61
18-10-2022 00:00;40.18
18-10-2022 00:15;40.56
18-10-2022 00:30;40.56
18-10-2022 00:45;40.35
18-10-2022 01:00;40.23
18-10-2022 01:15;40.08
18-10-2022 01:30;39.82
18-10-2022 01:45;39.08
18-10-2022 02:00;38.85
18-10-2022 02:15;37.93
18-10-2022 02:30;36.11
18-10-2022 02:45;35.32
18-10-2022 03:00;35.24
18-10-2022 03:15;35.78
18-10-2022 03:30;34.93
18-10-2022 03:45;34.06
18-10-2022 04:00;33.88
18-10-2022 04:15;32.81
18-10-2022 04:30;32.13
18-10-2022 04:45;31.27
18-10-2022 05:00;30.18
18-10-2022 05:15;29.08
18-10-2022 05:30;27.83
18-10-2022 05:45;26.74
18-10-2022 06:00;25.75
18-10-2022 06:15;23.69
18-10-2022 06:30;21.48
18-10-2022 06:45;19.31
18-10-2022 07:00;18.08
18-10-2022 07:15;17.29
18-10-2022 07:30;16.21
18-10-2022 07:45;15.73
18-10-2022 08:00;15.08
18-10-2022 08:15;14.6
18-10-2022 08:30;14.29
18-10-2022 08:45;13.86
18-10-2022 09:00;13.76
18-10-2022 09:15;13.77
18-10-2022 09:30;13.97
18-10-2022 09:45;14.06
18-10-2022 10:00;14.35
18-10-2022 10:15;14.39
18-10-2022 10:30;16.12
18-10-2022 10:45;15.94
18-10-2022 11:00;15.58
18-10-2022 11:15;15.86
18-10-2022 11:30;13.24
18-10-2022 11:45;12.09
18-10-2022 12:00;12.11
18-10-2022 12:15;12.83
18-10-2022 12:30;13.61
18-10-2022 12:45;14.2
18-10-2022 13:00;14.25
18-10-2022 13:15;16.43
18-10-2022 13:30;18.56
18-10-2022 13:45;18.71
18-10-2022 14:00;17.7
18-10-2022 14:15;16.16
18-10-2022 14:30;13.86
18-10-2022 14:45;14
18-10-2022 15:00;14.51
18-10-2022 15:15;14.47
18-10-2022 15:30;14.13
18-10-2022 15:45;14.11
18-10-2022 16:00;14.2
18-10-2022 16:15;14.4
18-10-2022 16:30;14.43
18-10-2022 16:45;14.5
18-10-2022 17:00;14.47
18-10-2022 17:15;14.69
18-10-2022 17:30;14.81
18-10-2022 17:45;15.28
18-10-2022 18:00;14.9
18-10-2022 18:15;14.64
18-10-2022 18:30;14.97
18-10-2022 18:45;14.87
18-10-2022 19:00;14.85
18-10-2022 19:15;14.84
18-10-2022 19:30;14.89
18-10-2022 19:45;14.8
18-10-2022 20:00;14.83
18-10-2022 20:15;14.81
18-10-2022 20:30;14.52
18-10-2022 20:45;14.52
18-10-2022 21:00;14.5
18-10-2022 21:15;14.08
18-10-2022 21:30;13.76
18-10-2022 21:45;14.16
18-10-2022 22:00;14.01
18-10-2022 22:15;14.2
18-10-2022 22:30;14.26
18-10-2022 22:45;14.51
18-10-2022 23:00;14.39
18-10-2022 23:15;14.17
18-10-2022 23:30;14.1
18-10-2022 23:45;13.84
19-10-2022 00:00;14.02
19-10-2022 00:15;14.18
19-10-2022 00:30;14.23
19-10-2022 00:45;14.24
19-10-2022 01:00;14.34
19-10-2022 01:15;14.35
19-10-2022 01:30;14.18
19-10-2022 01:45;14.13
19-10-2022 02:00;14.04
19-10-2022 02:15;13.96
19-10-2022 02:30;13.77
19-10-2022 02:45;13.91
19-10-2022 03:00;14.27
19-10-2022 03:15;14.85
19-10-2022 03:30;14.89
19-10-2022 03:45;14.7
19-10-2022 04:00;15.01
19-10-2022 04:15;14.73
19-10-2022 04:30;14.31
19-10-2022 04:45;14.1
19-10-2022 05:00;14.13
19-10-2022 05:15;13.97
19-10-2022 05:30;14.1
19-10-2022 05:45;13.4
19-10-2022 06:00;12.75
19-10-2022 06:15;12
19-10-2022 06:30;10.55
19-10-2022 06:45;10.48
19-10-2022 07:00;10.3
19-10-2022 07:15;10.35
19-10-2022 07:30;10.23
19-10-2022 07:45;10.24
19-10-2022 08:00;10.07
19-10-2022 08:15;9.94
19-10-2022 08:30;9.96
19-10-2022 08:45;9.91
19-10-2022 09:00;9.94
19-10-2022 09:15;9.85
19-10-2022 09:30;9.92
19-10-2022 09:45;10.03
19-10-2022 10:00;10.19
19-10-2022 10:15;10.32
19-10-2022 10:30;11.69
19-10-2022 10:45;12.21
19-10-2022 11:00;11.42
19-10-2022 11:15;11.55
19-10-2022 11:30;11.8
19-10-2022 11:45;12.53
19-10-2022 12:00;12.69
19-10-2022 12:15;13.22
19-10-2022 12:30;13.39
19-10-2022 12:45;13.68
19-10-2022 13:00;14.28
19-10-2022 13:15;14.77
19-10-2022 13:30;15.46
19-10-2022 13:45;16.66
19-10-2022 14:00;16.65
19-10-2022 14:15;15.75
19-10-2022 14:30;15.01
19-10-2022 14:45;14.65
19-10-2022 15:00;14.25
19-10-2022 15:15;14.4
19-10-2022 15:30;14.36
19-10-2022 15:45;14.29
19-10-2022 16:00;14.25
19-10-2022 16:15;14.2
19-10-2022 16:30;14.39
19-10-2022 16:45;14.17
19-10-2022 17:00;14.31
19-10-2022 17:15;14.44
19-10-2022 17:30;14.45
19-10-2022 17:45;14.35
19-10-2022 18:00;14.36
19-10-2022 18:15;14.45
19-10-2022 18:30;14.54
19-10-2022 18:45;15.19
19-10-2022 19:00;14.29
19-10-2022 19:15;14.19
19-10-2022 19:30;14.05
19-10-2022 19:45;14.07
19-10-2022 20:00;14.08
19-10-2022 20:15;14.1
19-10-2022 20:30;14
19-10-2022 20:45;13.94
19-10-2022 21:00;14.14
19-10-2022 21:15;14.18
19-10-2022 21:30;14.37
19-10-2022 21:45;14.38
19-10-2022 22:00;14.46
19-10-2022 22:15;14.57
19-10-2022 22:30;14.79
19-10-2022 22:45;14.99
19-10-2022 23:00;14.92
19-10-2022 23:15;15.12
19-10-2022 23:30;15.1
19-10-2022 23:45;16.1
20-10-2022 00:00;15.22
20-10-2022 00:15;14.56
20-10-2022 00:30;14.6
20-10-2022 00:45;13.9
20-10-2022 01:00;13.67
20-10-2022 01:15;13.82
20-10-2022 01:30;14
20-10-2022 01:45;13.72
20-10-2022 02:00;12.9
20-10-2022 02:15;13.56
20-10-2022 02:30;14.67
20-10-2022 02:45;14.85
20-10-2022 03:00;14.7
20-10-2022 03:15;14.54
20-10-2022 03:30;14.55
20-10-2022 03:45;15.46
20-10-2022 04:00;15.81
20-10-2022 04:15;16.18
20-10-2022 04:30;16.13
20-10-2022 04:45;16.34
20-10-2022 05:00;15.31
20-10-2022 05:15;14.97
20-10-2022 05:30;14.58
20-10-2022 05:45;14.21
20-10-2022 06:00;14.01
20-10-2022 06:15;13.61
20-10-2022 06:30;13.06
20-10-2022 06:45;11.08
20-10-2022 07:00;10.47
20-10-2022 07:15;10.71
20-10-2022 07:30;11.03
20-10-2022 07:45;11.21
20-10-2022 08:00;11.63
20-10-2022 08:15;12.13
20-10-2022 08:30;12.95
20-10-2022 08:45;14.29
20-10-2022 09:00;18.02
20-10-2022 09:15;18.08
20-10-2022 09:30;17.7
20-10-2022 09:45;17.52
20-10-2022 10:00;17.08
20-10-2022 10:15;17.35
20-10-2022 10:30;16.93
20-10-2022 10:45;16.5
20-10-2022 11:00;17.62
20-10-2022 11:15;18.46
20-10-2022 11:30;18.15
20-10-2022 11:45;17.27
20-10-2022 12:00;17.72
20-10-2022 12:15;17.73
20-10-2022 12:30;17.76
20-10-2022 12:45;17.86
20-10-2022 13:00;17.86
20-10-2022 13:15;18.02
20-10-2022 13:30;17.8
20-10-2022 13:45;17.36
20-10-2022 14:00;16.86
20-10-2022 14:15;17.79
20-10-2022 14:30;18.85
20-10-2022 14:45;18.59
20-10-2022 15:00;18.32
20-10-2022 15:15;18.4
20-10-2022 15:30;16.91
20-10-2022 15:45;17.77
20-10-2022 16:00;18.15
20-10-2022 16:15;18.16
20-10-2022 16:30;17.8
20-10-2022 16:45;17.73
20-10-2022 17:00;17.65
20-10-2022 17:15;17.56
20-10-2022 17:30;17.58
20-10-2022 17:45;17.41
20-10-2022 18:00;17.2
20-10-2022 18:15;17.13
20-10-2022 18:30;17.09
20-10-2022 18:45;16.93
20-10-2022 19:00;16.85
20-10-2022 19:15;16.83
20-10-2022 19:30;16.63
20-10-2022 19:45;16.66
20-10-2022 20:00;16.72
20-10-2022 20:15;17.21
20-10-2022 20:30;17.21
20-10-2022 20:45;17.48
20-10-2022 21:00;18.45
20-10-2022 21:15;18.41
20-10-2022 21:30;18.73
20-10-2022 21:45;18.81
20-10-2022 22:00;18.84
20-10-2022 22:15;18.89
20-10-2022 22:30;19.81
20-10-2022 22:45;21.16
20-10-2022 23:00;21.82
20-10-2022 23:15;21.76
20-10-2022 23:30;21.93
20-10-2022 23:45;22.22
21-10-2022 00:00;22.28
21-10-2022 00:15;22.51
21-10-2022 00:30;22.35
21-10-2022 00:45;22.27
21-10-2022 01:00;22.32
21-10-2022 01:15;22
21-10-2022 01:30;22.18
21-10-2022 01:45;21.94
21-10-2022 02:00;21.83
21-10-2022 02:15;21.4
21-10-2022 02:30;21.32
21-10-2022 02:45;21.02
21-10-2022 03:00;20.63
21-10-2022 03:15;20.33
21-10-2022 03:30;19.78
21-10-2022 03:45;19.63
21-10-2022 04:00;19.01
21-10-2022 04:15;18.6
21-10-2022 04:30;17.98
21-10-2022 04:45;17.61
21-10-2022 05:00;17.45
21-10-2022 05:15;17.37
21-10-2022 05:30;17.69
21-10-2022 05:45;17.81
21-10-2022 06:00;18.68
21-10-2022 06:15;18.75
21-10-2022 06:30;19.7
21-10-2022 06:45;21.45
21-10-2022 07:00;23.06
21-10-2022 07:15;24.25
21-10-2022 07:30;25.57
21-10-2022 07:45;28.2
21-10-2022 08:00;32.32
21-10-2022 08:15;33.42
21-10-2022 08:30;35.82
21-10-2022 08:45;36.77
21-10-2022 09:00;37.08
21-10-2022 09:15;36.76
21-10-2022 09:30;36.7
21-10-2022 09:45;36.61
21-10-2022 10:00;36.72
21-10-2022 10:15;36.67
21-10-2022 10:30;37.77
21-10-2022 10:45;39.04
21-10-2022 11:00;39.7
21-10-2022 11:15;38.95
21-10-2022 11:30;36.66
21-10-2022 11:45;36.66
21-10-2022 12:00;36.56
21-10-2022 12:15;36.75
21-10-2022 12:30;36.65
21-10-2022 12:45;36.82
21-10-2022 13:00;37.03
21-10-2022 13:15;36.67
21-10-2022 13:30;36.44
21-10-2022 13:45;36.35
21-10-2022 14:00;35.99
21-10-2022 14:15;35.54
21-10-2022 14:30;35.36
21-10-2022 14:45;35.02
21-10-2022 15:00;34.31
21-10-2022 15:15;34.02
21-10-2022 15:30;33.59
21-10-2022 15:45;33.12
21-10-2022 16:00;32.72
21-10-2022 16:15;32.45
21-10-2022 16:30;31.66
21-10-2022 16:45;31.02
21-10-2022 17:00;30.49
21-10-2022 17:15;29.9
21-10-2022 17:30;29.07
21-10-2022 17:45;27.59
21-10-2022 18:00;27.99
21-10-2022 18:15;27.34
21-10-2022 18:30;23.58
21-10-2022 18:45;20.99
21-10-2022 19:00;22.88
21-10-2022 19:15;20.21
21-10-2022 19:30;18.19
21-10-2022 19:45;17.82
21-10-2022 20:00;17.62
21-10-2022 20:15;17.4
21-10-2022 20:30;16.56
21-10-2022 20:45;15.25
21-10-2022 21:00;14.75
21-10-2022 21:15;14.88
21-10-2022 21:30;13.86
21-10-2022 21:45;13.54
21-10-2022 22:00;13.54
21-10-2022 22:15;13.66
21-10-2022 22:30;13.69
21-10-2022 22:45;13.41
21-10-2022 23:00;12.5
21-10-2022 23:15;12.42
21-10-2022 23:30;10.84
21-10-2022 23:45;9.6
22-10-2022 00:00;10.24
22-10-2022 00:15;12.54
22-10-2022 00:30;11.32
22-10-2022 00:45;11.56
22-10-2022 01:00;11.76
22-10-2022 01:15;12.09
22-10-2022 01:30;12.29
22-10-2022 01:45;12.32
22-10-2022 02:00;12.31
22-10-2022 02:15;12.4
22-10-2022 02:30;12.3
22-10-2022 02:45;12.3
22-10-2022 03:00;12.3
22-10-2022 03:15;12.21
22-10-2022 03:30;12.16
22-10-2022 03:45;12.02
22-10-2022 04:00;11.87
22-10-2022 04:15;11.72
22-10-2022 04:30;11.77
22-10-2022 04:45;11.7
22-10-2022 05:00;11.45
22-10-2022 05:15;11.19
22-10-2022 05:30;11.18
22-10-2022 05:45;11.15
22-10-2022 06:00;10.69
22-10-2022 06:15;10.65
22-10-2022 06:30;10.41
22-10-2022 06:45;10.7
22-10-2022 07:00;11.53
22-10-2022 07:15;10.99
22-10-2022 07:30;10.76
22-10-2022 07:45;10.61
22-10-2022 08:00;10.64
22-10-2022 08:15;10.8
22-10-2022 08:30;10.81
22-10-2022 08:45;10.74
22-10-2022 09:00;10.62
22-10-2022 09:15;10.5
22-10-2022 09:30;10.04
22-10-2022 09:45;10.1
22-10-2022 10:00;8.56
22-10-2022 10:15;8.28
22-10-2022 10:30;8.34
22-10-2022 10:45;8.41
22-10-2022 11:00;8.26
22-10-2022 11:15;8.28
22-10-2022 11:30;8.46
22-10-2022 11:45;8.52
22-10-2022 12:00;8.81
22-10-2022 12:15;9.37
22-10-2022 12:30;9.62
22-10-2022 12:45;10.06
22-10-2022 13:00;9.58
22-10-2022 13:15;9.49
22-10-2022 13:30;9.63
22-10-2022 13:45;9.87
22-10-2022 14:00;9.88
22-10-2022 14:15;10.04
22-10-2022 14:30;10.07
22-10-2022 14:45;11.28
22-10-2022 15:00;11.5
22-10-2022 15:15;11.39
22-10-2022 15:30;11.13
22-10-2022 15:45;10.99
22-10-2022 16:00;11.04
22-10-2022 16:15;11.17
22-10-2022 16:30;11.33
22-10-2022 16:45;11.5
22-10-2022 17:00;11.4
22-10-2022 17:15;11.16
22-10-2022 17:30;11.1
22-10-2022 17:45;11.73
22-10-2022 18:00;11.34
22-10-2022 18:15;10.96
22-10-2022 18:30;11
22-10-2022 18:45;11.09
22-10-2022 19:00;11.32
22-10-2022 19:15;11.66
22-10-2022 19:30;12.12
22-10-2022 19:45;11.87
22-10-2022 20:00;11.24
22-10-2022 20:15;11.81
22-10-2022 20:30;13.68
22-10-2022 20:45;14.72
22-10-2022 21:00;13.25
22-10-2022 21:15;14.19
22-10-2022 21:30;14.3
22-10-2022 21:45;14.02
22-10-2022 22:00;13.72
22-10-2022 22:15;13.51
22-10-2022 22:30;13.52
22-10-2022 22:45;13.34
22-10-2022 23:00;13.19
22-10-2022 23:15;12.65
22-10-2022 23:30;12.83
22-10-2022 23:45;13.05
23-10-2022 00:00;13.31
23-10-2022 00:15;13.41
23-10-2022 00:30;13.34
23-10-2022 00:45;13.33
23-10-2022 01:00;13.27
23-10-2022 01:15;13.29
23-10-2022 01:30;13.17
23-10-2022 01:45;13.09
23-10-2022 02:00;13.12
23-10-2022 02:15;13.39
23-10-2022 02:30;13.18
23-10-2022 02:45;12.16
23-10-2022 03:00;11.61
23-10-2022 03:15;12.02
23-10-2022 03:30;12.95
23-10-2022 03:45;13.1
23-10-2022 04:00;13.43
23-10-2022 04:15;14.21
23-10-2022 04:30;14.75
23-10-2022 04:45;16.19
23-10-2022 05:00;15.45
23-10-2022 05:15;15.21
23-10-2022 05:30;15.15
23-10-2022 05:45;15.88
23-10-2022 06:00;15.55
23-10-2022 06:15;15.08
23-10-2022 06:30;14.72
23-10-2022 06:45;14.96
23-10-2022 07:00;14.92
23-10-2022 07:15;14.39
23-10-2022 07:30;13.82
23-10-2022 07:45;13.4
23-10-2022 08:00;13.33
23-10-2022 08:15;13.17
23-10-2022 08:30;10.92
23-10-2022 08:45;10.36
23-10-2022 09:00;10.73
23-10-2022 09:15;11.72
23-10-2022 09:30;10.81
23-10-2022 09:45;10.28
23-10-2022 10:00;10.65
23-10-2022 10:15;10.42
23-10-2022 10:30;10.24
23-10-2022 10:45;10.01
23-10-2022 11:00;10.02
23-10-2022 11:15;9.99
23-10-2022 11:30;10.11
23-10-2022 11:45;10.23
23-10-2022 12:00;10.58
23-10-2022 12:15;10.75
23-10-2022 12:30;10.9
23-10-2022 12:45;11.59
23-10-2022 13:00;11.69
23-10-2022 13:15;11.99
23-10-2022 13:30;12.3
23-10-2022 13:45;12.65
23-10-2022 14:00;13.04
23-10-2022 14:15;14.6
23-10-2022 14:30;17.64
23-10-2022 14:45;18.24
23-10-2022 15:00;18.37
23-10-2022 15:15;17.68
23-10-2022 15:30;17.04
23-10-2022 15:45;18.71
23-10-2022 16:00;17.77
23-10-2022 16:15;17.14
23-10-2022 16:30;16.42
23-10-2022 16:45;15.52
23-10-2022 17:00;15.09
23-10-2022 17:15;15.05
23-10-2022 17:30;15.01
23-10-2022 17:45;14.97
23-10-2022 18:00;14.68
23-10-2022 18:15;14.45
23-10-2022 18:30;14.18
23-10-2022 18:45;14.08
23-10-2022 19:00;14.09
23-10-2022 19:15;14.09
23-10-2022 19:30;14.08
23-10-2022 19:45;13.98
23-10-2022 20:00;13.11
23-10-2022 20:15;11.64
23-10-2022 20:30;11.69
23-10-2022 20:45;12.05
23-10-2022 21:00;12.36
23-10-2022 21:15;12.93
23-10-2022 21:30;12.95
23-10-2022 21:45;14.74
23-10-2022 22:00;15.41
23-10-2022 22:15;15.38
23-10-2022 22:30;15.18
23-10-2022 22:45;15.11
23-10-2022 23:00;15.05
23-10-2022 23:15;14.94
23-10-2022 23:30;15.01
23-10-2022 23:45;14.91
24-10-2022 00:00;14.76
24-10-2022 00:15;14.46
24-10-2022 00:30;14.31
24-10-2022 00:45;14.19
24-10-2022 01:00;13.96
24-10-2022 01:15;13.86
24-10-2022 01:30;13.65
24-10-2022 01:45;13.66
24-10-2022 02:00;13.64
24-10-2022 02:15;13.72
24-10-2022 02:30;13.68
24-10-2022 02:45;13.65
24-10-2022 03:00;13.57
24-10-2022 03:15;13.47
24-10-2022 03:30;13.42
24-10-2022 03:45;13.14
24-10-2022 04:00;12.6
24-10-2022 04:15;11.25
24-10-2022 04:30;10.42
24-10-2022 04:45;10.64
24-10-2022 05:00;10.67
24-10-2022 05:15;10.85
24-10-2022 05:30;10.86
24-10-2022 05:45;11.02
24-10-2022 06:00;10.97
24-10-2022 06:15;10.79
24-10-2022 06:30;10.78
24-10-2022 06:45;10.66
24-10-2022 07:00;10.5
24-10-2022 07:15;10.37
24-10-2022 07:30;10.24
24-10-2022 07:45;9.61
24-10-2022 08:00;9.7
24-10-2022 08:15;9.7
24-10-2022 08:30;10.05
24-10-2022 08:45;11.2
24-10-2022 09:00;11.58
24-10-2022 09:15;12.53
24-10-2022 09:30;13.78
24-10-2022 09:45;12.05
24-10-2022 10:00;11.94
24-10-2022 10:15;11.62
24-10-2022 10:30;11.36
24-10-2022 10:45;10.11
24-10-2022 11:00;9.91
24-10-2022 11:15;9.56
24-10-2022 11:30;9.96
24-10-2022 11:45;10.35
24-10-2022 12:00;10.88
24-10-2022 12:15;12.33
24-10-2022 12:30;12.09
24-10-2022 12:45;12.31
24-10-2022 13:00;12.56
24-10-2022 13:15;12.88
24-10-2022 13:30;13.16
24-10-2022 13:45;13.35
24-10-2022 14:00;13.61
24-10-2022 14:15;13.84
24-10-2022 14:30;13.94
24-10-2022 14:45;15
24-10-2022 15:00;18.06
24-10-2022 15:15;17.9
24-10-2022 15:30;17.06
24-10-2022 15:45;13.94
24-10-2022 16:00;12.7
24-10-2022 16:15;11.12
24-10-2022 16:30;10.89
24-10-2022 16:45;11.42
24-10-2022 17:00;11.89
24-10-2022 17:15;11.81
24-10-2022 17:30;11.48
24-10-2022 17:45;11.77
24-10-2022 18:00;12.66
24-10-2022 18:15;12.57
24-10-2022 18:30;11.31
24-10-2022 18:45;11.4
24-10-2022 19:00;11.77
24-10-2022 19:15;11.83
24-10-2022 19:30;11.92
24-10-2022 19:45;11.84
24-10-2022 20:00;11.61
24-10-2022 20:15;11.58
24-10-2022 20:30;11.53
24-10-2022 20:45;11.42
24-10-2022 21:00;11.27
24-10-2022 21:15;11.5
24-10-2022 21:30;11.62
24-10-2022 21:45;11.64
24-10-2022 22:00;11.66
24-10-2022 22:15;11.77
24-10-2022 22:30;11.76
24-10-2022 22:45;11.75
24-10-2022 23:00;11.78
24-10-2022 23:15;11.77
24-10-2022 23:30;11.71
24-10-2022 23:45;11.69
25-10-2022 00:00;11.68
25-10-2022 00:15;11.35
25-10-2022 00:30;11.2
25-10-2022 00:45;11.32
25-10-2022 01:00;11.39
25-10-2022 01:15;11.47
25-10-2022 01:30;11.56
25-10-2022 01:45;11.43
25-10-2022 02:00;11.33
25-10-2022 02:15;11.39
25-10-2022 02:30;11.35
25-10-2022 02:45;11.33
25-10-2022 03:00;11.33
25-10-2022 03:15;11.09
25-10-2022 03:30;11.09
25-10-2022 03:45;11.1
25-10-2022 04:00;10.97
25-10-2022 04:15;10.85
25-10-2022 04:30;10.72
25-10-2022 04:45;10.48
25-10-2022 05:00;10.37
25-10-2022 05:15;10.26
25-10-2022 05:30;10.16
25-10-2022 05:45;10.04
25-10-2022 06:00;9.99
25-10-2022 06:15;9.84
25-10-2022 06:30;9.9
25-10-2022 06:45;9.99
25-10-2022 07:00;10.01
25-10-2022 07:15;9.95
25-10-2022 07:30;9.9
25-10-2022 07:45;9.84
25-10-2022 08:00;9.65
25-10-2022 08:15;9.68
25-10-2022 08:30;9.86
25-10-2022 08:45;10.03
25-10-2022 09:00;10.11
25-10-2022 09:15;10.06
25-10-2022 09:30;10.11
25-10-2022 09:45;10.59
25-10-2022 10:00;10.36
25-10-2022 10:15;10.12
25-10-2022 10:30;10.4
25-10-2022 10:45;10.4
25-10-2022 11:00;8.67
25-10-2022 11:15;9.52
25-10-2022 11:30;10.41
25-10-2022 11:45;10.71
25-10-2022 12:00;10.31
25-10-2022 12:15;10.33
25-10-2022 12:30;10.45
25-10-2022 12:45;10.59
25-10-2022 13:00;10.82
25-10-2022 13:15;11.05
25-10-2022 13:30;10.54
25-10-2022 13:45;10.32
25-10-2022 14:00;10.5
25-10-2022 14:15;10.68
25-10-2022 14:30;10.84
25-10-2022 14:45;10.94
25-10-2022 15:00;11.1
25-10-2022 15:15;11.24
25-10-2022 15:30;12.25
25-10-2022 15:45;15.99
25-10-2022 16:00;14.53
25-10-2022 16:15;14.36
25-10-2022 16:30;14.45
25-10-2022 16:45;14.5
25-10-2022 17:00;14.29
25-10-2022 17:15;14.2
25-10-2022 17:30;14.28
25-10-2022 17:45;14.22
25-10-2022 18:00;14.16
25-10-2022 18:15;14.1
25-10-2022 18:30;14.13
25-10-2022 18:45;14.02
25-10-2022 19:00;13.98
25-10-2022 19:15;13.5
25-10-2022 19:30;11.33
25-10-2022 19:45;10.55
25-10-2022 20:00;11.4
25-10-2022 20:15;11.94
25-10-2022 20:30;12.02
25-10-2022 20:45;11.51
25-10-2022 21:00;11.53
25-10-2022 21:15;11.68
25-10-2022 21:30;11.76
25-10-2022 21:45;11.76
25-10-2022 22:00;11.88
25-10-2022 22:15;11.92
25-10-2022 22:30;11.82
25-10-2022 22:45;11.88
25-10-2022 23:00;11.86
25-10-2022 23:15;11.77
25-10-2022 23:30;11.89
25-10-2022 23:45;12.04
26-10-2022 00:00;12.11
26-10-2022 00:15;12.08
26-10-2022 00:30;12.15
26-10-2022 00:45;12.27
26-10-2022 01:00;12.23
26-10-2022 01:15;12.25
26-10-2022 01:30;12.29
26-10-2022 01:45;12.46
26-10-2022 02:00;12.31
26-10-2022 02:15;12.31
26-10-2022 02:30;12.61
26-10-2022 02:45;12.84
26-10-2022 03:00;12.55
26-10-2022 03:15;11.76
26-10-2022 03:30;11.47
26-10-2022 03:45;11.1
26-10-2022 04:00;11.13
26-10-2022 04:15;10.67
26-10-2022 04:30;10.44
26-10-2022 04:45;10.64
26-10-2022 05:00;10.68
26-10-2022 05:15;10.5
26-10-2022 05:30;10.41
26-10-2022 05:45;10.5
26-10-2022 06:00;10.34
26-10-2022 06:15;10.19
26-10-2022 06:30;10.61
26-10-2022 06:45;11.01
26-10-2022 07:00;11.18
26-10-2022 07:15;11.69
26-10-2022 07:30;12.02
26-10-2022 07:45;11.12
26-10-2022 08:00;10.95
26-10-2022 08:15;10.9
26-10-2022 08:30;11.49
26-10-2022 08:45;11.15
26-10-2022 09:00;10.64
26-10-2022 09:15;11.14
26-10-2022 09:30;11.43
26-10-2022 09:45;11.6
26-10-2022 10:00;11.45
26-10-2022 10:15;11.37
26-10-2022 10:30;10.73
26-10-2022 10:45;10.05
26-10-2022 11:00;10.57
26-10-2022 11:15;11.11
26-10-2022 11:30;11.39
26-10-2022 11:45;11.9
26-10-2022 12:00;12.69
26-10-2022 12:15;12.5
26-10-2022 12:30;12.66
26-10-2022 12:45;12.74
26-10-2022 13:00;12.4
26-10-2022 13:15;11.9
26-10-2022 13:30;11.96
26-10-2022 13:45;12.05
26-10-2022 14:00;12.21
26-10-2022 14:15;12.67
26-10-2022 14:30;13.7
26-10-2022 14:45;12.98
26-10-2022 15:00;15.24
26-10-2022 15:15;14.71
26-10-2022 15:30;14.76
26-10-2022 15:45;13.93
26-10-2022 16:00;11.75
26-10-2022 16:15;14.31
26-10-2022 16:30;13.71
26-10-2022 16:45;13.75
26-10-2022 17:00;13.01
26-10-2022 17:15;13.01
26-10-2022 17:30;13.03
26-10-2022 17:45;12.71
26-10-2022 18:00;12.06
26-10-2022 18:15;10.63
26-10-2022 18:30;11.13
26-10-2022 18:45;11.45
26-10-2022 19:00;11.66
26-10-2022 19:15;11.5
26-10-2022 19:30;11.37
26-10-2022 19:45;11.22
26-10-2022 20:00;10.76
26-10-2022 20:15;10.92
26-10-2022 20:30;11.06
26-10-2022 20:45;11.1
26-10-2022 21:00;11.54
26-10-2022 21:15;12.3
26-10-2022 21:30;12.36
26-10-2022 21:45;12.37
26-10-2022 22:00;12.18
26-10-2022 22:15;12.01
26-10-2022 22:30;11.61
26-10-2022 22:45;11.47
26-10-2022 23:00;11.23
26-10-2022 23:15;10.32
26-10-2022 23:30;10.42
26-10-2022 23:45;10.54
27-10-2022 00:00;10.61
27-10-2022 00:15;10.9
27-10-2022 00:30;11
27-10-2022 00:45;10.97
27-10-2022 01:00;11.16
27-10-2022 01:15;11.52
27-10-2022 01:30;11.9
27-10-2022 01:45;12.15
27-10-2022 02:00;12.18
27-10-2022 02:15;12.12
27-10-2022 02:30;12.33
27-10-2022 02:45;12.84
27-10-2022 03:00;13.03
27-10-2022 03:15;14.82
27-10-2022 03:30;13.5
27-10-2022 03:45;13.11
27-10-2022 04:00;13.33
27-10-2022 04:15;13.97
27-10-2022 04:30;13.74
27-10-2022 04:45;13.35
27-10-2022 05:00;13.27
27-10-2022 05:15;13.51
27-10-2022 05:30;14.04
27-10-2022 05:45;13.79
27-10-2022 06:00;13.37
27-10-2022 06:15;14.24
27-10-2022 06:30;14.61
27-10-2022 06:45;13.96
27-10-2022 07:00;12.4
27-10-2022 07:15;10.16
27-10-2022 07:30;9.99
27-10-2022 07:45;10.86
27-10-2022 08:00;11.87
27-10-2022 08:15;12.14
27-10-2022 08:30;12.17
27-10-2022 08:45;12.17
27-10-2022 09:00;11.94
27-10-2022 09:15;11.94
27-10-2022 09:30;11.94
27-10-2022 09:45;10.59
27-10-2022 10:00;9.99
27-10-2022 10:15;10.19
27-10-2022 10:30;10.81
27-10-2022 10:45;9.8
27-10-2022 11:00;9.92
27-10-2022 11:15;10.54
27-10-2022 11:30;11.5
27-10-2022 11:45;12.05
27-10-2022 12:00;12.21
27-10-2022 12:15;11.24
27-10-2022 12:30;11.62
27-10-2022 12:45;13.43
27-10-2022 13:00;15.97
27-10-2022 13:15;15.5
27-10-2022 13:30;15.47
27-10-2022 13:45;15.25
27-10-2022 14:00;15.2
27-10-2022 14:15;13.37
27-10-2022 14:30;11.75
27-10-2022 14:45;11.99
27-10-2022 15:00;12.1
27-10-2022 15:15;12.11
27-10-2022 15:30;12.62
27-10-2022 15:45;12.54
27-10-2022 16:00;12.74
27-10-2022 16:15;12.98
27-10-2022 16:30;13.26
27-10-2022 16:45;13.54
27-10-2022 17:00;13.92
27-10-2022 17:15;12.53
27-10-2022 17:30;13.1
27-10-2022 17:45;13.18
27-10-2022 18:00;14.06
27-10-2022 18:15;15.85
27-10-2022 18:30;16.12
27-10-2022 18:45;15.74
27-10-2022 19:00;15.04
27-10-2022 19:15;14.84
27-10-2022 19:30;14.48
27-10-2022 19:45;14.07
27-10-2022 20:00;13.8
27-10-2022 20:15;13.72
27-10-2022 20:30;13.69
27-10-2022 20:45;13.64
27-10-2022 21:00;13.6
27-10-2022 21:15;13.61
27-10-2022 21:30;13.68
27-10-2022 21:45;13.68
27-10-2022 22:00;13.71
27-10-2022 22:15;13.76
27-10-2022 22:30;13.82
27-10-2022 22:45;13.91
27-10-2022 23:00;13.94
27-10-2022 23:15;14.04
27-10-2022 23:30;14.12
27-10-2022 23:45;14.21
28-10-2022 00:00;13.83
28-10-2022 00:15;13.79
28-10-2022 00:30;13.83
28-10-2022 00:45;13.75
28-10-2022 01:00;13.68
28-10-2022 01:15;13.6
28-10-2022 01:30;13.54
28-10-2022 01:45;13.29
28-10-2022 02:00;11.32
28-10-2022 02:15;9.44
28-10-2022 02:30;9.61
28-10-2022 02:45;9.99
28-10-2022 03:00;10.34
28-10-2022 03:15;10.61
28-10-2022 03:30;10.82
28-10-2022 03:45;10.91
28-10-2022 04:00;11.01
28-10-2022 04:15;11.11
28-10-2022 04:30;11.07
28-10-2022 04:45;11.02
28-10-2022 05:00;10.98
28-10-2022 05:15;10.85
28-10-2022 05:30;10.71
28-10-2022 05:45;10.66
28-10-2022 06:00;10.69
28-10-2022 06:15;10.48
28-10-2022 06:30;10.53
28-10-2022 06:45;10.59
28-10-2022 07:00;10.48
28-10-2022 07:15;10.42
28-10-2022 07:30;10.35
28-10-2022 07:45;10.16
28-10-2022 08:00;10.15
28-10-2022 08:15;10.36
28-10-2022 08:30;10.33
28-10-2022 08:45;10.48
28-10-2022 09:00;10.64
28-10-2022 09:15;10.96
28-10-2022 09:30;11.19
28-10-2022 09:45;11.25
28-10-2022 10:00;11.55
28-10-2022 10:15;11.51
28-10-2022 10:30;11.54
28-10-2022 10:45;10.76
28-10-2022 11:00;8.58
28-10-2022 11:15;8.92
28-10-2022 11:30;8.96
28-10-2022 11:45;7.62
28-10-2022 12:00;7.62
28-10-2022 12:15;8.19
28-10-2022 12:30;8.73
28-10-2022 12:45;9.75
28-10-2022 13:00;13.72
28-10-2022 13:15;14.44
28-10-2022 13:30;13.84
28-10-2022 13:45;14.58
28-10-2022 14:00;17.04
28-10-2022 14:15;15.95
28-10-2022 14:30;13.9
28-10-2022 14:45;14.27
28-10-2022 15:00;16.99
28-10-2022 15:15;19.95
28-10-2022 15:30;20.09
28-10-2022 15:45;19.05
28-10-2022 16:00;17.58
28-10-2022 16:15;16.57
28-10-2022 16:30;15.43
28-10-2022 16:45;15.99
28-10-2022 17:00;15.74
28-10-2022 17:15;15.48
28-10-2022 17:30;14.86
28-10-2022 17:45;13.95
28-10-2022 18:00;13.05
28-10-2022 18:15;11.62
28-10-2022 18:30;9.99
28-10-2022 18:45;10.69
28-10-2022 19:00;11.3
28-10-2022 19:15;11.01
28-10-2022 19:30;10.92
28-10-2022 19:45;10.86
28-10-2022 20:00;11.07
28-10-2022 20:15;11.46
28-10-2022 20:30;11.55
28-10-2022 20:45;11.58
28-10-2022 21:00;11.63
28-10-2022 21:15;12.27
28-10-2022 21:30;12.21
28-10-2022 21:45;12.06
28-10-2022 22:00;12
28-10-2022 22:15;11.91
28-10-2022 22:30;11.67
28-10-2022 22:45;11.62
28-10-2022 23:00;11.66
28-10-2022 23:15;11.69
28-10-2022 23:30;11.71
28-10-2022 23:45;11.72
29-10-2022 00:00;11.71
29-10-2022 00:15;11.76
29-10-2022 00:30;11.79
29-10-2022 00:45;11.81
29-10-2022 01:00;11.82
29-10-2022 01:15;11.86
29-10-2022 01:30;11.86
29-10-2022 01:45;11.9
29-10-2022 02:00;11.91
29-10-2022 02:15;11.81
29-10-2022 02:30;11.69
29-10-2022 02:45;11.67
29-10-2022 03:00;11.61
29-10-2022 03:15;11.61
29-10-2022 03:30;11.57
29-10-2022 03:45;11.48
29-10-2022 04:00;11.34
29-10-2022 04:15;11.24
29-10-2022 04:30;11.22
29-10-2022 04:45;11.31
29-10-2022 05:00;11.24
29-10-2022 05:15;11.2
29-10-2022 05:30;11.05
29-10-2022 05:45;10.85
29-10-2022 06:00;10.77
29-10-2022 06:15;10.61
29-10-2022 06:30;10.49
29-10-2022 06:45;10.29
29-10-2022 07:00;10.03
29-10-2022 07:15;10.84
29-10-2022 07:30;11.16
29-10-2022 07:45;9.69
29-10-2022 08:00;9.5
29-10-2022 08:15;10.3
29-10-2022 08:30;11.13
29-10-2022 08:45;11.35
29-10-2022 09:00;11.69
29-10-2022 09:15;11.99
29-10-2022 09:30;12.11
29-10-2022 09:45;12.07
29-10-2022 10:00;12.02
29-10-2022 10:15;12.15
29-10-2022 10:30;12.44
29-10-2022 10:45;12.46
29-10-2022 11:00;12.56
29-10-2022 11:15;12.8
29-10-2022 11:30;12.9
29-10-2022 11:45;13.08
29-10-2022 12:00;13.26
29-10-2022 12:15;13.34
29-10-2022 12:30;13.45
29-10-2022 12:45;13.44
29-10-2022 13:00;13.59
29-10-2022 13:15;13.68
29-10-2022 13:30;13.58
29-10-2022 13:45;13.75
29-10-2022 14:00;13.82
29-10-2022 14:15;13.27
29-10-2022 14:30;12.33
29-10-2022 14:45;12.08
29-10-2022 15:00;11.76
29-10-2022 15:15;11.79
29-10-2022 15:30;11.85
29-10-2022 15:45;11.72
29-10-2022 16:00;11.24
29-10-2022 16:15;11.18
29-10-2022 16:30;11.12
29-10-2022 16:45;11.3
29-10-2022 17:00;11.42
29-10-2022 17:15;11.37
29-10-2022 17:30;11.31
29-10-2022 17:45;11.34
29-10-2022 18:00;11.65
29-10-2022 18:15;12.03
29-10-2022 18:30;12.53
29-10-2022 18:45;12.88
29-10-2022 19:00;13
29-10-2022 19:15;13.69
29-10-2022 19:30;15.04
29-10-2022 19:45;14.87
29-10-2022 20:00;14.59
29-10-2022 20:15;14.41
29-10-2022 20:30;14.17
29-10-2022 20:45;14.18
29-10-2022 21:00;14.22
29-10-2022 21:15;14.22
29-10-2022 21:30;14.2
29-10-2022 21:45;14.15
29-10-2022 22:00;14.08
29-10-2022 22:15;14.06
29-10-2022 22:30;14.05
29-10-2022 22:45;13.98
29-10-2022 23:00;13.74
29-10-2022 23:15;11.6
29-10-2022 23:30;10.48
29-10-2022 23:45;10.77
30-10-2022 00:00;11.03
30-10-2022 00:15;11.25
30-10-2022 00:30;11.31
30-10-2022 00:45;11.3
30-10-2022 01:00;11.1
30-10-2022 01:15;11.13
30-10-2022 01:30;11.14
30-10-2022 01:45;11.12
30-10-2022 02:00;11.17
30-10-2022 02:15;11.17
30-10-2022 02:30;11.11
30-10-2022 02:45;12.11
30-10-2022 03:00;12.1
30-10-2022 03:15;10.23
30-10-2022 03:30;10.02
30-10-2022 03:45;10.18
30-10-2022 04:00;10.25
30-10-2022 04:15;10.2
30-10-2022 04:30;10.19
30-10-2022 04:45;10.14
30-10-2022 05:00;10.06
30-10-2022 05:15;9.91
30-10-2022 05:30;9.72
30-10-2022 05:45;9.72
30-10-2022 06:00;9.78
30-10-2022 06:15;9.86
30-10-2022 06:30;9.84
30-10-2022 06:45;9.85
30-10-2022 07:00;9.79
30-10-2022 07:15;9.64
30-10-2022 07:30;9.51
30-10-2022 07:45;9.37
30-10-2022 08:00;9.29
30-10-2022 08:15;9.31
30-10-2022 08:30;9.11
30-10-2022 08:45;8.95
30-10-2022 09:00;9.4
30-10-2022 09:15;10.15
30-10-2022 09:30;10.34
30-10-2022 09:45;10.31
30-10-2022 10:00;10.3
30-10-2022 10:15;10.07
30-10-2022 10:30;9.63
30-10-2022 10:45;10.56
30-10-2022 11:00;11.18
30-10-2022 11:15;9.94
30-10-2022 11:30;9.84
30-10-2022 11:45;9.95
30-10-2022 12:00;10.14
30-10-2022 12:15;10.45
30-10-2022 12:30;10.68
30-10-2022 12:45;11.07
30-10-2022 13:00;11.33
30-10-2022 13:15;11.58
30-10-2022 13:30;13.3
30-10-2022 13:45;15.1
30-10-2022 14:00;15.64
30-10-2022 14:15;15.71
30-10-2022 14:30;15.67
30-10-2022 14:45;15.31
30-10-2022 15:00;14.96
30-10-2022 15:15;14.2
30-10-2022 15:30;14.07
30-10-2022 15:45;13.34
30-10-2022 16:00;13.09
30-10-2022 16:15;13.27
30-10-2022 16:30;13.84
30-10-2022 16:45;13.64
30-10-2022 17:00;12.97
30-10-2022 17:15;11.11
30-10-2022 17:30;11.28
30-10-2022 17:45;11.56
30-10-2022 18:00;11.7
30-10-2022 18:15;12.05
30-10-2022 18:30;12.05
30-10-2022 18:45;12.33
30-10-2022 19:00;12.54
30-10-2022 19:15;12.52
30-10-2022 19:30;12.56
30-10-2022 19:45;12.65
30-10-2022 20:00;12.66
30-10-2022 20:15;12.65
30-10-2022 20:30;12.6
30-10-2022 20:45;12.56
30-10-2022 21:00;12.67
30-10-2022 21:15;12.68
30-10-2022 21:30;12.5
30-10-2022 21:45;12.11
30-10-2022 22:00;12.3
30-10-2022 22:15;12.38
30-10-2022 22:30;12.43
30-10-2022 22:45;12.41
30-10-2022 23:00;12.48
30-10-2022 23:15;12.5
30-10-2022 23:30;12.77
30-10-2022 23:45;14.07
31-10-2022 00:00;14.67
31-10-2022 00:15;14.4
31-10-2022 00:30;13.86
31-10-2022 00:45;13.6
31-10-2022 01:00;13.21
31-10-2022 01:15;13.07
31-10-2022 01:30;12.82
31-10-2022 01:45;12.44
31-10-2022 02:00;10.43
31-10-2022 02:15;8.82
31-10-2022 02:30;9.16
31-10-2022 02:45;9.35
31-10-2022 03:00;9.44
31-10-2022 03:15;9.52
31-10-2022 03:30;9.54
31-10-2022 03:45;9.61
31-10-2022 04:00;9.67
31-10-2022 04:15;10.11
31-10-2022 04:30;10.58
31-10-2022 04:45;10.55
31-10-2022 05:00;10.47
31-10-2022 05:15;10.57
31-10-2022 05:30;10.59
31-10-2022 05:45;10.6
31-10-2022 06:00;10.53
31-10-2022 06:15;10.36
31-10-2022 06:30;10.31
31-10-2022 06:45;10.23
31-10-2022 07:00;9.74
31-10-2022 07:15;9.57
31-10-2022 07:30;10.49
31-10-2022 07:45;11.93
31-10-2022 08:00;11.54
31-10-2022 08:15;9.77
31-10-2022 08:30;9.79
31-10-2022 08:45;9.86
31-10-2022 09:00;9.75
31-10-2022 09:15;9.68
31-10-2022 09:30;8.02
31-10-2022 09:45;8.67
31-10-2022 10:00;9.52
31-10-2022 10:15;9.87
31-10-2022 10:30;9.74
31-10-2022 10:45;9.65
31-10-2022 11:00;11.34
31-10-2022 11:15;11.67
31-10-2022 11:30;10.89
31-10-2022 11:45;10.77
31-10-2022 12:00;10.91
31-10-2022 12:15;10.93
31-10-2022 12:30;10.18
31-10-2022 12:45;10.5
31-10-2022 13:00;11.1
31-10-2022 13:15;11.81
31-10-2022 13:30;12.61
31-10-2022 13:45;12.7
31-10-2022 14:00;12.25
31-10-2022 14:15;12.57
31-10-2022 14:30;12.74
31-10-2022 14:45;12.71
31-10-2022 15:00;13.15
31-10-2022 15:15;13.78
31-10-2022 15:30;13.45
31-10-2022 15:45;12.02
31-10-2022 16:00;12.01
31-10-2022 16:15;12.16
31-10-2022 16:30;11.91
31-10-2022 16:45;12.4
31-10-2022 17:00;12.66
31-10-2022 17:15;12.84
31-10-2022 17:30;13.1
31-10-2022 17:45;13.29
31-10-2022 18:00;13.19
31-10-2022 18:15;13.14
31-10-2022 18:30;13.42
31-10-2022 18:45;13.56
31-10-2022 19:00;13.43
31-10-2022 19:15;13.5
31-10-2022 19:30;13.12
31-10-2022 19:45;13.46
31-10-2022 20:00;15.01
31-10-2022 20:15;14.75
31-10-2022 20:30;11.82
31-10-2022 20:45;9.39
31-10-2022 21:00;9.85
31-10-2022 21:15;10.55
31-10-2022 21:30;11.04
31-10-2022 21:45;11.39
31-10-2022 22:00;11.58
31-10-2022 22:15;11.7
31-10-2022 22:30;11.87
31-10-2022 22:45;12.05
31-10-2022 23:00;12.15
31-10-2022 23:15;12.35
31-10-2022 23:30;12.52
31-10-2022 23:45;12.63
1-11-2022 00:00;12.69
1-11-2022 00:15;12.77
1-11-2022 00:30;12.83
1-11-2022 00:45;12.92
1-11-2022 01:00;13.49
1-11-2022 01:15;14.87
1-11-2022 01:30;13.19
1-11-2022 01:45;13.78
1-11-2022 02:00;15.26
1-11-2022 02:15;15.23
1-11-2022 02:30;14.58
1-11-2022 02:45;14.22
1-11-2022 03:00;14.34
1-11-2022 03:15;14.09
1-11-2022 03:30;13.81
1-11-2022 03:45;13.91
1-11-2022 04:00;13.88
1-11-2022 04:15;13.76
1-11-2022 04:30;13.66
1-11-2022 04:45;13.43
1-11-2022 05:00;13.35
1-11-2022 05:15;13.38
1-11-2022 05:30;13.17
1-11-2022 05:45;12.65
1-11-2022 06:00;10.92
1-11-2022 06:15;11.08
1-11-2022 06:30;11.24
1-11-2022 06:45;11.32
1-11-2022 07:00;11.16
1-11-2022 07:15;10.94
1-11-2022 07:30;10.82
1-11-2022 07:45;10.9
1-11-2022 08:00;10.85
1-11-2022 08:15;10.69
1-11-2022 08:30;10.65
1-11-2022 08:45;11.63
1-11-2022 09:00;12.4
1-11-2022 09:15;11.14
1-11-2022 09:30;10.69
1-11-2022 09:45;10.59
1-11-2022 10:00;10.61
1-11-2022 10:15;10.55
1-11-2022 10:30;10.65
1-11-2022 10:45;10.6
1-11-2022 11:00;10.64
1-11-2022 11:15;10.77
1-11-2022 11:30;10.96
1-11-2022 11:45;11.25
1-11-2022 12:00;11.37
1-11-2022 12:15;11.53
1-11-2022 12:30;11.87
1-11-2022 12:45;12.22
1-11-2022 13:00;12.45
1-11-2022 13:15;12.67
1-11-2022 13:30;13.05
1-11-2022 13:45;14.22
1-11-2022 14:00;16.38
1-11-2022 14:15;16.66
1-11-2022 14:30;16.75
1-11-2022 14:45;16.71
1-11-2022 15:00;15.71
1-11-2022 15:15;15.96
1-11-2022 15:30;15.91
1-11-2022 15:45;15.61
1-11-2022 16:00;14.65
1-11-2022 16:15;14.23
1-11-2022 16:30;13.73
1-11-2022 16:45;13.39
1-11-2022 17:00;13.69
1-11-2022 17:15;12.94
1-11-2022 17:30;11.75
1-11-2022 17:45;9.22
1-11-2022 18:00;9.26
1-11-2022 18:15;9.17
1-11-2022 18:30;10.21
1-11-2022 18:45;10.58
1-11-2022 19:00;10.48
1-11-2022 19:15;10.89
1-11-2022 19:30;11.52
1-11-2022 19:45;12.16
1-11-2022 20:00;12.52
1-11-2022 20:15;14.39
1-11-2022 20:30;15.75
1-11-2022 20:45;13.18
1-11-2022 21:00;15.76
1-11-2022 21:15;16.4
1-11-2022 21:30;16.1
1-11-2022 21:45;15.78
1-11-2022 22:00;14.67
1-11-2022 22:15;13.41
1-11-2022 22:30;13.21
1-11-2022 22:45;12.35
1-11-2022 23:00;11.76
1-11-2022 23:15;12.14
1-11-2022 23:30;12.07
1-11-2022 23:45;9.92
2-11-2022 00:00;8.02
2-11-2022 00:15;9.24
2-11-2022 00:30;9.94
2-11-2022 00:45;10.39
2-11-2022 01:00;10.97
2-11-2022 01:15;10.93
2-11-2022 01:30;11.47
2-11-2022 01:45;11.65
2-11-2022 02:00;11.64
2-11-2022 02:15;11.87
2-11-2022 02:30;12.27
2-11-2022 02:45;12.4
2-11-2022 03:00;12.42
2-11-2022 03:15;12.39
2-11-2022 03:30;11.18
2-11-2022 03:45;11.31
2-11-2022 04:00;11.82
2-11-2022 04:15;11.22
2-11-2022 04:30;11.16
2-11-2022 04:45;11.3
2-11-2022 05:00;11.16
2-11-2022 05:15;10.62
2-11-2022 05:30;10.75
2-11-2022 05:45;11.15
2-11-2022 06:00;12.05
2-11-2022 06:15;9.21
2-11-2022 06:30;6.01
2-11-2022 06:45;10.93
2-11-2022 07:00;9.85
2-11-2022 07:15;9.87
2-11-2022 07:30;9.47
2-11-2022 07:45;9.55
2-11-2022 08:00;9.21
2-11-2022 08:15;8.6
2-11-2022 08:30;7.65
2-11-2022 08:45;8.72
2-11-2022 09:00;10.58
2-11-2022 09:15;10.16
2-11-2022 09:30;8.63
2-11-2022 09:45;9.77
2-11-2022 10:00;10.45
2-11-2022 10:15;10.32
2-11-2022 10:30;10.39
2-11-2022 10:45;10.57
2-11-2022 11:00;10.42
2-11-2022 11:15;9.77
2-11-2022 11:30;9.99
2-11-2022 11:45;10.28
2-11-2022 12:00;10.62
2-11-2022 12:15;10.92
2-11-2022 12:30;11.12
2-11-2022 12:45;11.44
2-11-2022 13:00;11.6
2-11-2022 13:15;11.83
2-11-2022 13:30;12.09
2-11-2022 13:45;13.38
2-11-2022 14:00;14.68
2-11-2022 14:15;15.14
2-11-2022 14:30;15.33
2-11-2022 14:45;15.86
2-11-2022 15:00;15.78
2-11-2022 15:15;15.57
2-11-2022 15:30;14.76
2-11-2022 15:45;14.69
2-11-2022 16:00;14.34
2-11-2022 16:15;13.31
2-11-2022 16:30;13.24
2-11-2022 16:45;11.17
2-11-2022 17:00;9.44
2-11-2022 17:15;9.8
2-11-2022 17:30;10.54
2-11-2022 17:45;11.1
2-11-2022 18:00;11.49
2-11-2022 18:15;11.57
2-11-2022 18:30;11.81
2-11-2022 18:45;11.97
2-11-2022 19:00;11.96
2-11-2022 19:15;11.95
2-11-2022 19:30;12.03
2-11-2022 19:45;12.31
2-11-2022 20:00;13.92
2-11-2022 20:15;13.41
2-11-2022 20:30;11.79
2-11-2022 20:45;11.44
2-11-2022 21:00;11.66
2-11-2022 21:15;11.88
2-11-2022 21:30;11.98
2-11-2022 21:45;11.92
2-11-2022 22:00;11.76
2-11-2022 22:15;11.65
2-11-2022 22:30;11.71
2-11-2022 22:45;11.76
2-11-2022 23:00;11.91
2-11-2022 23:15;11.92
2-11-2022 23:30;11.95
2-11-2022 23:45;12.07
3-11-2022 00:00;12.09
3-11-2022 00:15;12.07
3-11-2022 00:30;12.1
3-11-2022 00:45;12.32
3-11-2022 01:00;14.02
3-11-2022 01:15;14.94
3-11-2022 01:30;14.29
3-11-2022 01:45;14.42
3-11-2022 02:00;14.26
3-11-2022 02:15;13.99
3-11-2022 02:30;13.6
3-11-2022 02:45;13.11
3-11-2022 03:00;12.62
3-11-2022 03:15;10.51
3-11-2022 03:30;8.62
3-11-2022 03:45;9.36
3-11-2022 04:00;10.17
3-11-2022 04:15;10.74
3-11-2022 04:30;11.11
3-11-2022 04:45;11.11
3-11-2022 05:00;11.17
3-11-2022 05:15;11.14
3-11-2022 05:30;11.19
3-11-2022 05:45;11.09
3-11-2022 06:00;10.84
3-11-2022 06:15;11.5
3-11-2022 06:30;10.73
3-11-2022 06:45;9.92
3-11-2022 07:00;9.85
3-11-2022 07:15;10.06
3-11-2022 07:30;10.08
3-11-2022 07:45;10.07
3-11-2022 08:00;9.79
3-11-2022 08:15;10.02
3-11-2022 08:30;10.15
3-11-2022 08:45;10.11
3-11-2022 09:00;9.98
3-11-2022 09:15;9.88
3-11-2022 09:30;9.95
3-11-2022 09:45;9.78
3-11-2022 10:00;9.76
3-11-2022 10:15;9.76
3-11-2022 10:30;9.92
3-11-2022 10:45;10.1
3-11-2022 11:00;10.36
3-11-2022 11:15;10.33
3-11-2022 11:30;10.42
3-11-2022 11:45;11.22
3-11-2022 12:00;12.88
3-11-2022 12:15;12.66
3-11-2022 12:30;10.58
3-11-2022 12:45;11.13
3-11-2022 13:00;12.25
3-11-2022 13:15;12.99
3-11-2022 13:30;14.51
3-11-2022 13:45;18.21
3-11-2022 14:00;19.15
3-11-2022 14:15;20.04
3-11-2022 14:30;19.62
3-11-2022 14:45;18.71
3-11-2022 15:00;19.11
3-11-2022 15:15;19.89
3-11-2022 15:30;20
3-11-2022 15:45;20.42
3-11-2022 16:00;20.56
3-11-2022 16:15;21.43
3-11-2022 16:30;22.21
3-11-2022 16:45;22.64
3-11-2022 17:00;23.02
3-11-2022 17:15;23.47
3-11-2022 17:30;24.45
3-11-2022 17:45;24.78
3-11-2022 18:00;25.13
3-11-2022 18:15;26.74
3-11-2022 18:30;28.17
3-11-2022 18:45;28.61
3-11-2022 19:00;28.79
3-11-2022 19:15;28.81
3-11-2022 19:30;28.74
3-11-2022 19:45;28.84
3-11-2022 20:00;28.96
3-11-2022 20:15;29.15
3-11-2022 20:30;30.47
3-11-2022 20:45;29.18
3-11-2022 21:00;28.02
3-11-2022 21:15;24.52
3-11-2022 21:30;21.01
3-11-2022 21:45;19.11
3-11-2022 22:00;18.02
3-11-2022 22:15;17.01
3-11-2022 22:30;16.74
3-11-2022 22:45;15.21
3-11-2022 23:00;14.19
3-11-2022 23:15;13.96
3-11-2022 23:30;13.8
3-11-2022 23:45;12.68
4-11-2022 00:00;10.33
4-11-2022 00:15;10.56
4-11-2022 00:30;10.07
4-11-2022 00:45;10.12
4-11-2022 01:00;10.93
4-11-2022 01:15;11.43
4-11-2022 01:30;12.1
4-11-2022 01:45;13.38
4-11-2022 02:00;14.05
4-11-2022 02:15;14.16
4-11-2022 02:30;14.06
4-11-2022 02:45;14.17
4-11-2022 03:00;14.7
4-11-2022 03:15;14.37
4-11-2022 03:30;13.95
4-11-2022 03:45;12.87
4-11-2022 04:00;11.09
4-11-2022 04:15;10.53
4-11-2022 04:30;10.91
4-11-2022 04:45;11.07
4-11-2022 05:00;11.3
4-11-2022 05:15;11.51
4-11-2022 05:30;11.52
4-11-2022 05:45;11.59
4-11-2022 06:00;11.58
4-11-2022 06:15;11.47
4-11-2022 06:30;11.42
4-11-2022 06:45;11.19
4-11-2022 07:00;11.12
4-11-2022 07:15;10.86
4-11-2022 07:30;10.93
4-11-2022 07:45;11.03
4-11-2022 08:00;11.2
4-11-2022 08:15;11.24
4-11-2022 08:30;11.47
4-11-2022 08:45;11.6
4-11-2022 09:00;12.18
4-11-2022 09:15;12.74
4-11-2022 09:30;11.01
4-11-2022 09:45;10.28
4-11-2022 10:00;10.91
4-11-2022 10:15;10.63
4-11-2022 10:30;11.19
4-11-2022 10:45;11.64
4-11-2022 11:00;13.08
4-11-2022 11:15;15.97
4-11-2022 11:30;15.26
4-11-2022 11:45;16.9
4-11-2022 12:00;18.41
4-11-2022 12:15;18.72
4-11-2022 12:30;18.74
4-11-2022 12:45;18.38
4-11-2022 13:00;17.14
4-11-2022 13:15;17.11
4-11-2022 13:30;18.29
4-11-2022 13:45;18.43
4-11-2022 14:00;17.43
4-11-2022 14:15;17.39
4-11-2022 14:30;17.32
4-11-2022 14:45;17.38
4-11-2022 15:00;17.22
4-11-2022 15:15;17.25
4-11-2022 15:30;16.55
4-11-2022 15:45;16.09
4-11-2022 16:00;15.57
4-11-2022 16:15;15.26
4-11-2022 16:30;14.88
4-11-2022 16:45;14.69
4-11-2022 17:00;14.31
4-11-2022 17:15;12.87
4-11-2022 17:30;10.85
4-11-2022 17:45;10.72
4-11-2022 18:00;11.07
4-11-2022 18:15;11.23
4-11-2022 18:30;11.66
4-11-2022 18:45;12.09
4-11-2022 19:00;12.41
4-11-2022 19:15;12.6
4-11-2022 19:30;12.85
4-11-2022 19:45;13.21
4-11-2022 20:00;13.38
4-11-2022 20:15;13.56
4-11-2022 20:30;13.58
4-11-2022 20:45;13.68
4-11-2022 21:00;13.87
4-11-2022 21:15;13.95
4-11-2022 21:30;14.04
4-11-2022 21:45;14.04
4-11-2022 22:00;14.07
4-11-2022 22:15;13.99
4-11-2022 22:30;14.05
4-11-2022 22:45;14.08
4-11-2022 23:00;14.13
4-11-2022 23:15;14.13
4-11-2022 23:30;14.48
4-11-2022 23:45;16.32
5-11-2022 00:00;17.17
5-11-2022 00:15;16.9
5-11-2022 00:30;16.08
5-11-2022 00:45;15.62
5-11-2022 01:00;15.13
5-11-2022 01:15;14.83
5-11-2022 01:30;14.51
5-11-2022 01:45;14.24
5-11-2022 02:00;14.06
5-11-2022 02:15;13.9
5-11-2022 02:30;13.58
5-11-2022 02:45;13.69
5-11-2022 03:00;13.9
5-11-2022 03:15;13.53
5-11-2022 03:30;11.69
5-11-2022 03:45;9.81
5-11-2022 04:00;9.76
5-11-2022 04:15;10.12
5-11-2022 04:30;10.7
5-11-2022 04:45;12.42
5-11-2022 05:00;14.15
5-11-2022 05:15;14.89
5-11-2022 05:30;14.76
5-11-2022 05:45;14.44
5-11-2022 06:00;13.97
5-11-2022 06:15;13.52
5-11-2022 06:30;13.37
5-11-2022 06:45;14
5-11-2022 07:00;14.49
5-11-2022 07:15;13.62
5-11-2022 07:30;11.15
5-11-2022 07:45;10.3
5-11-2022 08:00;10.08
5-11-2022 08:15;10.04
5-11-2022 08:30;10.04
5-11-2022 08:45;10.13
5-11-2022 09:00;10.23
5-11-2022 09:15;10.24
5-11-2022 09:30;10.15
5-11-2022 09:45;10.26
5-11-2022 10:00;10.25
5-11-2022 10:15;10.24
5-11-2022 10:30;10.18
5-11-2022 10:45;10.14
5-11-2022 11:00;10.24
5-11-2022 11:15;10.25
5-11-2022 11:30;11.32
5-11-2022 11:45;11.69
5-11-2022 12:00;10.71
5-11-2022 12:15;10.35
5-11-2022 12:30;10.53
5-11-2022 12:45;10.67
5-11-2022 13:00;10.78
5-11-2022 13:15;11.03
5-11-2022 13:30;11.31
5-11-2022 13:45;11.9
5-11-2022 14:00;12.21
5-11-2022 14:15;12.26
5-11-2022 14:30;12.37
5-11-2022 14:45;12.56
5-11-2022 15:00;12.8
5-11-2022 15:15;13.49
5-11-2022 15:30;16.36
5-11-2022 15:45;17.61
5-11-2022 16:00;17.54
5-11-2022 16:15;17.62
5-11-2022 16:30;17.54
5-11-2022 16:45;17.18
5-11-2022 17:00;16.52
5-11-2022 17:15;15.75
5-11-2022 17:30;15.53
5-11-2022 17:45;15.37
5-11-2022 18:00;15.29
5-11-2022 18:15;15.22
5-11-2022 18:30;14.64
5-11-2022 18:45;14.2
5-11-2022 19:00;14.07
5-11-2022 19:15;13.76
5-11-2022 19:30;13.71
5-11-2022 19:45;13.7
5-11-2022 20:00;13.58
5-11-2022 20:15;13.64
5-11-2022 20:30;14.12
5-11-2022 20:45;13.58
5-11-2022 21:00;13.56
5-11-2022 21:15;13.56
5-11-2022 21:30;13.62
5-11-2022 21:45;13.69
5-11-2022 22:00;13.45
5-11-2022 22:15;13.72
5-11-2022 22:30;13.95
5-11-2022 22:45;14.69
5-11-2022 23:00;14.34
5-11-2022 23:15;14.03
5-11-2022 23:30;13.99
5-11-2022 23:45;13.87
6-11-2022 00:00;13.82
6-11-2022 00:15;13.71
6-11-2022 00:30;13.61
6-11-2022 00:45;12.35
6-11-2022 01:00;11.11
6-11-2022 01:15;11.29
6-11-2022 01:30;11.5
6-11-2022 01:45;11.72
6-11-2022 02:00;11.9
6-11-2022 02:15;11.98
6-11-2022 02:30;11.93
6-11-2022 02:45;12.14
6-11-2022 03:00;12.1
6-11-2022 03:15;12.06
6-11-2022 03:30;11.98
6-11-2022 03:45;11.95
6-11-2022 04:00;11.98
6-11-2022 04:15;11.93
6-11-2022 04:30;11.69
6-11-2022 04:45;11.62
6-11-2022 05:00;11.74
6-11-2022 05:15;11.66
6-11-2022 05:30;11.58
6-11-2022 05:45;11.54
6-11-2022 06:00;11.37
6-11-2022 06:15;11.25
6-11-2022 06:30;11.05
6-11-2022 06:45;10.93
6-11-2022 07:00;10.74
6-11-2022 07:15;10.55
6-11-2022 07:30;10.29
6-11-2022 07:45;10.07
6-11-2022 08:00;9.98
6-11-2022 08:15;9.81
6-11-2022 08:30;9.76
6-11-2022 08:45;9.86
6-11-2022 09:00;10.89
6-11-2022 09:15;10.16
6-11-2022 09:30;9.06
6-11-2022 09:45;9.17
6-11-2022 10:00;9.32
6-11-2022 10:15;9.46
6-11-2022 10:30;9.39
6-11-2022 10:45;9.46
6-11-2022 11:00;9.74
6-11-2022 11:15;10.28
6-11-2022 11:30;10.71
6-11-2022 11:45;11.45
6-11-2022 12:00;12.21
6-11-2022 12:15;12.76
6-11-2022 12:30;15.25
6-11-2022 12:45;19.88
6-11-2022 13:00;20.95
6-11-2022 13:15;20.56
6-11-2022 13:30;21.39
6-11-2022 13:45;24.54
6-11-2022 14:00;27.23
6-11-2022 14:15;30.06
6-11-2022 14:30;30.96
6-11-2022 14:45;31.87
6-11-2022 15:00;33.69
6-11-2022 15:15;35.32
6-11-2022 15:30;34.47
6-11-2022 15:45;35.8
6-11-2022 16:00;35.75
6-11-2022 16:15;36.2
6-11-2022 16:30;36.59
6-11-2022 16:45;35.92
6-11-2022 17:00;36.13
6-11-2022 17:15;36.2
6-11-2022 17:30;35.71
6-11-2022 17:45;35.91
6-11-2022 18:00;35.79
6-11-2022 18:15;35.48
6-11-2022 18:30;35.29
6-11-2022 18:45;35.66
6-11-2022 19:00;34.7
6-11-2022 19:15;34.73
6-11-2022 19:30;34.53
6-11-2022 19:45;34.22
6-11-2022 20:00;34.01
6-11-2022 20:15;33.71
6-11-2022 20:30;33.2
6-11-2022 20:45;32.94
6-11-2022 21:00;32.68
6-11-2022 21:15;32.64
6-11-2022 21:30;32.28
6-11-2022 21:45;32
6-11-2022 22:00;28.9
6-11-2022 22:15;27.62
6-11-2022 22:30;21.51
6-11-2022 22:45;21.15
6-11-2022 23:00;20.59
6-11-2022 23:15;19.28
6-11-2022 23:30;18.84
6-11-2022 23:45;17.73
7-11-2022 00:00;16.22
7-11-2022 00:15;16.11
7-11-2022 00:30;15.72
7-11-2022 00:45;17
7-11-2022 01:00;17.36
7-11-2022 01:15;17.35
7-11-2022 01:30;17.25
7-11-2022 01:45;17.18
7-11-2022 02:00;17.02
7-11-2022 02:15;16.92
7-11-2022 02:30;16.78
7-11-2022 02:45;16.99
7-11-2022 03:00;16.86
7-11-2022 03:15;16.56
7-11-2022 03:30;16.3
7-11-2022 03:45;16.32
7-11-2022 04:00;17.05
7-11-2022 04:15;17.04
7-11-2022 04:30;15.17
7-11-2022 04:45;14.1
7-11-2022 05:00;14.94
7-11-2022 05:15;15.85
7-11-2022 05:30;15.88
7-11-2022 05:45;15.42
7-11-2022 06:00;14.91
7-11-2022 06:15;14.37
7-11-2022 06:30;14.36
7-11-2022 06:45;14.11
7-11-2022 07:00;13.72
7-11-2022 07:15;13.47
7-11-2022 07:30;12.66
7-11-2022 07:45;12.75
7-11-2022 08:00;12.15
7-11-2022 08:15;10.68
7-11-2022 08:30;10.47
7-11-2022 08:45;10.63
7-11-2022 09:00;10.72
7-11-2022 09:15;10.93
7-11-2022 09:30;12.29
7-11-2022 09:45;14.14
7-11-2022 10:00;13.49
7-11-2022 10:15;14.03
7-11-2022 10:30;15.59
7-11-2022 10:45;15.9
7-11-2022 11:00;15.99
7-11-2022 11:15;15.99
7-11-2022 11:30;15.9
7-11-2022 11:45;16.44
7-11-2022 12:00;17.01
7-11-2022 12:15;16.98
7-11-2022 12:30;16.71
7-11-2022 12:45;16.44
7-11-2022 13:00;16.54
7-11-2022 13:15;17.16
7-11-2022 13:30;16.62
7-11-2022 13:45;16.05
7-11-2022 14:00;16.2
7-11-2022 14:15;16.07
7-11-2022 14:30;16.05
7-11-2022 14:45;15.95
7-11-2022 15:00;16.69
7-11-2022 15:15;16.57
7-11-2022 15:30;16.69
7-11-2022 15:45;16.8
7-11-2022 16:00;16.79
7-11-2022 16:15;16.82
7-11-2022 16:30;17.48
7-11-2022 16:45;16.65
7-11-2022 17:00;15.06
7-11-2022 17:15;14.95
7-11-2022 17:30;14.86
7-11-2022 17:45;14.83
7-11-2022 18:00;14.82
7-11-2022 18:15;14.8
7-11-2022 18:30;15.06
7-11-2022 18:45;14.49
7-11-2022 19:00;14
7-11-2022 19:15;13.97
7-11-2022 19:30;14
7-11-2022 19:45;14.07
7-11-2022 20:00;14.11
7-11-2022 20:15;14.07
7-11-2022 20:30;13.91
7-11-2022 20:45;13.99
7-11-2022 21:00;14.05
7-11-2022 21:15;14.19
7-11-2022 21:30;14.28
7-11-2022 21:45;14.34
7-11-2022 22:00;14.48
7-11-2022 22:15;14.67
7-11-2022 22:30;14.53
7-11-2022 22:45;14.46
7-11-2022 23:00;14.93
7-11-2022 23:15;15.15
7-11-2022 23:30;15.2
7-11-2022 23:45;15.32
8-11-2022 00:00;15.25
8-11-2022 00:15;15.25
8-11-2022 00:30;15.37
8-11-2022 00:45;15.36
8-11-2022 01:00;15.31
8-11-2022 01:15;15.28
8-11-2022 01:30;15.23
8-11-2022 01:45;15.73
8-11-2022 02:00;15.79
8-11-2022 02:15;14.5
8-11-2022 02:30;14.7
8-11-2022 02:45;14.83
8-11-2022 03:00;14.71
8-11-2022 03:15;14.46
8-11-2022 03:30;14.39
8-11-2022 03:45;14.19
8-11-2022 04:00;13.9
8-11-2022 04:15;12.35
8-11-2022 04:30;11.4
8-11-2022 04:45;11.8
8-11-2022 05:00;12.36
8-11-2022 05:15;12.38
8-11-2022 05:30;12.31
8-11-2022 05:45;11.71
8-11-2022 06:00;12.22
8-11-2022 06:15;12.13
8-11-2022 06:30;12.11
8-11-2022 06:45;12.51
8-11-2022 07:00;12.52
8-11-2022 07:15;10.63
8-11-2022 07:30;9.92
8-11-2022 07:45;9.42
8-11-2022 08:00;9.2
8-11-2022 08:15;8.52
8-11-2022 08:30;11.03
8-11-2022 08:45;10.21
8-11-2022 09:00;10.11
8-11-2022 09:15;10.5
8-11-2022 09:30;12.07
8-11-2022 09:45;12.07
8-11-2022 10:00;11.92
8-11-2022 10:15;11.52
8-11-2022 10:30;11.78
8-11-2022 10:45;12.18
8-11-2022 11:00;12.36
8-11-2022 11:15;12.81
8-11-2022 11:30;13
8-11-2022 11:45;12.97
8-11-2022 12:00;13.03
8-11-2022 12:15;13.17
8-11-2022 12:30;14.41
8-11-2022 12:45;15.42
8-11-2022 13:00;15.51
8-11-2022 13:15;14.77
8-11-2022 13:30;13.85
8-11-2022 13:45;13.53
8-11-2022 14:00;13.41
8-11-2022 14:15;13.21
8-11-2022 14:30;13.11
8-11-2022 14:45;13.33
8-11-2022 15:00;13.73
8-11-2022 15:15;13.68
8-11-2022 15:30;13.55
8-11-2022 15:45;13.12
8-11-2022 16:00;11.06
8-11-2022 16:15;9.47
8-11-2022 16:30;9.24
8-11-2022 16:45;9.37
8-11-2022 17:00;10.32
8-11-2022 17:15;10.43
8-11-2022 17:30;10.88
8-11-2022 17:45;13.06
8-11-2022 18:00;15.66
8-11-2022 18:15;15.96
8-11-2022 18:30;15.9
8-11-2022 18:45;15.42
8-11-2022 19:00;14.97
8-11-2022 19:15;14.94
8-11-2022 19:30;14.66
8-11-2022 19:45;14.57
8-11-2022 20:00;14.58
8-11-2022 20:15;14.57
8-11-2022 20:30;14.74
8-11-2022 20:45;15.04
8-11-2022 21:00;15.46
8-11-2022 21:15;16.15
8-11-2022 21:30;16.52
8-11-2022 21:45;16.53
8-11-2022 22:00;16.6
8-11-2022 22:15;16.65
8-11-2022 22:30;16.68
8-11-2022 22:45;16.85
8-11-2022 23:00;16.88
8-11-2022 23:15;16.83
8-11-2022 23:30;16.86
8-11-2022 23:45;16.94
9-11-2022 00:00;16.91
9-11-2022 00:15;16.99
9-11-2022 00:30;16.91
9-11-2022 00:45;16.91
9-11-2022 01:00;16.87
9-11-2022 01:15;17.18
9-11-2022 01:30;18.03
9-11-2022 01:45;16.69
9-11-2022 02:00;16.58
9-11-2022 02:15;17.02
9-11-2022 02:30;17.44
9-11-2022 02:45;17.26
9-11-2022 03:00;17.13
9-11-2022 03:15;16.89
9-11-2022 03:30;16.99
9-11-2022 03:45;17.31
9-11-2022 04:00;17.25
9-11-2022 04:15;17.28
9-11-2022 04:30;17.61
9-11-2022 04:45;17.59
9-11-2022 05:00;17.02
9-11-2022 05:15;16.51
9-11-2022 05:30;16.18
9-11-2022 05:45;15.66
9-11-2022 06:00;15.45
9-11-2022 06:15;14.74
9-11-2022 06:30;14.5
9-11-2022 06:45;14.29
9-11-2022 07:00;13.19
9-11-2022 07:15;11.29
9-11-2022 07:30;10.23
9-11-2022 07:45;9.69
9-11-2022 08:00;9.69
9-11-2022 08:15;9.47
9-11-2022 08:30;9.55
9-11-2022 08:45;10.02
9-11-2022 09:00;10.3
9-11-2022 09:15;10.68
9-11-2022 09:30;10.74
9-11-2022 09:45;11
9-11-2022 10:00;11.1
9-11-2022 10:15;11.44
9-11-2022 10:30;11.69
9-11-2022 10:45;12.03
9-11-2022 11:00;12.49
9-11-2022 11:15;12.79
9-11-2022 11:30;13.21
9-11-2022 11:45;13.36
9-11-2022 12:00;13.61
9-11-2022 12:15;13.91
9-11-2022 12:30;14.14
9-11-2022 12:45;14.44
9-11-2022 13:00;15.92
9-11-2022 13:15;17.56
9-11-2022 13:30;18.11
9-11-2022 13:45;18.55
9-11-2022 14:00;18.71
9-11-2022 14:15;18.82
9-11-2022 14:30;18.7
9-11-2022 14:45;17.83
9-11-2022 15:00;17.44
9-11-2022 15:15;16.12
9-11-2022 15:30;14.63
9-11-2022 15:45;14.92
9-11-2022 16:00;15.45
9-11-2022 16:15;14.74
9-11-2022 16:30;13.35
9-11-2022 16:45;13.29
9-11-2022 17:00;13.09
9-11-2022 17:15;11.72
9-11-2022 17:30;9.87
9-11-2022 17:45;9.37
9-11-2022 18:00;10.05
9-11-2022 18:15;11.21
9-11-2022 18:30;10.24
9-11-2022 18:45;9.92
9-11-2022 19:00;10.11
9-11-2022 19:15;10.46
9-11-2022 19:30;10.87
9-11-2022 19:45;11.1
9-11-2022 20:00;11.27
9-11-2022 20:15;11.57
9-11-2022 20:30;11.8
9-11-2022 20:45;12.01
9-11-2022 21:00;12.18
9-11-2022 21:15;12.22
9-11-2022 21:30;12.35
9-11-2022 21:45;12.45
9-11-2022 22:00;12.56
9-11-2022 22:15;12.74
9-11-2022 22:30;12.83
9-11-2022 22:45;12.88
9-11-2022 23:00;12.96
9-11-2022 23:15;13.07
9-11-2022 23:30;13.36
9-11-2022 23:45;15.2
10-11-2022 00:00;16.2
10-11-2022 00:15;16.65
10-11-2022 00:30;16.86
10-11-2022 00:45;16.4
10-11-2022 01:00;16.08
10-11-2022 01:15;15.57
10-11-2022 01:30;14.86
10-11-2022 01:45;14.74
10-11-2022 02:00;15.78
10-11-2022 02:15;17.42
10-11-2022 02:30;17.03
10-11-2022 02:45;16.52
10-11-2022 03:00;16.28
10-11-2022 03:15;15.86
10-11-2022 03:30;15.25
10-11-2022 03:45;14.88
10-11-2022 04:00;14.51
10-11-2022 04:15;14.26
10-11-2022 04:30;13.99
10-11-2022 04:45;12.15
10-11-2022 05:00;11.04
10-11-2022 05:15;10.8
10-11-2022 05:30;10.9
10-11-2022 05:45;10.86
10-11-2022 06:00;10.94
10-11-2022 06:15;11.01
10-11-2022 06:30;11.77
10-11-2022 06:45;13.25
10-11-2022 07:00;12.85
10-11-2022 07:15;11.54
10-11-2022 07:30;11.13
10-11-2022 07:45;11.34
10-11-2022 08:00;11.33
10-11-2022 08:15;11.34
10-11-2022 08:30;11.34
10-11-2022 08:45;11.65
10-11-2022 09:00;11.7
10-11-2022 09:15;11.76
10-11-2022 09:30;11.9
10-11-2022 09:45;11.96
10-11-2022 10:00;11.94
10-11-2022 10:15;12.1
10-11-2022 10:30;12.27
10-11-2022 10:45;12.45
10-11-2022 11:00;12.67
10-11-2022 11:15;12.71
10-11-2022 11:30;12.64
10-11-2022 11:45;12.77
10-11-2022 12:00;12.9
10-11-2022 12:15;12.99
10-11-2022 12:30;13.18
10-11-2022 12:45;13.39
10-11-2022 13:00;13.53
10-11-2022 13:15;13.7
10-11-2022 13:30;14.03
10-11-2022 13:45;14.43
10-11-2022 14:00;16
10-11-2022 14:15;17.27
10-11-2022 14:30;17.97
10-11-2022 14:45;17.49
10-11-2022 15:00;17.87
10-11-2022 15:15;17.88
10-11-2022 15:30;17.77
10-11-2022 15:45;17.41
10-11-2022 16:00;17.13
10-11-2022 16:15;17.13
10-11-2022 16:30;17.04
10-11-2022 16:45;16.85
10-11-2022 17:00;16.68
10-11-2022 17:15;16.59
10-11-2022 17:30;16.25
10-11-2022 17:45;15.95
10-11-2022 18:00;15.95
10-11-2022 18:15;15.76
10-11-2022 18:30;15.57
10-11-2022 18:45;15.74
10-11-2022 19:00;14.05
10-11-2022 19:15;13.58
10-11-2022 19:30;12.82
10-11-2022 19:45;9.96
10-11-2022 20:00;8.65
10-11-2022 20:15;8.69
10-11-2022 20:30;11.11
10-11-2022 20:45;13.75
10-11-2022 21:00;15.03
10-11-2022 21:15;14.71
10-11-2022 21:30;12.14
10-11-2022 21:45;12.34
10-11-2022 22:00;12.11
10-11-2022 22:15;12.11
10-11-2022 22:30;12.1
10-11-2022 22:45;12.12
10-11-2022 23:00;12.15
10-11-2022 23:15;12.14
10-11-2022 23:30;12.18
10-11-2022 23:45;12.18
11-11-2022 00:00;12.24
11-11-2022 00:15;12.31
11-11-2022 00:30;12.4
11-11-2022 00:45;12.41
11-11-2022 01:00;12.53
11-11-2022 01:15;12.6
11-11-2022 01:30;12.6
11-11-2022 01:45;12.56
11-11-2022 02:00;12.48
11-11-2022 02:15;12.39
11-11-2022 02:30;12.34
11-11-2022 02:45;12.33
11-11-2022 03:00;12.23
11-11-2022 03:15;12.08
11-11-2022 03:30;12.03
11-11-2022 03:45;11.91
11-11-2022 04:00;11.78
11-11-2022 04:15;11.57
11-11-2022 04:30;11.44
11-11-2022 04:45;11.24
11-11-2022 05:00;11.06
11-11-2022 05:15;10.8
11-11-2022 05:30;10.73
11-11-2022 05:45;10.98
11-11-2022 06:00;11.06
11-11-2022 06:15;11
11-11-2022 06:30;10.97
11-11-2022 06:45;10.99
11-11-2022 07:00;10.85
11-11-2022 07:15;10.79
11-11-2022 07:30;10.56
11-11-2022 07:45;11.01
11-11-2022 08:00;11.18
11-11-2022 08:15;9.93
11-11-2022 08:30;9.46
11-11-2022 08:45;9.48
11-11-2022 09:00;9.49
11-11-2022 09:15;9.49
11-11-2022 09:30;9.5
11-11-2022 09:45;9.49
11-11-2022 10:00;9.74
11-11-2022 10:15;9.8
11-11-2022 10:30;9.81
11-11-2022 10:45;9.93
11-11-2022 11:00;9.96
11-11-2022 11:15;10.11
11-11-2022 11:30;10.52
11-11-2022 11:45;11.1
11-11-2022 12:00;12.13
11-11-2022 12:15;10.74
11-11-2022 12:30;10.25
11-11-2022 12:45;10.33
11-11-2022 13:00;10.6
11-11-2022 13:15;10.93
11-11-2022 13:30;11.26
11-11-2022 13:45;11.57
11-11-2022 14:00;11.93
11-11-2022 14:15;12.32
11-11-2022 14:30;12.59
11-11-2022 14:45;12.9
11-11-2022 15:00;13.19
11-11-2022 15:15;13.42
11-11-2022 15:30;13.62
11-11-2022 15:45;15.37
11-11-2022 16:00;17.11
11-11-2022 16:15;17.94
11-11-2022 16:30;18.49
11-11-2022 16:45;18.88
11-11-2022 17:00;18.54
11-11-2022 17:15;16.63
11-11-2022 17:30;14.38
11-11-2022 17:45;14.24
11-11-2022 18:00;14.59
11-11-2022 18:15;14.95
11-11-2022 18:30;15.07
11-11-2022 18:45;15.09
11-11-2022 19:00;15.09
11-11-2022 19:15;15.04
11-11-2022 19:30;14.14
11-11-2022 19:45;13.86
11-11-2022 20:00;13.65
11-11-2022 20:15;12.38
11-11-2022 20:30;12.15
11-11-2022 20:45;12.47
11-11-2022 21:00;12.73
11-11-2022 21:15;12.93
11-11-2022 21:30;13.02
11-11-2022 21:45;13.12
11-11-2022 22:00;13.21
11-11-2022 22:15;13.26
11-11-2022 22:30;13.38
11-11-2022 22:45;13.35
11-11-2022 23:00;13.35
11-11-2022 23:15;13.42
11-11-2022 23:30;13.46
11-11-2022 23:45;13.45
12-11-2022 00:00;13.42
12-11-2022 00:15;13.72
12-11-2022 00:30;14.8
12-11-2022 00:45;15.2
12-11-2022 01:00;15.15
12-11-2022 01:15;14.69
12-11-2022 01:30;14.5
12-11-2022 01:45;14.45
12-11-2022 02:00;14.28
12-11-2022 02:15;14.22
12-11-2022 02:30;14
12-11-2022 02:45;13.19
12-11-2022 03:00;11.94
12-11-2022 03:15;11.92
12-11-2022 03:30;11.91
12-11-2022 03:45;12.18
12-11-2022 04:00;13
12-11-2022 04:15;12.54
12-11-2022 04:30;11.36
12-11-2022 04:45;11.05
12-11-2022 05:00;11.16
12-11-2022 05:15;11.08
12-11-2022 05:30;11.14
12-11-2022 05:45;11.32
12-11-2022 06:00;11.2
12-11-2022 06:15;11.15
12-11-2022 06:30;10.93
12-11-2022 06:45;10.64
12-11-2022 07:00;10.62
12-11-2022 07:15;10.54
12-11-2022 07:30;10.3
12-11-2022 07:45;10.09
12-11-2022 08:00;9.97
12-11-2022 08:15;9.93
12-11-2022 08:30;9.99
12-11-2022 08:45;10.11
12-11-2022 09:00;10.23
12-11-2022 09:15;10.25
12-11-2022 09:30;10.18
12-11-2022 09:45;10.19
12-11-2022 10:00;10.15
12-11-2022 10:15;10.07
12-11-2022 10:30;9.91
12-11-2022 10:45;9.97
12-11-2022 11:00;10.01
12-11-2022 11:15;10.29
12-11-2022 11:30;10.91
12-11-2022 11:45;11.2
12-11-2022 12:00;11.25
12-11-2022 12:15;11.42
12-11-2022 12:30;11.62
12-11-2022 12:45;11.73
12-11-2022 13:00;11.97
12-11-2022 13:15;12.08
12-11-2022 13:30;12.28
12-11-2022 13:45;12.45
12-11-2022 14:00;12.67
12-11-2022 14:15;12.69
12-11-2022 14:30;13.02
12-11-2022 14:45;13.29
12-11-2022 15:00;14.4
12-11-2022 15:15;16.45
12-11-2022 15:30;17.77
12-11-2022 15:45;17.46
12-11-2022 16:00;16.79
12-11-2022 16:15;16.03
12-11-2022 16:30;15.88
12-11-2022 16:45;14.99
12-11-2022 17:00;14.2
12-11-2022 17:15;16.44
12-11-2022 17:30;18.11
12-11-2022 17:45;17.69
12-11-2022 18:00;16.96
12-11-2022 18:15;16.77
12-11-2022 18:30;15.51
12-11-2022 18:45;15.07
12-11-2022 19:00;14.2
12-11-2022 19:15;12.17
12-11-2022 19:30;11.87
12-11-2022 19:45;12.07
12-11-2022 20:00;13.12
12-11-2022 20:15;13.06
12-11-2022 20:30;12.11
12-11-2022 20:45;12.08
12-11-2022 21:00;12.19
12-11-2022 21:15;12.33
12-11-2022 21:30;12.45
12-11-2022 21:45;12.54
12-11-2022 22:00;12.56
12-11-2022 22:15;12.6
12-11-2022 22:30;12.52
12-11-2022 22:45;12.51
12-11-2022 23:00;12.49
12-11-2022 23:15;12.52
12-11-2022 23:30;12.59
12-11-2022 23:45;12.57
13-11-2022 00:00;12.56
13-11-2022 00:15;12.56
13-11-2022 00:30;12.52
13-11-2022 00:45;12.54
13-11-2022 01:00;12.56
13-11-2022 01:15;12.53
13-11-2022 01:30;12.46
13-11-2022 01:45;12.51
13-11-2022 02:00;12.35
13-11-2022 02:15;12.36
13-11-2022 02:30;12.36
13-11-2022 02:45;12.22
13-11-2022 03:00;12.03
13-11-2022 03:15;11.89
13-11-2022 03:30;11.82
13-11-2022 03:45;11.75
13-11-2022 04:00;11.49
13-11-2022 04:15;11.2
13-11-2022 04:30;11.15
13-11-2022 04:45;11.06
13-11-2022 05:00;10.92
13-11-2022 05:15;10.81
13-11-2022 05:30;10.66
13-11-2022 05:45;10.96
13-11-2022 06:00;11.25
13-11-2022 06:15;11.29
13-11-2022 06:30;11.31
13-11-2022 06:45;11.53
13-11-2022 07:00;13.19
13-11-2022 07:15;12.92
13-11-2022 07:30;11.64
13-11-2022 07:45;10.87
13-11-2022 08:00;10.43
13-11-2022 08:15;10.24
13-11-2022 08:30;10.38
13-11-2022 08:45;11.07
13-11-2022 09:00;10.32
13-11-2022 09:15;9.49
13-11-2022 09:30;9.55
13-11-2022 09:45;9.71
13-11-2022 10:00;9.92
13-11-2022 10:15;9.92
13-11-2022 10:30;9.88
13-11-2022 10:45;9.95
13-11-2022 11:00;10.29
13-11-2022 11:15;10.4
13-11-2022 11:30;10.42
13-11-2022 11:45;10.49
13-11-2022 12:00;10.5
13-11-2022 12:15;10.59
13-11-2022 12:30;10.81
13-11-2022 12:45;11.27
13-11-2022 13:00;11.56
13-11-2022 13:15;11.81
13-11-2022 13:30;12.09
13-11-2022 13:45;12.4
13-11-2022 14:00;12.88
13-11-2022 14:15;13.1
13-11-2022 14:30;13.33
13-11-2022 14:45;13.5
13-11-2022 15:00;13.61
13-11-2022 15:15;13.92
13-11-2022 15:30;15.12
13-11-2022 15:45;17.07
13-11-2022 16:00;17.65
13-11-2022 16:15;17.36
13-11-2022 16:30;16.84
13-11-2022 16:45;16.74
13-11-2022 17:00;16.26
13-11-2022 17:15;15.94
13-11-2022 17:30;15.89
13-11-2022 17:45;15.95
13-11-2022 18:00;15.89
13-11-2022 18:15;15.67
13-11-2022 18:30;15.41
13-11-2022 18:45;15.48
13-11-2022 19:00;15.55
13-11-2022 19:15;15.43
13-11-2022 19:30;15.34
13-11-2022 19:45;15.47
13-11-2022 20:00;15.57
13-11-2022 20:15;15.58
13-11-2022 20:30;15.6
13-11-2022 20:45;15.65
13-11-2022 21:00;15.83
13-11-2022 21:15;16.82
13-11-2022 21:30;16.16
13-11-2022 21:45;15.67
13-11-2022 22:00;15.72
13-11-2022 22:15;15.88
13-11-2022 22:30;15.88
13-11-2022 22:45;15.78
13-11-2022 23:00;15.75
13-11-2022 23:15;15.6
13-11-2022 23:30;15.63
13-11-2022 23:45;15.43
14-11-2022 00:00;15.19
14-11-2022 00:15;15.06
14-11-2022 00:30;14.91
14-11-2022 00:45;14.92
14-11-2022 01:00;14.82
14-11-2022 01:15;14.68
14-11-2022 01:30;14.54
14-11-2022 01:45;14.49
14-11-2022 02:00;14.29
14-11-2022 02:15;14.14
14-11-2022 02:30;14.03
14-11-2022 02:45;13.79
14-11-2022 03:00;12.62
14-11-2022 03:15;11.31
14-11-2022 03:30;11.07
14-11-2022 03:45;11.2
14-11-2022 04:00;11.54
14-11-2022 04:15;11.65
14-11-2022 04:30;11.75
14-11-2022 04:45;11.6
14-11-2022 05:00;11.56
14-11-2022 05:15;11.54
14-11-2022 05:30;11.69
14-11-2022 05:45;11.73
14-11-2022 06:00;11.57
14-11-2022 06:15;11.56
14-11-2022 06:30;11.3
14-11-2022 06:45;11.25
14-11-2022 07:00;10.96
14-11-2022 07:15;10.8
14-11-2022 07:30;10.61
14-11-2022 07:45;10.34
14-11-2022 08:00;10.23
14-11-2022 08:15;10.15
14-11-2022 08:30;10.2
14-11-2022 08:45;9.94
14-11-2022 09:00;9.77
14-11-2022 09:15;9.79
14-11-2022 09:30;10.18
14-11-2022 09:45;11.37
14-11-2022 10:00;12.64
14-11-2022 10:15;13.22
14-11-2022 10:30;13.12
14-11-2022 10:45;13.2
14-11-2022 11:00;13.21
14-11-2022 11:15;13.29
14-11-2022 11:30;13.37
14-11-2022 11:45;13.52
14-11-2022 12:00;13.73
14-11-2022 12:15;13.96
14-11-2022 12:30;14.18
14-11-2022 12:45;14.26
14-11-2022 13:00;14.41
14-11-2022 13:15;14.56
14-11-2022 13:30;14.96
14-11-2022 13:45;15.09
14-11-2022 14:00;14.98
14-11-2022 14:15;14.93
14-11-2022 14:30;14.97
14-11-2022 14:45;15.02
14-11-2022 15:00;14.64
14-11-2022 15:15;14.68
14-11-2022 15:30;14.45
14-11-2022 15:45;14.17
14-11-2022 16:00;14.6
14-11-2022 16:15;14.93
14-11-2022 16:30;14.83
14-11-2022 16:45;15.02
14-11-2022 17:00;15.15
14-11-2022 17:15;15.16
14-11-2022 17:30;15.45
14-11-2022 17:45;15.7
14-11-2022 18:00;15.07
14-11-2022 18:15;14.97
14-11-2022 18:30;15.3
14-11-2022 18:45;14.76
14-11-2022 19:00;14.67
14-11-2022 19:15;14.61
14-11-2022 19:30;14.2
14-11-2022 19:45;13.99
14-11-2022 20:00;13.79
14-11-2022 20:15;13.85
14-11-2022 20:30;13.98
14-11-2022 20:45;14.34
14-11-2022 21:00;14.34
14-11-2022 21:15;14.54
14-11-2022 21:30;14.55
14-11-2022 21:45;14.25
14-11-2022 22:00;14.17
14-11-2022 22:15;13.99
14-11-2022 22:30;13.89
14-11-2022 22:45;13.84
14-11-2022 23:00;13.86
14-11-2022 23:15;13.82
14-11-2022 23:30;13.9
14-11-2022 23:45;13.93
15-11-2022 00:00;13.94
15-11-2022 00:15;14.02
15-11-2022 00:30;14.04
15-11-2022 00:45;14.09
15-11-2022 01:00;14.58
15-11-2022 01:15;14.85
15-11-2022 01:30;14.61
15-11-2022 01:45;14.61
15-11-2022 02:00;14.49
15-11-2022 02:15;14.45
15-11-2022 02:30;14.35
15-11-2022 02:45;14.21
15-11-2022 03:00;14.01
15-11-2022 03:15;12.38
15-11-2022 03:30;10.65
15-11-2022 03:45;9.44
15-11-2022 04:00;9.01
15-11-2022 04:15;9.65
15-11-2022 04:30;10.77
15-11-2022 04:45;11.52
15-11-2022 05:00;11.79
15-11-2022 05:15;11.8
15-11-2022 05:30;11.69
15-11-2022 05:45;11.63
15-11-2022 06:00;12.06
15-11-2022 06:15;13.55
15-11-2022 06:30;13.46
15-11-2022 06:45;13.23
15-11-2022 07:00;12.86
15-11-2022 07:15;12.41
15-11-2022 07:30;12.13
15-11-2022 07:45;11.9
15-11-2022 08:00;11
15-11-2022 08:15;9.79
15-11-2022 08:30;9.58
15-11-2022 08:45;9.49
15-11-2022 09:00;9.48
15-11-2022 09:15;9.8
15-11-2022 09:30;10.25
15-11-2022 09:45;10.24
15-11-2022 10:00;10.14
15-11-2022 10:15;10.11
15-11-2022 10:30;10.09
15-11-2022 10:45;10.1
15-11-2022 11:00;10.16
15-11-2022 11:15;10.09
15-11-2022 11:30;11.22
15-11-2022 11:45;12.36
15-11-2022 12:00;12.82
15-11-2022 12:15;13.68
15-11-2022 12:30;13.78
15-11-2022 12:45;13.72
15-11-2022 13:00;13.74
15-11-2022 13:15;13.77
15-11-2022 13:30;13.87
15-11-2022 13:45;14.06
15-11-2022 14:00;14.46
15-11-2022 14:15;14.82
15-11-2022 14:30;14.94
15-11-2022 14:45;15.23
15-11-2022 15:00;15.39
15-11-2022 15:15;16.23
15-11-2022 15:30;16.93
15-11-2022 15:45;17.73
15-11-2022 16:00;18.5
15-11-2022 16:15;19.37
15-11-2022 16:30;18.44
15-11-2022 16:45;17.02
15-11-2022 17:00;18.14
15-11-2022 17:15;18.97
15-11-2022 17:30;19.49
15-11-2022 17:45;19.62
15-11-2022 18:00;20.78
15-11-2022 18:15;19.13
15-11-2022 18:30;19.21
15-11-2022 18:45;19.29
15-11-2022 19:00;19.58
15-11-2022 19:15;19.48
15-11-2022 19:30;19.38
15-11-2022 19:45;19.44
15-11-2022 20:00;19.53
15-11-2022 20:15;19.33
15-11-2022 20:30;19.2
15-11-2022 20:45;18.79
15-11-2022 21:00;18.43
15-11-2022 21:15;18.37
15-11-2022 21:30;18.61
15-11-2022 21:45;18.79
15-11-2022 22:00;18.78
15-11-2022 22:15;19.03
15-11-2022 22:30;17.87
15-11-2022 22:45;17.66
15-11-2022 23:00;17.79
15-11-2022 23:15;18.52
15-11-2022 23:30;18.87
15-11-2022 23:45;18.98
16-11-2022 00:00;19.07
16-11-2022 00:15;19.03
16-11-2022 00:30;19.11
16-11-2022 00:45;19.1
16-11-2022 01:00;19.28
16-11-2022 01:15;19.33
16-11-2022 01:30;19.53
16-11-2022 01:45;19.63
16-11-2022 02:00;19.31
16-11-2022 02:15;19.12
16-11-2022 02:30;19.01
16-11-2022 02:45;18.81
16-11-2022 03:00;18.71
16-11-2022 03:15;18.7
16-11-2022 03:30;17.91
16-11-2022 03:45;17.58
16-11-2022 04:00;17.79
16-11-2022 04:15;17.11
16-11-2022 04:30;16.07
16-11-2022 04:45;15.79
16-11-2022 05:00;15.45
16-11-2022 05:15;15.03
16-11-2022 05:30;14.55
16-11-2022 05:45;14.94
16-11-2022 06:00;15.09
16-11-2022 06:15;14.44
16-11-2022 06:30;14.29
16-11-2022 06:45;14.25
16-11-2022 07:00;13.76
16-11-2022 07:15;11.41
16-11-2022 07:30;9.96
16-11-2022 07:45;9.67
16-11-2022 08:00;9.5
16-11-2022 08:15;9.5
16-11-2022 08:30;9.55
16-11-2022 08:45;9.75
16-11-2022 09:00;9.99
16-11-2022 09:15;10.41
16-11-2022 09:30;10.77
16-11-2022 09:45;11.16
16-11-2022 10:00;11.54
16-11-2022 10:15;11.52
16-11-2022 10:30;11.64
16-11-2022 10:45;11.72
16-11-2022 11:00;11.82
16-11-2022 11:15;12.01
16-11-2022 11:30;12.37
16-11-2022 11:45;12.75
16-11-2022 12:00;12.93
16-11-2022 12:15;13.11
16-11-2022 12:30;13.16
16-11-2022 12:45;13.35
16-11-2022 13:00;13.43
16-11-2022 13:15;13.56
16-11-2022 13:30;13.66
16-11-2022 13:45;13.74
16-11-2022 14:00;13.86
16-11-2022 14:15;13.85
16-11-2022 14:30;13.92
16-11-2022 14:45;13.98
16-11-2022 15:00;14.08
16-11-2022 15:15;14.24
16-11-2022 15:30;14.59
16-11-2022 15:45;16.97
16-11-2022 16:00;19.02
16-11-2022 16:15;19
16-11-2022 16:30;18.39
16-11-2022 16:45;18.54
16-11-2022 17:00;18.3
16-11-2022 17:15;17.96
16-11-2022 17:30;17.87
16-11-2022 17:45;17.32
16-11-2022 18:00;17.79
16-11-2022 18:15;17.84
16-11-2022 18:30;18.23
16-11-2022 18:45;18.84
16-11-2022 19:00;19.9
16-11-2022 19:15;21.42
16-11-2022 19:30;23.34
16-11-2022 19:45;23.95
16-11-2022 20:00;24
16-11-2022 20:15;24.58
16-11-2022 20:30;25.58
16-11-2022 20:45;26.71
16-11-2022 21:00;28.63
16-11-2022 21:15;31.13
16-11-2022 21:30;32.63
16-11-2022 21:45;33.28
16-11-2022 22:00;34.58
16-11-2022 22:15;35.96
16-11-2022 22:30;36.54
16-11-2022 22:45;36.63
16-11-2022 23:00;36.76
16-11-2022 23:15;36.92
16-11-2022 23:30;36.88
16-11-2022 23:45;36.93
17-11-2022 00:00;36.73
17-11-2022 00:15;36.63
17-11-2022 00:30;36.42
17-11-2022 00:45;36.32
17-11-2022 01:00;36.12
17-11-2022 01:15;36.08
17-11-2022 01:30;35.8
17-11-2022 01:45;35.54
17-11-2022 02:00;35.16
17-11-2022 02:15;35.17
17-11-2022 02:30;34.67
17-11-2022 02:45;34.35
17-11-2022 03:00;34.13
17-11-2022 03:15;33.6
17-11-2022 03:30;33.4
17-11-2022 03:45;32.81
17-11-2022 04:00;32.66
17-11-2022 04:15;32.16
17-11-2022 04:30;31.75
17-11-2022 04:45;31.41
17-11-2022 05:00;30.95
17-11-2022 05:15;30.33
17-11-2022 05:30;29.55
17-11-2022 05:45;29.49
17-11-2022 06:00;28.95
17-11-2022 06:15;28.49
17-11-2022 06:30;28.05
17-11-2022 06:45;23.86
17-11-2022 07:00;22.7
17-11-2022 07:15;22.12
17-11-2022 07:30;21.07
17-11-2022 07:45;21.14
17-11-2022 08:00;21.22
17-11-2022 08:15;21
17-11-2022 08:30;20.59
17-11-2022 08:45;20.6
17-11-2022 09:00;20.46
17-11-2022 09:15;20.34
17-11-2022 09:30;20.08
17-11-2022 09:45;19.89
17-11-2022 10:00;20.07
17-11-2022 10:15;20.15
17-11-2022 10:30;20.07
17-11-2022 10:45;20.1
17-11-2022 11:00;20.12
17-11-2022 11:15;20.18
17-11-2022 11:30;20.21
17-11-2022 11:45;20.16
17-11-2022 12:00;20.28
17-11-2022 12:15;20.38
17-11-2022 12:30;20.38
17-11-2022 12:45;20.38
17-11-2022 13:00;20.61
17-11-2022 13:15;20.67
17-11-2022 13:30;20.67
17-11-2022 13:45;20.71
17-11-2022 14:00;20.91
17-11-2022 14:15;20.94
17-11-2022 14:30;21
17-11-2022 14:45;20.89
17-11-2022 15:00;21.01
17-11-2022 15:15;21.08
17-11-2022 15:30;20.93
17-11-2022 15:45;21
17-11-2022 16:00;21
17-11-2022 16:15;20.78
17-11-2022 16:30;20.71
17-11-2022 16:45;20.44
17-11-2022 17:00;19.99
17-11-2022 17:15;19.75
17-11-2022 17:30;19.45
17-11-2022 17:45;18.98
17-11-2022 18:00;19.23
17-11-2022 18:15;19.15
17-11-2022 18:30;18.86
17-11-2022 18:45;18.59
17-11-2022 19:00;18.98
17-11-2022 19:15;18.43
17-11-2022 19:30;17.89
17-11-2022 19:45;17.56
17-11-2022 20:00;17.52
17-11-2022 20:15;17.5
17-11-2022 20:30;17.27
17-11-2022 20:45;17.06
17-11-2022 21:00;16.73
17-11-2022 21:15;16.45
17-11-2022 21:30;15.87
17-11-2022 21:45;15.64
17-11-2022 22:00;15.33
17-11-2022 22:15;15.17
17-11-2022 22:30;15.24
17-11-2022 22:45;15.29
17-11-2022 23:00;15.39
17-11-2022 23:15;15.46
17-11-2022 23:30;15.5
17-11-2022 23:45;15.56
18-11-2022 00:00;15.62
18-11-2022 00:15;15.72
18-11-2022 00:30;15.76
18-11-2022 00:45;15.57
18-11-2022 01:00;15.36
18-11-2022 01:15;15.26
18-11-2022 01:30;15.21
18-11-2022 01:45;15.16
18-11-2022 02:00;15.05
18-11-2022 02:15;15.04
18-11-2022 02:30;14.96
18-11-2022 02:45;14.9
18-11-2022 03:00;14.71
18-11-2022 03:15;14.59
18-11-2022 03:30;14.4
18-11-2022 03:45;14.33
18-11-2022 04:00;14.09
18-11-2022 04:15;13.64
18-11-2022 04:30;11.74
18-11-2022 04:45;11.26
18-11-2022 05:00;11.15
18-11-2022 05:15;11.22
18-11-2022 05:30;11.42
18-11-2022 05:45;11.55
18-11-2022 06:00;11.85
18-11-2022 06:15;12.01
18-11-2022 06:30;12.02
18-11-2022 06:45;12.05
18-11-2022 07:00;12.51
18-11-2022 07:15;14.36
18-11-2022 07:30;13.9
18-11-2022 07:45;13.24
18-11-2022 08:00;15.34
18-11-2022 08:15;16.43
18-11-2022 08:30;16.48
18-11-2022 08:45;16.03
18-11-2022 09:00;15.37
18-11-2022 09:15;14.36
18-11-2022 09:30;12.93
18-11-2022 09:45;13.45
18-11-2022 10:00;11.85
18-11-2022 10:15;11.47
18-11-2022 10:30;11.47
18-11-2022 10:45;11.53
18-11-2022 11:00;11.67
18-11-2022 11:15;11.79
18-11-2022 11:30;11.97
18-11-2022 11:45;12.36
18-11-2022 12:00;12.76
18-11-2022 12:15;12.97
18-11-2022 12:30;13.12
18-11-2022 12:45;13.39
18-11-2022 13:00;13.59
18-11-2022 13:15;13.75
18-11-2022 13:30;13.37
18-11-2022 13:45;13.33
18-11-2022 14:00;13.41
18-11-2022 14:15;13.55
18-11-2022 14:30;13.62
18-11-2022 14:45;13.71
18-11-2022 15:00;13.79
18-11-2022 15:15;14.01
18-11-2022 15:30;14.15
18-11-2022 15:45;14.69
18-11-2022 16:00;15.09
18-11-2022 16:15;15.05
18-11-2022 16:30;15.03
18-11-2022 16:45;15.36
18-11-2022 17:00;15
18-11-2022 17:15;14.76
18-11-2022 17:30;14.76
18-11-2022 17:45;14.76
18-11-2022 18:00;14.72
18-11-2022 18:15;14.74
18-11-2022 18:30;14.78
18-11-2022 18:45;14.7
18-11-2022 19:00;14.72
18-11-2022 19:15;14.73
18-11-2022 19:30;14.72
18-11-2022 19:45;14.72
18-11-2022 20:00;14.86
18-11-2022 20:15;15.06
18-11-2022 20:30;15.26
18-11-2022 20:45;15.29
18-11-2022 21:00;15.26
18-11-2022 21:15;15.24
18-11-2022 21:30;15.27
18-11-2022 21:45;16.26
18-11-2022 22:00;16.83
18-11-2022 22:15;16.58
18-11-2022 22:30;16.49
18-11-2022 22:45;16.45
18-11-2022 23:00;16.34
18-11-2022 23:15;16.31
18-11-2022 23:30;16.29
18-11-2022 23:45;16.11
19-11-2022 00:00;16.02
19-11-2022 00:15;15.99
19-11-2022 00:30;15.85
19-11-2022 00:45;15.8
19-11-2022 01:00;15.65
19-11-2022 01:15;15.57
19-11-2022 01:30;15.42
19-11-2022 01:45;15.27
19-11-2022 02:00;15.21
19-11-2022 02:15;15.1
19-11-2022 02:30;15.04
19-11-2022 02:45;15.22
19-11-2022 03:00;15.02
19-11-2022 03:15;13.86
19-11-2022 03:30;13.19
19-11-2022 03:45;12.95
19-11-2022 04:00;12.56
19-11-2022 04:15;10.51
19-11-2022 04:30;9.96
19-11-2022 04:45;9.93
19-11-2022 05:00;10.08
19-11-2022 05:15;10.07
19-11-2022 05:30;10.11
19-11-2022 05:45;10.23
19-11-2022 06:00;10.49
19-11-2022 06:15;10.99
19-11-2022 06:30;11.17
19-11-2022 06:45;11.33
19-11-2022 07:00;11.56
19-11-2022 07:15;11.6
19-11-2022 07:30;11.64
19-11-2022 07:45;11.61
19-11-2022 08:00;11.58
19-11-2022 08:15;11.5
19-11-2022 08:30;11.42
19-11-2022 08:45;11.44
19-11-2022 09:00;11.3
19-11-2022 09:15;11.21
19-11-2022 09:30;11.19
19-11-2022 09:45;11.29
19-11-2022 10:00;11.3
19-11-2022 10:15;11.27
19-11-2022 10:30;11.43
19-11-2022 10:45;11.38
19-11-2022 11:00;11.56
19-11-2022 11:15;11.59
19-11-2022 11:30;11.68
19-11-2022 11:45;11.78
19-11-2022 12:00;11.95
19-11-2022 12:15;12
19-11-2022 12:30;12.31
19-11-2022 12:45;12.55
19-11-2022 13:00;12.75
19-11-2022 13:15;13.19
19-11-2022 13:30;14.76
19-11-2022 13:45;18.99
19-11-2022 14:00;19.65
19-11-2022 14:15;19.55
19-11-2022 14:30;19.17
19-11-2022 14:45;18.95
19-11-2022 15:00;18.78
19-11-2022 15:15;18.59
19-11-2022 15:30;18.48
19-11-2022 15:45;18.31
19-11-2022 16:00;18.14
19-11-2022 16:15;17.77
19-11-2022 16:30;17.52
19-11-2022 16:45;17.3
19-11-2022 17:00;17.16
19-11-2022 17:15;16.57
19-11-2022 17:30;15.03
19-11-2022 17:45;13.94
19-11-2022 18:00;13.31
19-11-2022 18:15;11.06
19-11-2022 18:30;10.19
19-11-2022 18:45;10.03
19-11-2022 19:00;10.09
19-11-2022 19:15;10.19
19-11-2022 19:30;10.4
19-11-2022 19:45;10.69
19-11-2022 20:00;11.14
19-11-2022 20:15;11.65
19-11-2022 20:30;12.13
19-11-2022 20:45;12.34
19-11-2022 21:00;12.6
19-11-2022 21:15;12.74
19-11-2022 21:30;12.88
19-11-2022 21:45;12.96
19-11-2022 22:00;13.09
19-11-2022 22:15;13.42
19-11-2022 22:30;13.59
19-11-2022 22:45;13.61
19-11-2022 23:00;14.84
19-11-2022 23:15;16.2
19-11-2022 23:30;16.17
19-11-2022 23:45;15.78
20-11-2022 00:00;15.39
20-11-2022 00:15;14.98
20-11-2022 00:30;14.67
20-11-2022 00:45;14.43
20-11-2022 01:00;14.14
20-11-2022 01:15;13.93
20-11-2022 01:30;13.78
20-11-2022 01:45;13.67
20-11-2022 02:00;13.53
20-11-2022 02:15;13.19
20-11-2022 02:30;10.41
20-11-2022 02:45;9.61
20-11-2022 03:00;9.76
20-11-2022 03:15;9.94
20-11-2022 03:30;10.16
20-11-2022 03:45;10.31
20-11-2022 04:00;11.8
20-11-2022 04:15;14.09
20-11-2022 04:30;15.06
20-11-2022 04:45;14.86
20-11-2022 05:00;14.44
20-11-2022 05:15;13.83
20-11-2022 05:30;12.62
20-11-2022 05:45;11.57
20-11-2022 06:00;9.93
20-11-2022 06:15;9.18
20-11-2022 06:30;9.13
20-11-2022 06:45;9.29
20-11-2022 07:00;9.37
20-11-2022 07:15;9.44
20-11-2022 07:30;9.59
20-11-2022 07:45;9.81
20-11-2022 08:00;9.99
20-11-2022 08:15;10.22
20-11-2022 08:30;10.38
20-11-2022 08:45;10.62
20-11-2022 09:00;11.72
20-11-2022 09:15;13.88
20-11-2022 09:30;14.55
20-11-2022 09:45;14.26
20-11-2022 10:00;13.95
20-11-2022 10:15;13.53
20-11-2022 10:30;13.07
20-11-2022 10:45;12.67
20-11-2022 11:00;11.23
20-11-2022 11:15;9.71
20-11-2022 11:30;9.74
20-11-2022 11:45;9.67
20-11-2022 12:00;9.89
20-11-2022 12:15;10.01
20-11-2022 12:30;10.28
20-11-2022 12:45;10.64
20-11-2022 13:00;11.13
20-11-2022 13:15;11.74
20-11-2022 13:30;12.14
20-11-2022 13:45;12.64
20-11-2022 14:00;14.18
20-11-2022 14:15;17.03
20-11-2022 14:30;18.42
20-11-2022 14:45;18.38
20-11-2022 15:00;18.16
20-11-2022 15:15;18.1
20-11-2022 15:30;17.92
20-11-2022 15:45;18.24
20-11-2022 16:00;18.28
20-11-2022 16:15;18.51
20-11-2022 16:30;18.41
20-11-2022 16:45;18.77
20-11-2022 17:00;19.22
20-11-2022 17:15;19.72
20-11-2022 17:30;19.94
20-11-2022 17:45;20.04
20-11-2022 18:00;19.6
20-11-2022 18:15;19.5
20-11-2022 18:30;19.07
20-11-2022 18:45;18.92
20-11-2022 19:00;18.81
20-11-2022 19:15;18.56
20-11-2022 19:30;18.42
20-11-2022 19:45;18.53
20-11-2022 20:00;18.31
20-11-2022 20:15;18.19
20-11-2022 20:30;17.58
20-11-2022 20:45;17.6
20-11-2022 21:00;17.66
20-11-2022 21:15;18.54
20-11-2022 21:30;18.54
20-11-2022 21:45;18.04
20-11-2022 22:00;17.91
20-11-2022 22:15;17.96
20-11-2022 22:30;17.98
20-11-2022 22:45;17.83
20-11-2022 23:00;18.02
20-11-2022 23:15;17.56
20-11-2022 23:30;17.49
20-11-2022 23:45;17.23
21-11-2022 00:00;17.15
21-11-2022 00:15;16.74
21-11-2022 00:30;16.33
21-11-2022 00:45;16.12
21-11-2022 01:00;15.92
21-11-2022 01:15;15.79
21-11-2022 01:30;15.49
21-11-2022 01:45;15.45
21-11-2022 02:00;15.09
21-11-2022 02:15;15.2
21-11-2022 02:30;14.67
21-11-2022 02:45;14.05
21-11-2022 03:00;13.58
21-11-2022 03:15;11.91
21-11-2022 03:30;9.84
21-11-2022 03:45;9.6
21-11-2022 04:00;9.73
21-11-2022 04:15;9.87
21-11-2022 04:30;9.94
21-11-2022 04:45;9.97
21-11-2022 05:00;10
21-11-2022 05:15;10.09
21-11-2022 05:30;10.07
21-11-2022 05:45;10.12
21-11-2022 06:00;10.11
21-11-2022 06:15;10.08
21-11-2022 06:30;10.04
21-11-2022 06:45;10.01
21-11-2022 07:00;9.96
21-11-2022 07:15;10.6
21-11-2022 07:30;11.64
21-11-2022 07:45;11.14
21-11-2022 08:00;10.99
21-11-2022 08:15;10.87
21-11-2022 08:30;10.99
21-11-2022 08:45;11.1
21-11-2022 09:00;11.16
21-11-2022 09:15;11.16
21-11-2022 09:30;11.22
21-11-2022 09:45;11.32
21-11-2022 10:00;11.33
21-11-2022 10:15;11.68
21-11-2022 10:30;13.06
21-11-2022 10:45;15.07
21-11-2022 11:00;15.22
21-11-2022 11:15;15.15
21-11-2022 11:30;15.2
21-11-2022 11:45;15.11
21-11-2022 12:00;15.03
21-11-2022 12:15;15.86
21-11-2022 12:30;16.98
21-11-2022 12:45;16.31
21-11-2022 13:00;16.33
21-11-2022 13:15;16.38
21-11-2022 13:30;16.55
21-11-2022 13:45;16.41
21-11-2022 14:00;15.95
21-11-2022 14:15;16.22
21-11-2022 14:30;15.76
21-11-2022 14:45;14.56
21-11-2022 15:00;14.92
21-11-2022 15:15;14.89
21-11-2022 15:30;14.95
21-11-2022 15:45;14.94
21-11-2022 16:00;14.62
21-11-2022 16:15;15.34
21-11-2022 16:30;15.83
21-11-2022 16:45;16.29
21-11-2022 17:00;15.95
21-11-2022 17:15;17.08
21-11-2022 17:30;18.45
21-11-2022 17:45;19.4
21-11-2022 18:00;20.34
21-11-2022 18:15;21.09
21-11-2022 18:30;21.14
21-11-2022 18:45;21.53
21-11-2022 19:00;22.08
21-11-2022 19:15;22.5
21-11-2022 19:30;23.34
21-11-2022 19:45;24.41
21-11-2022 20:00;25.48
21-11-2022 20:15;25.86
21-11-2022 20:30;27.57
21-11-2022 20:45;27.92
21-11-2022 21:00;28.1
21-11-2022 21:15;28.86
21-11-2022 21:30;29.08
21-11-2022 21:45;28.88
21-11-2022 22:00;28.55
21-11-2022 22:15;28.36
21-11-2022 22:30;28.47
21-11-2022 22:45;29.51
21-11-2022 23:00;29.82
21-11-2022 23:15;29.4
21-11-2022 23:30;28.77
21-11-2022 23:45;28.09
22-11-2022 00:00;26.93
22-11-2022 00:15;25.77
22-11-2022 00:30;22.69
22-11-2022 00:45;22.14
22-11-2022 01:00;22.03
22-11-2022 01:15;23.31
22-11-2022 01:30;21.56
22-11-2022 01:45;19.94
22-11-2022 02:00;19.3
22-11-2022 02:15;18.73
22-11-2022 02:30;16.91
22-11-2022 02:45;16.39
22-11-2022 03:00;15.48
22-11-2022 03:15;14.52
22-11-2022 03:30;13.67
22-11-2022 03:45;12.87
22-11-2022 04:00;12.58
22-11-2022 04:15;10.13
22-11-2022 04:30;9
22-11-2022 04:45;9.47
22-11-2022 05:00;9.76
22-11-2022 05:15;9.71
22-11-2022 05:30;9.09
22-11-2022 05:45;8.7
22-11-2022 06:00;8.55
22-11-2022 06:15;8.7
22-11-2022 06:30;8.66
22-11-2022 06:45;9
22-11-2022 07:00;9.3
22-11-2022 07:15;9.26
22-11-2022 07:30;9.39
22-11-2022 07:45;9.37
22-11-2022 08:00;9.29
22-11-2022 08:15;9.32
22-11-2022 08:30;9.31
22-11-2022 08:45;9.32
22-11-2022 09:00;9.71
22-11-2022 09:15;11.66
22-11-2022 09:30;11.35
22-11-2022 09:45;10.93
22-11-2022 10:00;11.01
22-11-2022 10:15;11.63
22-11-2022 10:30;11.99
22-11-2022 10:45;12.47
22-11-2022 11:00;13.48
22-11-2022 11:15;14.96
22-11-2022 11:30;16.18
22-11-2022 11:45;16.41
22-11-2022 12:00;17.73
22-11-2022 12:15;17.64
22-11-2022 12:30;18.19
22-11-2022 12:45;18.23
22-11-2022 13:00;18.08
22-11-2022 13:15;18.52
22-11-2022 13:30;18.17
22-11-2022 13:45;17.7
22-11-2022 14:00;17.11
22-11-2022 14:15;17.04
22-11-2022 14:30;16.71
22-11-2022 14:45;16.5
22-11-2022 15:00;16.42
22-11-2022 15:15;16.09
22-11-2022 15:30;16.47
22-11-2022 15:45;16.31
22-11-2022 16:00;16.4
22-11-2022 16:15;16.5
22-11-2022 16:30;17.53
22-11-2022 16:45;16.9
22-11-2022 17:00;16.48
22-11-2022 17:15;16.44
22-11-2022 17:30;16.37
22-11-2022 17:45;16.33
22-11-2022 18:00;16
22-11-2022 18:15;15.82
22-11-2022 18:30;15.68
22-11-2022 18:45;15.33
22-11-2022 19:00;15.16
22-11-2022 19:15;15.01
22-11-2022 19:30;14.61
22-11-2022 19:45;14.44
22-11-2022 20:00;14.44
22-11-2022 20:15;14.42
22-11-2022 20:30;14.39
22-11-2022 20:45;14.38
22-11-2022 21:00;14.43
22-11-2022 21:15;14.47
22-11-2022 21:30;14.65
22-11-2022 21:45;15.55
22-11-2022 22:00;15.68
22-11-2022 22:15;15.51
22-11-2022 22:30;15.6
22-11-2022 22:45;15.53
22-11-2022 23:00;15.56
22-11-2022 23:15;15.56
22-11-2022 23:30;15.63
22-11-2022 23:45;15.77
23-11-2022 00:00;15.77
23-11-2022 00:15;15.73
23-11-2022 00:30;15.72
23-11-2022 00:45;15.69
23-11-2022 01:00;15.6
23-11-2022 01:15;15.62
23-11-2022 01:30;15.51
23-11-2022 01:45;15.4
23-11-2022 02:00;15.42
23-11-2022 02:15;15.27
23-11-2022 02:30;15.21
23-11-2022 02:45;15.63
23-11-2022 03:00;14.93
23-11-2022 03:15;14.55
23-11-2022 03:30;14.38
23-11-2022 03:45;14.17
23-11-2022 04:00;14.02
23-11-2022 04:15;14.18
23-11-2022 04:30;14.05
23-11-2022 04:45;14.41
23-11-2022 05:00;13.95
23-11-2022 05:15;13.67
23-11-2022 05:30;13.37
23-11-2022 05:45;13.15
23-11-2022 06:00;12.17
23-11-2022 06:15;10.69
23-11-2022 06:30;10.49
23-11-2022 06:45;10.41
23-11-2022 07:00;10.5
23-11-2022 07:15;10.4
23-11-2022 07:30;10.43
23-11-2022 07:45;10.4
23-11-2022 08:00;10.42
23-11-2022 08:15;10.16
23-11-2022 08:30;10.14
23-11-2022 08:45;10.2
23-11-2022 09:00;10.12
23-11-2022 09:15;10.26
23-11-2022 09:30;10.2
23-11-2022 09:45;10.44
23-11-2022 10:00;10.4
23-11-2022 10:15;11.51
23-11-2022 10:30;12.62
23-11-2022 10:45;13.53
23-11-2022 11:00;14.31
23-11-2022 11:15;14.56
23-11-2022 11:30;14.77
23-11-2022 11:45;15.06
23-11-2022 12:00;16.21
23-11-2022 12:15;17.43
23-11-2022 12:30;18.45
23-11-2022 12:45;20.1
23-11-2022 13:00;21.42
23-11-2022 13:15;23.07
23-11-2022 13:30;24.28
23-11-2022 13:45;25.41
23-11-2022 14:00;26.41
23-11-2022 14:15;27.46
23-11-2022 14:30;29.23
23-11-2022 14:45;31.58
23-11-2022 15:00;31.58
23-11-2022 15:15;31.51
23-11-2022 15:30;31.69
23-11-2022 15:45;32.24
23-11-2022 16:00;32.71
23-11-2022 16:15;31.28
23-11-2022 16:30;31.28
23-11-2022 16:45;30.89
23-11-2022 17:00;30.59
23-11-2022 17:15;30.09
23-11-2022 17:30;28.45
23-11-2022 17:45;26.4
23-11-2022 18:00;25.54
23-11-2022 18:15;24.31
23-11-2022 18:30;23.13
23-11-2022 18:45;21.95
23-11-2022 19:00;21.2
23-11-2022 19:15;21.62
23-11-2022 19:30;21.94
23-11-2022 19:45;22.94
23-11-2022 20:00;22.6
23-11-2022 20:15;21.68
23-11-2022 20:30;21.46
23-11-2022 20:45;21.33
23-11-2022 21:00;21.12
23-11-2022 21:15;21.6
23-11-2022 21:30;21.68
23-11-2022 21:45;21.57
23-11-2022 22:00;22.18
23-11-2022 22:15;22.02
23-11-2022 22:30;21.04
23-11-2022 22:45;21.05
23-11-2022 23:00;20.84
23-11-2022 23:15;20.82
23-11-2022 23:30;20.62
23-11-2022 23:45;20.51
24-11-2022 00:00;20.83
24-11-2022 00:15;20.52
24-11-2022 00:30;19.8
24-11-2022 00:45;19.73
24-11-2022 01:00;19.64
24-11-2022 01:15;19.43
24-11-2022 01:30;19.22
24-11-2022 01:45;19.05
24-11-2022 02:00;18.75
24-11-2022 02:15;18.1
24-11-2022 02:30;17.33
24-11-2022 02:45;16.75
24-11-2022 03:00;16.99
24-11-2022 03:15;17.35
24-11-2022 03:30;17.14
24-11-2022 03:45;16.33
24-11-2022 04:00;15.48
24-11-2022 04:15;15.04
24-11-2022 04:30;14.61
24-11-2022 04:45;14.29
24-11-2022 05:00;14.03
24-11-2022 05:15;13.99
24-11-2022 05:30;13.9
24-11-2022 05:45;13.92
24-11-2022 06:00;13.75
24-11-2022 06:15;13.05
24-11-2022 06:30;12.47
24-11-2022 06:45;12
24-11-2022 07:00;11
24-11-2022 07:15;8.61
24-11-2022 07:30;8.09
24-11-2022 07:45;8.14
24-11-2022 08:00;8.16
24-11-2022 08:15;8.7
24-11-2022 08:30;9.75
24-11-2022 08:45;8.45
24-11-2022 09:00;7.68
24-11-2022 09:15;7.82
24-11-2022 09:30;8.14
24-11-2022 09:45;8.3
24-11-2022 10:00;9.8
24-11-2022 10:15;11.49
24-11-2022 10:30;11.66
24-11-2022 10:45;11.89
24-11-2022 11:00;12.29
24-11-2022 11:15;11.92
24-11-2022 11:30;13.01
24-11-2022 11:45;13.18
24-11-2022 12:00;13.17
24-11-2022 12:15;13.21
24-11-2022 12:30;13.17
24-11-2022 12:45;14.52
24-11-2022 13:00;17.31
24-11-2022 13:15;17.26
24-11-2022 13:30;15.13
24-11-2022 13:45;14.19
24-11-2022 14:00;14.15
24-11-2022 14:15;14.1
24-11-2022 14:30;14.03
24-11-2022 14:45;13.97
24-11-2022 15:00;13.96
24-11-2022 15:15;13.99
24-11-2022 15:30;14.03
24-11-2022 15:45;14.02
24-11-2022 16:00;14.09
24-11-2022 16:15;14.09
24-11-2022 16:30;14.14
24-11-2022 16:45;14.19
24-11-2022 17:00;14.21
24-11-2022 17:15;14.21
24-11-2022 17:30;14.27
24-11-2022 17:45;14.28
24-11-2022 18:00;14.31
24-11-2022 18:15;14.31
24-11-2022 18:30;14.9
24-11-2022 18:45;17
24-11-2022 19:00;17.71
24-11-2022 19:15;18.05
24-11-2022 19:30;17.8
24-11-2022 19:45;17.6
24-11-2022 20:00;17.35
24-11-2022 20:15;17.28
24-11-2022 20:30;17.07
24-11-2022 20:45;17.12
24-11-2022 21:00;16.22
24-11-2022 21:15;16.02
24-11-2022 21:30;16.05
24-11-2022 21:45;15.87
24-11-2022 22:00;15.94
24-11-2022 22:15;15.95
24-11-2022 22:30;15.97
24-11-2022 22:45;16.02
24-11-2022 23:00;16.04
24-11-2022 23:15;16.12
24-11-2022 23:30;16.08
24-11-2022 23:45;16.14
25-11-2022 00:00;16.04
25-11-2022 00:15;16.12
25-11-2022 00:30;16.06
25-11-2022 00:45;16.19
25-11-2022 01:00;16.29
25-11-2022 01:15;16.58
25-11-2022 01:30;16.79
25-11-2022 01:45;16.66
25-11-2022 02:00;16.96
25-11-2022 02:15;17.33
25-11-2022 02:30;17.6
25-11-2022 02:45;17.48
25-11-2022 03:00;17.56
25-11-2022 03:15;17.48
25-11-2022 03:30;17.59
25-11-2022 03:45;17.38
25-11-2022 04:00;17.57
25-11-2022 04:15;18.1
25-11-2022 04:30;18.1
25-11-2022 04:45;17.93
25-11-2022 05:00;17.71
25-11-2022 05:15;17.6
25-11-2022 05:30;17.87
25-11-2022 05:45;18.32
25-11-2022 06:00;17.97
25-11-2022 06:15;17.68
25-11-2022 06:30;18.24
25-11-2022 06:45;18
25-11-2022 07:00;18.02
25-11-2022 07:15;17.48
25-11-2022 07:30;17.42
25-11-2022 07:45;17.03
25-11-2022 08:00;16.75
25-11-2022 08:15;16.15
25-11-2022 08:30;15.81
25-11-2022 08:45;15.39
25-11-2022 09:00;14.97
25-11-2022 09:15;14.7
25-11-2022 09:30;14.34
25-11-2022 09:45;14.24
25-11-2022 10:00;13.79
25-11-2022 10:15;13.54
25-11-2022 10:30;13.44
25-11-2022 10:45;13.22
25-11-2022 11:00;13.59
25-11-2022 11:15;13.56
25-11-2022 11:30;13
25-11-2022 11:45;13
25-11-2022 12:00;12.94
25-11-2022 12:15;13.03
25-11-2022 12:30;13.15
25-11-2022 12:45;13.04
25-11-2022 13:00;12.14
25-11-2022 13:15;10.95
25-11-2022 13:30;11.34
25-11-2022 13:45;11.51
25-11-2022 14:00;11.78
25-11-2022 14:15;12.05
25-11-2022 14:30;12.86
25-11-2022 14:45;13.15
25-11-2022 15:00;13.3
25-11-2022 15:15;13.53
25-11-2022 15:30;13.73
25-11-2022 15:45;13.96
25-11-2022 16:00;13.96
25-11-2022 16:15;14.17
25-11-2022 16:30;14.31
25-11-2022 16:45;14.32
25-11-2022 17:00;14.67
25-11-2022 17:15;14.45
25-11-2022 17:30;14.26
25-11-2022 17:45;14.55
25-11-2022 18:00;15.89
25-11-2022 18:15;16.08
25-11-2022 18:30;15.42
25-11-2022 18:45;14.75
25-11-2022 19:00;14.27
25-11-2022 19:15;14
25-11-2022 19:30;13.63
25-11-2022 19:45;13.77
25-11-2022 20:00;14.77
25-11-2022 20:15;14.87
25-11-2022 20:30;14.82
25-11-2022 20:45;14.95
25-11-2022 21:00;14.83
25-11-2022 21:15;14.73
25-11-2022 21:30;14.65
25-11-2022 21:45;14.57
25-11-2022 22:00;14.54
25-11-2022 22:15;14.49
25-11-2022 22:30;14.49
25-11-2022 22:45;14.61
25-11-2022 23:00;15.18
25-11-2022 23:15;14.32
25-11-2022 23:30;14.29
25-11-2022 23:45;14.28
26-11-2022 00:00;14.31
26-11-2022 00:15;14.27
26-11-2022 00:30;14.28
26-11-2022 00:45;14.28
26-11-2022 01:00;14.49
26-11-2022 01:15;12.67
26-11-2022 01:30;12.29
26-11-2022 01:45;11.92
26-11-2022 02:00;11.44
26-11-2022 02:15;11.99
26-11-2022 02:30;12.41
26-11-2022 02:45;12.26
26-11-2022 03:00;11.18
26-11-2022 03:15;10.86
26-11-2022 03:30;11.01
26-11-2022 03:45;11.09
26-11-2022 04:00;11.21
26-11-2022 04:15;11.18
26-11-2022 04:30;11.22
26-11-2022 04:45;11.22
26-11-2022 05:00;11.17
26-11-2022 05:15;11.15
26-11-2022 05:30;11.03
26-11-2022 05:45;10.99
26-11-2022 06:00;10.85
26-11-2022 06:15;10.84
26-11-2022 06:30;10.68
26-11-2022 06:45;10.59
26-11-2022 07:00;10.44
26-11-2022 07:15;10.41
26-11-2022 07:30;10.28
26-11-2022 07:45;10.13
26-11-2022 08:00;9.98
26-11-2022 08:15;9.75
26-11-2022 08:30;9.68
26-11-2022 08:45;9.81
26-11-2022 09:00;9.94
26-11-2022 09:15;9.88
26-11-2022 09:30;9.8
26-11-2022 09:45;9.88
26-11-2022 10:00;9.86
26-11-2022 10:15;10.5
26-11-2022 10:30;9.12
26-11-2022 10:45;7.8
26-11-2022 11:00;7.7
26-11-2022 11:15;7.86
26-11-2022 11:30;7.84
26-11-2022 11:45;8.1
26-11-2022 12:00;8.41
26-11-2022 12:15;10.47
26-11-2022 12:30;13.64
26-11-2022 12:45;14.73
26-11-2022 13:00;18.03
26-11-2022 13:15;18.51
26-11-2022 13:30;17.99
26-11-2022 13:45;17.61
26-11-2022 14:00;17.56
26-11-2022 14:15;16.92
26-11-2022 14:30;16.34
26-11-2022 14:45;15.93
26-11-2022 15:00;15.92
26-11-2022 15:15;16.4
26-11-2022 15:30;15.53
26-11-2022 15:45;14.84
26-11-2022 16:00;14.55
26-11-2022 16:15;14.47
26-11-2022 16:30;14.43
26-11-2022 16:45;13.94
26-11-2022 17:00;13.01
26-11-2022 17:15;10.8
26-11-2022 17:30;12.03
26-11-2022 17:45;11.02
26-11-2022 18:00;9.31
26-11-2022 18:15;9.51
26-11-2022 18:30;10.08
26-11-2022 18:45;10.77
26-11-2022 19:00;11.55
26-11-2022 19:15;11.9
26-11-2022 19:30;12.19
26-11-2022 19:45;12.33
26-11-2022 20:00;12.56
26-11-2022 20:15;12.65
26-11-2022 20:30;12.84
26-11-2022 20:45;12.81
26-11-2022 21:00;12.94
26-11-2022 21:15;13.16
26-11-2022 21:30;13.7
26-11-2022 21:45;16.07
26-11-2022 22:00;16.09
26-11-2022 22:15;15.69
26-11-2022 22:30;15.56
26-11-2022 22:45;15.36
26-11-2022 23:00;15.25
26-11-2022 23:15;15.23
26-11-2022 23:30;15.17
26-11-2022 23:45;15.16
27-11-2022 00:00;15.1
27-11-2022 00:15;15.1
27-11-2022 00:30;15.04
27-11-2022 00:45;14.98
27-11-2022 01:00;14.96
27-11-2022 01:15;14.9
27-11-2022 01:30;14.93
27-11-2022 01:45;14.78
27-11-2022 02:00;14.44
27-11-2022 02:15;14.4
27-11-2022 02:30;14.25
27-11-2022 02:45;14.08
27-11-2022 03:00;13.91
27-11-2022 03:15;13.73
27-11-2022 03:30;13.51
27-11-2022 03:45;13.33
27-11-2022 04:00;13.12
27-11-2022 04:15;13.14
27-11-2022 04:30;13.02
27-11-2022 04:45;12.8
27-11-2022 05:00;12.58
27-11-2022 05:15;12.7
27-11-2022 05:30;13.46
27-11-2022 05:45;13.75
27-11-2022 06:00;14.26
27-11-2022 06:15;14.54
27-11-2022 06:30;14.7
27-11-2022 06:45;14.65
27-11-2022 07:00;14.96
27-11-2022 07:15;14.17
27-11-2022 07:30;12.94
27-11-2022 07:45;12.61
27-11-2022 08:00;12.09
27-11-2022 08:15;11.3
27-11-2022 08:30;8.45
27-11-2022 08:45;8.03
27-11-2022 09:00;7.96
27-11-2022 09:15;8.16
27-11-2022 09:30;8.13
27-11-2022 09:45;8.19
27-11-2022 10:00;8.44
27-11-2022 10:15;8.52
27-11-2022 10:30;8.61
27-11-2022 10:45;8.74
27-11-2022 11:00;8.74
27-11-2022 11:15;8.78
27-11-2022 11:30;9.78
27-11-2022 11:45;11.71
27-11-2022 12:00;11.39
27-11-2022 12:15;11.12
27-11-2022 12:30;11.2
27-11-2022 12:45;11.54
27-11-2022 13:00;11.96
27-11-2022 13:15;12.58
27-11-2022 13:30;14.44
27-11-2022 13:45;15.3
27-11-2022 14:00;15.24
27-11-2022 14:15;15.56
27-11-2022 14:30;18.29
27-11-2022 14:45;19.38
27-11-2022 15:00;19.19
27-11-2022 15:15;19.07
27-11-2022 15:30;19.2
27-11-2022 15:45;18.98
27-11-2022 16:00;19.12
27-11-2022 16:15;19.4
27-11-2022 16:30;19.35
27-11-2022 16:45;19.32
27-11-2022 17:00;19.74
27-11-2022 17:15;19.74
27-11-2022 17:30;19.5
27-11-2022 17:45;19.78
27-11-2022 18:00;19.6
27-11-2022 18:15;19.74
27-11-2022 18:30;19.68
27-11-2022 18:45;19.48
27-11-2022 19:00;19.82
27-11-2022 19:15;19.61
27-11-2022 19:30;19.78
27-11-2022 19:45;20.09
27-11-2022 20:00;20.56
27-11-2022 20:15;20.51
27-11-2022 20:30;20.81
27-11-2022 20:45;21.89
27-11-2022 21:00;22.4
27-11-2022 21:15;22.26
27-11-2022 21:30;22.62
27-11-2022 21:45;22.6
27-11-2022 22:00;23.4
27-11-2022 22:15;23.94
27-11-2022 22:30;23.32
27-11-2022 22:45;23.23
27-11-2022 23:00;23.75
27-11-2022 23:15;21.62
27-11-2022 23:30;20.89
27-11-2022 23:45;21.69
28-11-2022 00:00;22.16
28-11-2022 00:15;22.21
28-11-2022 00:30;20
28-11-2022 00:45;20.94
28-11-2022 01:00;21
28-11-2022 01:15;21
28-11-2022 01:30;21.19
28-11-2022 01:45;21.25
28-11-2022 02:00;22.81
28-11-2022 02:15;23.8
28-11-2022 02:30;24.08
28-11-2022 02:45;24.75
28-11-2022 03:00;25.05
28-11-2022 03:15;25.07
28-11-2022 03:30;25.22
28-11-2022 03:45;25.22
28-11-2022 04:00;25.3
28-11-2022 04:15;25.42
28-11-2022 04:30;27.31
28-11-2022 04:45;27.38
28-11-2022 05:00;27.24
28-11-2022 05:15;27.67
28-11-2022 05:30;24.86
28-11-2022 05:45;24.15
28-11-2022 06:00;25.17
28-11-2022 06:15;25.14
28-11-2022 06:30;25.03
28-11-2022 06:45;25.63
28-11-2022 07:00;25.6
28-11-2022 07:15;24.2
28-11-2022 07:30;23.82
28-11-2022 07:45;23.75
28-11-2022 08:00;23.65
28-11-2022 08:15;23.1
28-11-2022 08:30;23.26
28-11-2022 08:45;23.89
28-11-2022 09:00;24.05
28-11-2022 09:15;24.1
28-11-2022 09:30;24.11
28-11-2022 09:45;23.84
28-11-2022 10:00;24.01
28-11-2022 10:15;24.44
28-11-2022 10:30;24.91
28-11-2022 10:45;24.62
28-11-2022 11:00;22.6
28-11-2022 11:15;22.18
28-11-2022 11:30;23.27
28-11-2022 11:45;23.59
28-11-2022 12:00;23.54
28-11-2022 12:15;23.26
28-11-2022 12:30;22.23
28-11-2022 12:45;22.16
28-11-2022 13:00;21.88
28-11-2022 13:15;21.33
28-11-2022 13:30;21.01
28-11-2022 13:45;19.81
28-11-2022 14:00;19.66
28-11-2022 14:15;18.26
28-11-2022 14:30;17.36
28-11-2022 14:45;17.18
28-11-2022 15:00;16.88
28-11-2022 15:15;16.38
28-11-2022 15:30;16.86
28-11-2022 15:45;16.67
28-11-2022 16:00;16.75
28-11-2022 16:15;16.71
28-11-2022 16:30;16.63
28-11-2022 16:45;16.54
28-11-2022 17:00;16.46
28-11-2022 17:15;16.43
28-11-2022 17:30;16.36
28-11-2022 17:45;16.54
28-11-2022 18:00;16.7
28-11-2022 18:15;15.08
28-11-2022 18:30;14.82
28-11-2022 18:45;14.54
28-11-2022 19:00;14.58
28-11-2022 19:15;14.5
28-11-2022 19:30;14.65
28-11-2022 19:45;14.63
28-11-2022 20:00;14.23
28-11-2022 20:15;13.7
28-11-2022 20:30;13.75
28-11-2022 20:45;13.84
28-11-2022 21:00;13.85
28-11-2022 21:15;13.91
28-11-2022 21:30;14.03
28-11-2022 21:45;14.02
28-11-2022 22:00;14.13
28-11-2022 22:15;14.15
28-11-2022 22:30;14.1
28-11-2022 22:45;14.05
28-11-2022 23:00;14.5
28-11-2022 23:15;15.61
28-11-2022 23:30;15.61
28-11-2022 23:45;15.45
29-11-2022 00:00;15.36
29-11-2022 00:15;15.28
29-11-2022 00:30;15.16
29-11-2022 00:45;15.05
29-11-2022 01:00;14.88
29-11-2022 01:15;14.86
29-11-2022 01:30;14.73
29-11-2022 01:45;14.54
29-11-2022 02:00;14.44
29-11-2022 02:15;14.28
29-11-2022 02:30;14.14
29-11-2022 02:45;13.96
29-11-2022 03:00;13.76
29-11-2022 03:15;13.5
29-11-2022 03:30;13.41
29-11-2022 03:45;13.16
29-11-2022 04:00;12.97
29-11-2022 04:15;12.72
29-11-2022 04:30;12.44
29-11-2022 04:45;12.19
29-11-2022 05:00;11.98
29-11-2022 05:15;11.71
29-11-2022 05:30;11.44
29-11-2022 05:45;11.61
29-11-2022 06:00;11.77
29-11-2022 06:15;11.97
29-11-2022 06:30;12.08
29-11-2022 06:45;11.97
29-11-2022 07:00;12
29-11-2022 07:15;12.17
29-11-2022 07:30;11.81
29-11-2022 07:45;10.89
29-11-2022 08:00;9.73
29-11-2022 08:15;9.81
29-11-2022 08:30;10.04
29-11-2022 08:45;10.28
29-11-2022 09:00;10.68
29-11-2022 09:15;11.64
29-11-2022 09:30;12.48
29-11-2022 09:45;12.81
29-11-2022 10:00;13.69
29-11-2022 10:15;15.54
29-11-2022 10:30;13.01
29-11-2022 10:45;14.18
29-11-2022 11:00;14.22
29-11-2022 11:15;13.82
29-11-2022 11:30;16.12
29-11-2022 11:45;17.23
29-11-2022 12:00;17.32
29-11-2022 12:15;17.15
29-11-2022 12:30;17.16
29-11-2022 12:45;17.03
29-11-2022 13:00;16.93
29-11-2022 13:15;16.29
29-11-2022 13:30;15.92
29-11-2022 13:45;15.13
29-11-2022 14:00;14.19
29-11-2022 14:15;14.62
29-11-2022 14:30;13.74
29-11-2022 14:45;13.42
29-11-2022 15:00;11.87
29-11-2022 15:15;11.16
29-11-2022 15:30;11.24
29-11-2022 15:45;11.28
29-11-2022 16:00;11.42
29-11-2022 16:15;11.51
29-11-2022 16:30;11.69
29-11-2022 16:45;11.59
29-11-2022 17:00;11.66
29-11-2022 17:15;11.77
29-11-2022 17:30;13
29-11-2022 17:45;11.67
29-11-2022 18:00;10.54
29-11-2022 18:15;10.76
29-11-2022 18:30;10.78
29-11-2022 18:45;10.96
29-11-2022 19:00;11.04
29-11-2022 19:15;11.05
29-11-2022 19:30;11.21
29-11-2022 19:45;11.5
29-11-2022 20:00;11.71
29-11-2022 20:15;11.85
29-11-2022 20:30;12.07
29-11-2022 20:45;12.22
29-11-2022 21:00;12.33
29-11-2022 21:15;12.54
29-11-2022 21:30;12.68
29-11-2022 21:45;12.89
29-11-2022 22:00;13.11
29-11-2022 22:15;13.43
29-11-2022 22:30;15.68
29-11-2022 22:45;17.59
29-11-2022 23:00;17.43
29-11-2022 23:15;16.99
29-11-2022 23:30;16.5
29-11-2022 23:45;16.14
30-11-2022 00:00;15.87
30-11-2022 00:15;15.76
30-11-2022 00:30;16.24
30-11-2022 00:45;15.61
30-11-2022 01:00;15.44
30-11-2022 01:15;15.1
30-11-2022 01:30;15.19
30-11-2022 01:45;15.06
30-11-2022 02:00;14.89
30-11-2022 02:15;14.81
30-11-2022 02:30;14.57
30-11-2022 02:45;14.45
30-11-2022 03:00;14.19
30-11-2022 03:15;14.07
30-11-2022 03:30;14.15
30-11-2022 03:45;13.35
30-11-2022 04:00;12.22
30-11-2022 04:15;9.56
30-11-2022 04:30;9.34
30-11-2022 04:45;9.27
30-11-2022 05:00;9.35
30-11-2022 05:15;9.54
30-11-2022 05:30;9.59
30-11-2022 05:45;9.87
30-11-2022 06:00;9.98
30-11-2022 06:15;10.31
30-11-2022 06:30;10.62
30-11-2022 06:45;10.57
30-11-2022 07:00;10.47
30-11-2022 07:15;10.3
30-11-2022 07:30;10.43
30-11-2022 07:45;10.8
30-11-2022 08:00;10.73
30-11-2022 08:15;10.95
30-11-2022 08:30;12.7
30-11-2022 08:45;14.55
30-11-2022 09:00;16.93
30-11-2022 09:15;16.17
30-11-2022 09:30;16.29
30-11-2022 09:45;15.96
30-11-2022 10:00;15.77
30-11-2022 10:15;15.43
30-11-2022 10:30;14.5
30-11-2022 10:45;11.64
30-11-2022 11:00;11.64
30-11-2022 11:15;11.68
30-11-2022 11:30;12.26
30-11-2022 11:45;12.46
30-11-2022 12:00;12.62
30-11-2022 12:15;13.47
30-11-2022 12:30;14.04
30-11-2022 12:45;13.64
30-11-2022 13:00;12.99
30-11-2022 13:15;11.87
30-11-2022 13:30;11.04
30-11-2022 13:45;10.75
30-11-2022 14:00;10.73
30-11-2022 14:15;9.85
30-11-2022 14:30;10.34
30-11-2022 14:45;10.66
30-11-2022 15:00;10.74
30-11-2022 15:15;11.99
30-11-2022 15:30;14.09
30-11-2022 15:45;14.5
30-11-2022 16:00;14.76
30-11-2022 16:15;16.67
30-11-2022 16:30;15.88
30-11-2022 16:45;14.92
30-11-2022 17:00;14.02
30-11-2022 17:15;13.88
30-11-2022 17:30;13.89
30-11-2022 17:45;13.78
30-11-2022 18:00;13.04
30-11-2022 18:15;12.73
30-11-2022 18:30;12.78
30-11-2022 18:45;12.87
30-11-2022 19:00;12.94
30-11-2022 19:15;11.61
30-11-2022 19:30;10.24
30-11-2022 19:45;10.38
30-11-2022 20:00;10.59
30-11-2022 20:15;10.79
30-11-2022 20:30;10.96
30-11-2022 20:45;11.2
30-11-2022 21:00;11.48
30-11-2022 21:15;11.64
30-11-2022 21:30;11.86
30-11-2022 21:45;12.07
30-11-2022 22:00;12.16
30-11-2022 22:15;12.34
30-11-2022 22:30;12.79
30-11-2022 22:45;14.93
30-11-2022 23:00;16.09
30-11-2022 23:15;15.76
30-11-2022 23:30;15.28
30-11-2022 23:45;14.98
1-12-2022 00:00;14.4
1-12-2022 00:15;14.44
1-12-2022 00:30;14.26
1-12-2022 00:45;14.69
1-12-2022 01:00;13.84
1-12-2022 01:15;13.66
1-12-2022 01:30;13.82
1-12-2022 01:45;13.56
1-12-2022 02:00;13.46
1-12-2022 02:15;13.26
1-12-2022 02:30;13.48
1-12-2022 02:45;12.99
1-12-2022 03:00;11.24
1-12-2022 03:15;10.56
1-12-2022 03:30;10.84
1-12-2022 03:45;11.21
1-12-2022 04:00;11.59
1-12-2022 04:15;12.16
1-12-2022 04:30;12.43
1-12-2022 04:45;12.53
1-12-2022 05:00;12.9
1-12-2022 05:15;13.09
1-12-2022 05:30;13.11
1-12-2022 05:45;13.13
1-12-2022 06:00;15.04
1-12-2022 06:15;17.94
1-12-2022 06:30;18.12
1-12-2022 06:45;17.46
1-12-2022 07:00;17.23
1-12-2022 07:15;16.36
1-12-2022 07:30;15.69
1-12-2022 07:45;14.89
1-12-2022 08:00;14.8
1-12-2022 08:15;14.7
1-12-2022 08:30;14.43
1-12-2022 08:45;13.43
1-12-2022 09:00;13.41
1-12-2022 09:15;11.01
1-12-2022 09:30;10.29
1-12-2022 09:45;10.31
1-12-2022 10:00;10.78
1-12-2022 10:15;11.04
1-12-2022 10:30;11.32
1-12-2022 10:45;11.64
1-12-2022 11:00;12.02
1-12-2022 11:15;12.37
1-12-2022 11:30;12.59
1-12-2022 11:45;12.83
1-12-2022 12:00;13.1
1-12-2022 12:15;15.54
1-12-2022 12:30;18.77
1-12-2022 12:45;19.1
1-12-2022 13:00;18.4
1-12-2022 13:15;17.64
1-12-2022 13:30;16.97
1-12-2022 13:45;16.39
1-12-2022 14:00;15.61
1-12-2022 14:15;15.53
1-12-2022 14:30;14.87
1-12-2022 14:45;14.44
1-12-2022 15:00;14.19
1-12-2022 15:15;13.92
1-12-2022 15:30;13.75
1-12-2022 15:45;13.6
1-12-2022 16:00;13.55
1-12-2022 16:15;13.6
1-12-2022 16:30;13.97
1-12-2022 16:45;13.55
1-12-2022 17:00;12.93
1-12-2022 17:15;10.79
1-12-2022 17:30;10.14
1-12-2022 17:45;10.2
1-12-2022 18:00;10.27
1-12-2022 18:15;10.64
1-12-2022 18:30;11.97
1-12-2022 18:45;11.24
1-12-2022 19:00;10.73
1-12-2022 19:15;10.74
1-12-2022 19:30;10.71
1-12-2022 19:45;10.54
1-12-2022 20:00;10.4
1-12-2022 20:15;10.37
1-12-2022 20:30;10.41
1-12-2022 20:45;10.49
1-12-2022 21:00;10.54
1-12-2022 21:15;10.66
1-12-2022 21:30;10.71
1-12-2022 21:45;10.95
1-12-2022 22:00;11.15
1-12-2022 22:15;11.42
1-12-2022 22:30;11.57
1-12-2022 22:45;11.79
1-12-2022 23:00;11.97
1-12-2022 23:15;11.99
1-12-2022 23:30;12.14
1-12-2022 23:45;12.3
2-12-2022 00:00;12.35
2-12-2022 00:15;12.43
2-12-2022 00:30;12.5
2-12-2022 00:45;12.57
2-12-2022 01:00;12.56
2-12-2022 01:15;12.62
2-12-2022 01:30;12.5
2-12-2022 01:45;12.5
2-12-2022 02:00;12.36
2-12-2022 02:15;12.37
2-12-2022 02:30;12.29
2-12-2022 02:45;12.21
2-12-2022 03:00;12.19
2-12-2022 03:15;12.11
2-12-2022 03:30;12.09
2-12-2022 03:45;11.97
2-12-2022 04:00;11.91
2-12-2022 04:15;11.73
2-12-2022 04:30;11.6
2-12-2022 04:45;12.5
2-12-2022 05:00;14.74
2-12-2022 05:15;15.29
2-12-2022 05:30;14.74
2-12-2022 05:45;14.43
2-12-2022 06:00;14.61
2-12-2022 06:15;15.11
2-12-2022 06:30;14.51
2-12-2022 06:45;14.05
2-12-2022 07:00;14.09
2-12-2022 07:15;14.22
2-12-2022 07:30;13.89
2-12-2022 07:45;13.66
2-12-2022 08:00;13.54
2-12-2022 08:15;13.84
2-12-2022 08:30;13.95
2-12-2022 08:45;14.3
2-12-2022 09:00;14.44
2-12-2022 09:15;14.98
2-12-2022 09:30;15.65
2-12-2022 09:45;14.8
2-12-2022 10:00;13.24
2-12-2022 10:15;13.14
2-12-2022 10:30;13.37
2-12-2022 10:45;13.45
2-12-2022 11:00;13.56
2-12-2022 11:15;13.73
2-12-2022 11:30;13.9
2-12-2022 11:45;14.15
2-12-2022 12:00;14.36
2-12-2022 12:15;14.51
2-12-2022 12:30;15.08
2-12-2022 12:45;15.44
2-12-2022 13:00;15.48
2-12-2022 13:15;15.36
2-12-2022 13:30;15.21
2-12-2022 13:45;15.13
2-12-2022 14:00;15.07
2-12-2022 14:15;15.27
2-12-2022 14:30;16.44
2-12-2022 14:45;16.46
2-12-2022 15:00;15.61
2-12-2022 15:15;15.39
2-12-2022 15:30;15.38
2-12-2022 15:45;15.27
2-12-2022 16:00;15.08
2-12-2022 16:15;14.86
2-12-2022 16:30;15.3
2-12-2022 16:45;14.85
2-12-2022 17:00;14.24
2-12-2022 17:15;14.14
2-12-2022 17:30;14.09
2-12-2022 17:45;14.13
2-12-2022 18:00;13.92
2-12-2022 18:15;12.72
2-12-2022 18:30;12.37
2-12-2022 18:45;11.47
2-12-2022 19:00;9.66
2-12-2022 19:15;9.73
2-12-2022 19:30;9.86
2-12-2022 19:45;10.08
2-12-2022 20:00;10.22
2-12-2022 20:15;10.51
2-12-2022 20:30;10.82
2-12-2022 20:45;11.72
2-12-2022 21:00;12.54
2-12-2022 21:15;12.71
2-12-2022 21:30;13.15
2-12-2022 21:45;14.18
2-12-2022 22:00;17.11
2-12-2022 22:15;18.3
2-12-2022 22:30;17.69
2-12-2022 22:45;16.99
2-12-2022 23:00;17.11
2-12-2022 23:15;16.73
2-12-2022 23:30;16.79
2-12-2022 23:45;16.07
3-12-2022 00:00;16.37
3-12-2022 00:15;16.42
3-12-2022 00:30;16.6
3-12-2022 00:45;16.53
3-12-2022 01:00;16.63
3-12-2022 01:15;16.72
3-12-2022 01:30;16.79
3-12-2022 01:45;16.92
3-12-2022 02:00;16.86
3-12-2022 02:15;17.02
3-12-2022 02:30;16.96
3-12-2022 02:45;16.88
3-12-2022 03:00;17.25
3-12-2022 03:15;16.92
3-12-2022 03:30;16.29
3-12-2022 03:45;16.1
3-12-2022 04:00;15.88
3-12-2022 04:15;15.76
3-12-2022 04:30;15.81
3-12-2022 04:45;16.02
3-12-2022 05:00;15.71
3-12-2022 05:15;15.59
3-12-2022 05:30;15.3
3-12-2022 05:45;15.29
3-12-2022 06:00;14.84
3-12-2022 06:15;14.75
3-12-2022 06:30;14.56
3-12-2022 06:45;14.07
3-12-2022 07:00;13.83
3-12-2022 07:15;11.91
3-12-2022 07:30;10.58
3-12-2022 07:45;10.35
3-12-2022 08:00;11.19
3-12-2022 08:15;11.73
3-12-2022 08:30;10.34
3-12-2022 08:45;10.03
3-12-2022 09:00;9.91
3-12-2022 09:15;10.01
3-12-2022 09:30;10.04
3-12-2022 09:45;10.1
3-12-2022 10:00;10.92
3-12-2022 10:15;12.64
3-12-2022 10:30;11.65
3-12-2022 10:45;10.99
3-12-2022 11:00;10.89
3-12-2022 11:15;10.91
3-12-2022 11:30;10.93
3-12-2022 11:45;10.96
3-12-2022 12:00;10.99
3-12-2022 12:15;11.14
3-12-2022 12:30;11.13
3-12-2022 12:45;11.27
3-12-2022 13:00;11.36
3-12-2022 13:15;11.43
3-12-2022 13:30;11.58
3-12-2022 13:45;11.67
3-12-2022 14:00;11.78
3-12-2022 14:15;11.96
3-12-2022 14:30;12.15
3-12-2022 14:45;12.09
3-12-2022 15:00;12.3
3-12-2022 15:15;12.49
3-12-2022 15:30;13.67
3-12-2022 15:45;14.89
3-12-2022 16:00;15.49
3-12-2022 16:15;16.26
3-12-2022 16:30;16.27
3-12-2022 16:45;16.25
3-12-2022 17:00;16.21
3-12-2022 17:15;16.39
3-12-2022 17:30;16.37
3-12-2022 17:45;16.51
3-12-2022 18:00;16.54
3-12-2022 18:15;16.5
3-12-2022 18:30;16.45
3-12-2022 18:45;16.43
3-12-2022 19:00;16.43
3-12-2022 19:15;16.4
3-12-2022 19:30;16.32
3-12-2022 19:45;15.52
3-12-2022 20:00;16.56
3-12-2022 20:15;16.12
3-12-2022 20:30;15.89
3-12-2022 20:45;15.88
3-12-2022 21:00;15.75
3-12-2022 21:15;15.45
3-12-2022 21:30;15.32
3-12-2022 21:45;15.23
3-12-2022 22:00;15.12
3-12-2022 22:15;15.03
3-12-2022 22:30;15
3-12-2022 22:45;14.87
3-12-2022 23:00;14.83
3-12-2022 23:15;14.77
3-12-2022 23:30;14.73
3-12-2022 23:45;14.63
4-12-2022 00:00;14.59
4-12-2022 00:15;14.43
4-12-2022 00:30;14.49
4-12-2022 00:45;14.41
4-12-2022 01:00;14.34
4-12-2022 01:15;14.28
4-12-2022 01:30;14.09
4-12-2022 01:45;14.04
4-12-2022 02:00;13.94
4-12-2022 02:15;13.76
4-12-2022 02:30;13.7
4-12-2022 02:45;13.53
4-12-2022 03:00;13.47
4-12-2022 03:15;13.17
4-12-2022 03:30;12.52
4-12-2022 03:45;12.39
4-12-2022 04:00;12.26
4-12-2022 04:15;12.1
4-12-2022 04:30;11.87
4-12-2022 04:45;11.38
4-12-2022 05:00;10.1
4-12-2022 05:15;9.74
4-12-2022 05:30;9.72
4-12-2022 05:45;9.79
4-12-2022 06:00;9.56
4-12-2022 06:15;9.63
4-12-2022 06:30;9.55
4-12-2022 06:45;9.47
4-12-2022 07:00;9.57
4-12-2022 07:15;9.5
4-12-2022 07:30;9.11
4-12-2022 07:45;9.12
4-12-2022 08:00;10.44
4-12-2022 08:15;11.46
4-12-2022 08:30;10.21
4-12-2022 08:45;9.73
4-12-2022 09:00;9.6
4-12-2022 09:15;9.56
4-12-2022 09:30;9.79
4-12-2022 09:45;9.82
4-12-2022 10:00;9.76
4-12-2022 10:15;9.86
4-12-2022 10:30;9.95
4-12-2022 10:45;9.99
4-12-2022 11:00;10.04
4-12-2022 11:15;10.14
4-12-2022 11:30;10.3
4-12-2022 11:45;10.4
4-12-2022 12:00;10.49
4-12-2022 12:15;10.78
4-12-2022 12:30;11.05
4-12-2022 12:45;11.21
4-12-2022 13:00;11.69
4-12-2022 13:15;13.13
4-12-2022 13:30;12.37
4-12-2022 13:45;11.83
4-12-2022 14:00;11.81
4-12-2022 14:15;12
4-12-2022 14:30;12.06
4-12-2022 14:45;12.26
4-12-2022 15:00;11.98
4-12-2022 15:15;12.04
4-12-2022 15:30;12.09
4-12-2022 15:45;12.12
4-12-2022 16:00;12.39
4-12-2022 16:15;12.88
4-12-2022 16:30;13.41
4-12-2022 16:45;13.6
4-12-2022 17:00;13.81
4-12-2022 17:15;13.91
4-12-2022 17:30;14.85
4-12-2022 17:45;15.5
4-12-2022 18:00;15.36
4-12-2022 18:15;15.17
4-12-2022 18:30;15.25
4-12-2022 18:45;15.42
4-12-2022 19:00;15.57
4-12-2022 19:15;15.61
4-12-2022 19:30;15.64
4-12-2022 19:45;15.69
4-12-2022 20:00;15.72
4-12-2022 20:15;15.7
4-12-2022 20:30;15.87
4-12-2022 20:45;16.02
4-12-2022 21:00;15.99
4-12-2022 21:15;16.39
4-12-2022 21:30;16.49
4-12-2022 21:45;16.83
4-12-2022 22:00;16.78
4-12-2022 22:15;16.53
4-12-2022 22:30;17.44
4-12-2022 22:45;19.64
4-12-2022 23:00;18.37
4-12-2022 23:15;18.21
4-12-2022 23:30;17.98
4-12-2022 23:45;17.74
5-12-2022 00:00;17.71
5-12-2022 00:15;17.78
5-12-2022 00:30;17.99
5-12-2022 00:45;18.23
5-12-2022 01:00;18.47
5-12-2022 01:15;18.57
5-12-2022 01:30;18.68
5-12-2022 01:45;18.8
5-12-2022 02:00;18.76
5-12-2022 02:15;18.73
5-12-2022 02:30;18.6
5-12-2022 02:45;18.52
5-12-2022 03:00;18.4
5-12-2022 03:15;18.15
5-12-2022 03:30;19.03
5-12-2022 03:45;20
5-12-2022 04:00;19.08
5-12-2022 04:15;18.77
5-12-2022 04:30;18.78
5-12-2022 04:45;18.48
5-12-2022 05:00;18.5
5-12-2022 05:15;18.35
5-12-2022 05:30;18.37
5-12-2022 05:45;18.21
5-12-2022 06:00;18.37
5-12-2022 06:15;18.47
5-12-2022 06:30;18.21
5-12-2022 06:45;18.09
5-12-2022 07:00;18.46
5-12-2022 07:15;18.74
5-12-2022 07:30;18.67
5-12-2022 07:45;18.96
5-12-2022 08:00;18.96
5-12-2022 08:15;18.81
5-12-2022 08:30;18.02
5-12-2022 08:45;18.15
5-12-2022 09:00;18.34
5-12-2022 09:15;16.85
5-12-2022 09:30;18.76
5-12-2022 09:45;19.04
5-12-2022 10:00;19.71
5-12-2022 10:15;19.37
5-12-2022 10:30;18.45
5-12-2022 10:45;18.34
5-12-2022 11:00;18.48
5-12-2022 11:15;18.81
5-12-2022 11:30;19.43
5-12-2022 11:45;19.82
5-12-2022 12:00;19.82
5-12-2022 12:15;19.83
5-12-2022 12:30;19.67
5-12-2022 12:45;19.54
5-12-2022 13:00;19.42
5-12-2022 13:15;19.54
5-12-2022 13:30;19.71
5-12-2022 13:45;19.53
5-12-2022 14:00;19.74
5-12-2022 14:15;19.77
5-12-2022 14:30;19.34
5-12-2022 14:45;19.26
5-12-2022 15:00;19.36
5-12-2022 15:15;19.43
5-12-2022 15:30;19.61
5-12-2022 15:45;19.65
5-12-2022 16:00;19.68
5-12-2022 16:15;19.78
5-12-2022 16:30;19.72
5-12-2022 16:45;19.68
5-12-2022 17:00;19.67
5-12-2022 17:15;19.48
5-12-2022 17:30;19.47
5-12-2022 17:45;19.46
5-12-2022 18:00;19.34
5-12-2022 18:15;18.97
5-12-2022 18:30;19.33
5-12-2022 18:45;19.61
5-12-2022 19:00;18.22
5-12-2022 19:15;17.62
5-12-2022 19:30;17
5-12-2022 19:45;15.88
5-12-2022 20:00;15.09
5-12-2022 20:15;14.88
5-12-2022 20:30;15.04
5-12-2022 20:45;14.86
5-12-2022 21:00;14.85
5-12-2022 21:15;14.73
5-12-2022 21:30;13.92
5-12-2022 21:45;13.86
5-12-2022 22:00;14.39
5-12-2022 22:15;14.5
5-12-2022 22:30;14.73
5-12-2022 22:45;15.27
5-12-2022 23:00;14.64
5-12-2022 23:15;14.68
5-12-2022 23:30;14.79
5-12-2022 23:45;14.74
6-12-2022 00:00;14.78
6-12-2022 00:15;14.7
6-12-2022 00:30;14.69
6-12-2022 00:45;14.73
6-12-2022 01:00;14.71
6-12-2022 01:15;14.68
6-12-2022 01:30;14.62
6-12-2022 01:45;14.59
6-12-2022 02:00;14.53
6-12-2022 02:15;14.4
6-12-2022 02:30;14.42
6-12-2022 02:45;14.69
6-12-2022 03:00;14.79
6-12-2022 03:15;14.96
6-12-2022 03:30;15.18
6-12-2022 03:45;15.61
6-12-2022 04:00;15.55
6-12-2022 04:15;15.44
6-12-2022 04:30;15.31
6-12-2022 04:45;15.11
6-12-2022 05:00;15.21
6-12-2022 05:15;15.03
6-12-2022 05:30;14.86
6-12-2022 05:45;14.81
6-12-2022 06:00;14.61
6-12-2022 06:15;14.34
6-12-2022 06:30;14.08
6-12-2022 06:45;13.89
6-12-2022 07:00;14.09
6-12-2022 07:15;13.38
6-12-2022 07:30;12.82
6-12-2022 07:45;11.91
6-12-2022 08:00;11.31
6-12-2022 08:15;11.85
6-12-2022 08:30;12
6-12-2022 08:45;12.01
6-12-2022 09:00;11.99
6-12-2022 09:15;11.9
6-12-2022 09:30;11.95
6-12-2022 09:45;11.88
6-12-2022 10:00;12.41
6-12-2022 10:15;12.4
6-12-2022 10:30;12.69
6-12-2022 10:45;12.9
6-12-2022 11:00;13.02
6-12-2022 11:15;13.25
6-12-2022 11:30;13.5
6-12-2022 11:45;13.75
6-12-2022 12:00;15.58
6-12-2022 12:15;17.11
6-12-2022 12:30;16.92
6-12-2022 12:45;16.43
6-12-2022 13:00;15.94
6-12-2022 13:15;15.59
6-12-2022 13:30;15.13
6-12-2022 13:45;14.99
6-12-2022 14:00;14.77
6-12-2022 14:15;14.71
6-12-2022 14:30;14.47
6-12-2022 14:45;14.55
6-12-2022 15:00;14.34
6-12-2022 15:15;13.87
6-12-2022 15:30;13.66
6-12-2022 15:45;13.46
6-12-2022 16:00;13.23
6-12-2022 16:15;12.93
6-12-2022 16:30;10.27
6-12-2022 16:45;9.24
6-12-2022 17:00;9.61
6-12-2022 17:15;10
6-12-2022 17:30;10.08
6-12-2022 17:45;10.38
6-12-2022 18:00;10.52
6-12-2022 18:15;10.67
6-12-2022 18:30;10.93
6-12-2022 18:45;11.22
6-12-2022 19:00;11.11
6-12-2022 19:15;11.18
6-12-2022 19:30;13.55
6-12-2022 19:45;16.17
6-12-2022 20:00;16.13
6-12-2022 20:15;15.35
6-12-2022 20:30;14.99
6-12-2022 20:45;14.52
6-12-2022 21:00;14.1
6-12-2022 21:15;13.82
6-12-2022 21:30;13.7
6-12-2022 21:45;13.95
6-12-2022 22:00;13.87
6-12-2022 22:15;13.86
6-12-2022 22:30;13.9
6-12-2022 22:45;13.87
6-12-2022 23:00;13.94
6-12-2022 23:15;13.93
6-12-2022 23:30;13.95
6-12-2022 23:45;13.94
7-12-2022 00:00;14.03
7-12-2022 00:15;14.06
7-12-2022 00:30;14.75
7-12-2022 00:45;14.72
7-12-2022 01:00;14.31
7-12-2022 01:15;14.27
7-12-2022 01:30;14.27
7-12-2022 01:45;14.35
7-12-2022 02:00;14.82
7-12-2022 02:15;15.25
7-12-2022 02:30;15.72
7-12-2022 02:45;16.8
7-12-2022 03:00;16.33
7-12-2022 03:15;15.94
7-12-2022 03:30;15.72
7-12-2022 03:45;15.8
7-12-2022 04:00;15.63
7-12-2022 04:15;15.51
7-12-2022 04:30;15.25
7-12-2022 04:45;15.06
7-12-2022 05:00;14.74
7-12-2022 05:15;14.47
7-12-2022 05:30;14.07
7-12-2022 05:45;13.79
7-12-2022 06:00;13.49
7-12-2022 06:15;12.04
7-12-2022 06:30;10.37
7-12-2022 06:45;10.43
7-12-2022 07:00;10.34
7-12-2022 07:15;10.29
7-12-2022 07:30;10.59
7-12-2022 07:45;11.29
7-12-2022 08:00;10.4
7-12-2022 08:15;10.03
7-12-2022 08:30;9.85
7-12-2022 08:45;9.93
7-12-2022 09:00;9.91
7-12-2022 09:15;9.92
7-12-2022 09:30;9.94
7-12-2022 09:45;9.77
7-12-2022 10:00;10
7-12-2022 10:15;10.04
7-12-2022 10:30;10.06
7-12-2022 10:45;10.4
7-12-2022 11:00;11.05
7-12-2022 11:15;12.15
7-12-2022 11:30;12.35
7-12-2022 11:45;12.44
7-12-2022 12:00;12.59
7-12-2022 12:15;12.67
7-12-2022 12:30;12.77
7-12-2022 12:45;12.94
7-12-2022 13:00;14.09
7-12-2022 13:15;15.44
7-12-2022 13:30;15.65
7-12-2022 13:45;15.24
7-12-2022 14:00;15.32
7-12-2022 14:15;15.15
7-12-2022 14:30;15.24
7-12-2022 14:45;14.98
7-12-2022 15:00;14.54
7-12-2022 15:15;14.45
7-12-2022 15:30;14.46
7-12-2022 15:45;14.15
7-12-2022 16:00;13.86
7-12-2022 16:15;13.83
7-12-2022 16:30;13.74
7-12-2022 16:45;13.66
7-12-2022 17:00;13.62
7-12-2022 17:15;13.62
7-12-2022 17:30;13.59
7-12-2022 17:45;13.56
7-12-2022 18:00;14.16
7-12-2022 18:15;14.02
7-12-2022 18:30;13.16
7-12-2022 18:45;13.01
7-12-2022 19:00;12.9
7-12-2022 19:15;12.78
7-12-2022 19:30;12.48
7-12-2022 19:45;12.42
7-12-2022 20:00;12.87
7-12-2022 20:15;12.79
7-12-2022 20:30;12.14
7-12-2022 20:45;11.56
7-12-2022 21:00;10.75
7-12-2022 21:15;10.91
7-12-2022 21:30;11.09
7-12-2022 21:45;11.33
7-12-2022 22:00;11.49
7-12-2022 22:15;11.89
7-12-2022 22:30;12.06
7-12-2022 22:45;12.31
7-12-2022 23:00;12.4
7-12-2022 23:15;12.61
7-12-2022 23:30;12.82
7-12-2022 23:45;12.91
8-12-2022 00:00;13.05
8-12-2022 00:15;13.9
8-12-2022 00:30;17.3
8-12-2022 00:45;18.35
8-12-2022 01:00;17.94
8-12-2022 01:15;17.44
8-12-2022 01:30;17.43
8-12-2022 01:45;17.48
8-12-2022 02:00;17.3
8-12-2022 02:15;17.46
8-12-2022 02:30;17.34
8-12-2022 02:45;17.29
8-12-2022 03:00;17.19
8-12-2022 03:15;16.91
8-12-2022 03:30;16.96
8-12-2022 03:45;16.77
8-12-2022 04:00;17.15
8-12-2022 04:15;16.96
8-12-2022 04:30;16.96
8-12-2022 04:45;16.79
8-12-2022 05:00;16.84
8-12-2022 05:15;16.78
8-12-2022 05:30;16.74
8-12-2022 05:45;17.14
8-12-2022 06:00;17.17
8-12-2022 06:15;17.25
8-12-2022 06:30;17.56
8-12-2022 06:45;16.77
8-12-2022 07:00;16.39
8-12-2022 07:15;15.96
8-12-2022 07:30;16
8-12-2022 07:45;15.41
8-12-2022 08:00;15.15
8-12-2022 08:15;14.65
8-12-2022 08:30;14.68
8-12-2022 08:45;14.72
8-12-2022 09:00;14.83
8-12-2022 09:15;13.65
8-12-2022 09:30;13.08
8-12-2022 09:45;13.26
8-12-2022 10:00;12.41
8-12-2022 10:15;9.68
8-12-2022 10:30;9.56
8-12-2022 10:45;9.68
8-12-2022 11:00;9.85
8-12-2022 11:15;10.03
8-12-2022 11:30;10.32
8-12-2022 11:45;10.57
8-12-2022 12:00;11.01
8-12-2022 12:15;13.08
8-12-2022 12:30;17.46
8-12-2022 12:45;19.91
8-12-2022 13:00;19.49
8-12-2022 13:15;19.12
8-12-2022 13:30;19.17
8-12-2022 13:45;18.92
8-12-2022 14:00;18.7
8-12-2022 14:15;18.79
8-12-2022 14:30;19.66
8-12-2022 14:45;17.83
8-12-2022 15:00;17.44
8-12-2022 15:15;17.54
8-12-2022 15:30;16.8
8-12-2022 15:45;15.84
8-12-2022 16:00;14.89
8-12-2022 16:15;14.55
8-12-2022 16:30;13.87
8-12-2022 16:45;13.28
8-12-2022 17:00;13.07
8-12-2022 17:15;12.35
8-12-2022 17:30;12.4
8-12-2022 17:45;12.13
8-12-2022 18:00;11.15
8-12-2022 18:15;10.64
8-12-2022 18:30;10.74
8-12-2022 18:45;10.9
8-12-2022 19:00;11
8-12-2022 19:15;11.06
8-12-2022 19:30;10.96
8-12-2022 19:45;10.91
8-12-2022 20:00;10.65
8-12-2022 20:15;10.52
8-12-2022 20:30;10.46
8-12-2022 20:45;10.44
8-12-2022 21:00;10.45
8-12-2022 21:15;10.49
8-12-2022 21:30;11.36
8-12-2022 21:45;10.76
8-12-2022 22:00;9.89
8-12-2022 22:15;9.95
8-12-2022 22:30;10.09
8-12-2022 22:45;10.23
8-12-2022 23:00;10.31
8-12-2022 23:15;10.49
8-12-2022 23:30;10.75
8-12-2022 23:45;11.33
9-12-2022 00:00;11.53
9-12-2022 00:15;12.14
9-12-2022 00:30;12.68
9-12-2022 00:45;12.66
9-12-2022 01:00;12.67
9-12-2022 01:15;12.76
9-12-2022 01:30;12.83
9-12-2022 01:45;12.86
9-12-2022 02:00;12.88
9-12-2022 02:15;12.98
9-12-2022 02:30;14.67
9-12-2022 02:45;15.98
9-12-2022 03:00;16.18
9-12-2022 03:15;15.99
9-12-2022 03:30;15.5
9-12-2022 03:45;14.86
9-12-2022 04:00;14.36
9-12-2022 04:15;13.88
9-12-2022 04:30;13.33
9-12-2022 04:45;12.18
9-12-2022 05:00;10.06
9-12-2022 05:15;10.15
9-12-2022 05:30;10.04
9-12-2022 05:45;10.21
9-12-2022 06:00;10.19
9-12-2022 06:15;10.16
9-12-2022 06:30;10.18
9-12-2022 06:45;10.08
9-12-2022 07:00;10.12
9-12-2022 07:15;10.23
9-12-2022 07:30;10.2
9-12-2022 07:45;9.86
9-12-2022 08:00;10.12
9-12-2022 08:15;10.19
9-12-2022 08:30;10.35
9-12-2022 08:45;10.3
9-12-2022 09:00;10.3
9-12-2022 09:15;10.44
9-12-2022 09:30;10.56
9-12-2022 09:45;11.43
9-12-2022 10:00;11.05
9-12-2022 10:15;10.91
9-12-2022 10:30;10.97
9-12-2022 10:45;12.32
9-12-2022 11:00;12.58
9-12-2022 11:15;13.41
9-12-2022 11:30;12.74
9-12-2022 11:45;12.7
9-12-2022 12:00;12.51
9-12-2022 12:15;12.22
9-12-2022 12:30;12.2
9-12-2022 12:45;12.38
9-12-2022 13:00;12.49
9-12-2022 13:15;12.62
9-12-2022 13:30;12.76
9-12-2022 13:45;13.23
9-12-2022 14:00;14.29
9-12-2022 14:15;14.21
9-12-2022 14:30;14.16
9-12-2022 14:45;14.15
9-12-2022 15:00;14.24
9-12-2022 15:15;14.2
9-12-2022 15:30;14.28
9-12-2022 15:45;14.27
9-12-2022 16:00;15.57
9-12-2022 16:15;17.53
9-12-2022 16:30;18.14
9-12-2022 16:45;17.97
9-12-2022 17:00;17.49
9-12-2022 17:15;17.3
9-12-2022 17:30;16.54
9-12-2022 17:45;15.98
9-12-2022 18:00;15.79
9-12-2022 18:15;15.6
9-12-2022 18:30;15.38
9-12-2022 18:45;15.21
9-12-2022 19:00;15.04
9-12-2022 19:15;14.89
9-12-2022 19:30;14.81
9-12-2022 19:45;14.78
9-12-2022 20:00;14.67
9-12-2022 20:15;14.7
9-12-2022 20:30;14.7
9-12-2022 20:45;14.74
9-12-2022 21:00;14.7
9-12-2022 21:15;14.74
9-12-2022 21:30;14.83
9-12-2022 21:45;14.8
9-12-2022 22:00;14.87
9-12-2022 22:15;15.33
9-12-2022 22:30;14.82
9-12-2022 22:45;14.71
9-12-2022 23:00;14.73
9-12-2022 23:15;14.79
9-12-2022 23:30;14.74
9-12-2022 23:45;14.79
10-12-2022 00:00;14.78
10-12-2022 00:15;14.71
10-12-2022 00:30;14.74
10-12-2022 00:45;14.67
10-12-2022 01:00;14.68
10-12-2022 01:15;14.55
10-12-2022 01:30;14.47
10-12-2022 01:45;14.35
10-12-2022 02:00;14.32
10-12-2022 02:15;14.17
10-12-2022 02:30;14.06
10-12-2022 02:45;14.04
10-12-2022 03:00;13.81
10-12-2022 03:15;13.72
10-12-2022 03:30;13.5
10-12-2022 03:45;13.35
10-12-2022 04:00;13.09
10-12-2022 04:15;10.96
10-12-2022 04:30;10.46
10-12-2022 04:45;10.29
10-12-2022 05:00;10.51
10-12-2022 05:15;10.41
10-12-2022 05:30;10.5
10-12-2022 05:45;10.43
10-12-2022 06:00;10.37
10-12-2022 06:15;10.43
10-12-2022 06:30;10.31
10-12-2022 06:45;10.28
10-12-2022 07:00;10.18
10-12-2022 07:15;10.36
10-12-2022 07:30;10.1
10-12-2022 07:45;10.19
10-12-2022 08:00;10.17
10-12-2022 08:15;10.36
10-12-2022 08:30;10.36
10-12-2022 08:45;10.35
10-12-2022 09:00;10.55
10-12-2022 09:15;10.46
10-12-2022 09:30;10.46
10-12-2022 09:45;10.4
10-12-2022 10:00;10.6
10-12-2022 10:15;10.58
10-12-2022 10:30;10.6
10-12-2022 10:45;11.66
10-12-2022 11:00;11.29
10-12-2022 11:15;10.42
10-12-2022 11:30;10.38
10-12-2022 11:45;10.51
10-12-2022 12:00;10.66
10-12-2022 12:15;10.62
10-12-2022 12:30;10.85
10-12-2022 12:45;10.94
10-12-2022 13:00;11.26
10-12-2022 13:15;11.29
10-12-2022 13:30;11.56
10-12-2022 13:45;11.73
10-12-2022 14:00;11.87
10-12-2022 14:15;12.06
10-12-2022 14:30;12.98
10-12-2022 14:45;13.7
10-12-2022 15:00;13.97
10-12-2022 15:15;14.24
10-12-2022 15:30;14.48
10-12-2022 15:45;14.76
10-12-2022 16:00;14.83
10-12-2022 16:15;16.23
10-12-2022 16:30;18.81
10-12-2022 16:45;19.27
10-12-2022 17:00;19.21
10-12-2022 17:15;18.79
10-12-2022 17:30;18.65
10-12-2022 17:45;18.08
10-12-2022 18:00;17.82
10-12-2022 18:15;17.32
10-12-2022 18:30;16.88
10-12-2022 18:45;16.37
10-12-2022 19:00;16.27
10-12-2022 19:15;15.06
10-12-2022 19:30;14.19
10-12-2022 19:45;13.38
10-12-2022 20:00;11.42
10-12-2022 20:15;10.03
10-12-2022 20:30;10.46
10-12-2022 20:45;10.6
10-12-2022 21:00;10.83
10-12-2022 21:15;10.65
10-12-2022 21:30;10.77
10-12-2022 21:45;10.78
10-12-2022 22:00;11
10-12-2022 22:15;11.01
10-12-2022 22:30;11.05
10-12-2022 22:45;11.12
10-12-2022 23:00;11.12
10-12-2022 23:15;12.25
10-12-2022 23:30;13.21
10-12-2022 23:45;13.49
11-12-2022 00:00;13.41
11-12-2022 00:15;13.11
11-12-2022 00:30;11.26
11-12-2022 00:45;10.7
11-12-2022 01:00;10.88
11-12-2022 01:15;10.91
11-12-2022 01:30;11.01
11-12-2022 01:45;10.99
11-12-2022 02:00;11.04
11-12-2022 02:15;11.03
11-12-2022 02:30;11.06
11-12-2022 02:45;11.03
11-12-2022 03:00;11.02
11-12-2022 03:15;10.99
11-12-2022 03:30;10.93
11-12-2022 03:45;10.96
11-12-2022 04:00;10.8
11-12-2022 04:15;10.74
11-12-2022 04:30;10.66
11-12-2022 04:45;10.56
11-12-2022 05:00;10.46
11-12-2022 05:15;10.32
11-12-2022 05:30;10.21
11-12-2022 05:45;10.02
11-12-2022 06:00;9.9
11-12-2022 06:15;9.72
11-12-2022 06:30;9.55
11-12-2022 06:45;9.58
11-12-2022 07:00;9.73
11-12-2022 07:15;9.71
11-12-2022 07:30;9.63
11-12-2022 07:45;9.79
11-12-2022 08:00;9.7
11-12-2022 08:15;10.27
11-12-2022 08:30;10.42
11-12-2022 08:45;9.51
11-12-2022 09:00;9.34
11-12-2022 09:15;9.2
11-12-2022 09:30;9.42
11-12-2022 09:45;9.43
11-12-2022 10:00;9.74
11-12-2022 10:15;9.91
11-12-2022 10:30;10.15
11-12-2022 10:45;10.37
11-12-2022 11:00;10.47
11-12-2022 11:15;10.58
11-12-2022 11:30;10.61
11-12-2022 11:45;10.87
11-12-2022 12:00;12.09
11-12-2022 12:15;12.13
11-12-2022 12:30;12.16
11-12-2022 12:45;12.49
11-12-2022 13:00;12.55
11-12-2022 13:15;12.68
11-12-2022 13:30;13.87
11-12-2022 13:45;14.44
11-12-2022 14:00;12.27
11-12-2022 14:15;12.17
11-12-2022 14:30;12.3
11-12-2022 14:45;12.47
11-12-2022 15:00;12.71
11-12-2022 15:15;12.8
11-12-2022 15:30;13.07
11-12-2022 15:45;13.25
11-12-2022 16:00;15.36
11-12-2022 16:15;18.34
11-12-2022 16:30;18.63
11-12-2022 16:45;18.43
11-12-2022 17:00;18.12
11-12-2022 17:15;17.86
11-12-2022 17:30;17.61
11-12-2022 17:45;17.49
11-12-2022 18:00;17.28
11-12-2022 18:15;17.16
11-12-2022 18:30;16.86
11-12-2022 18:45;16.94
11-12-2022 19:00;16.77
11-12-2022 19:15;16.81
11-12-2022 19:30;16.63
11-12-2022 19:45;16.68
11-12-2022 20:00;16.7
11-12-2022 20:15;16.66
11-12-2022 20:30;16.66
11-12-2022 20:45;16.51
11-12-2022 21:00;16.23
11-12-2022 21:15;15.95
11-12-2022 21:30;15.69
11-12-2022 21:45;15.4
11-12-2022 22:00;15.3
11-12-2022 22:15;15.35
11-12-2022 22:30;15.29
11-12-2022 22:45;15.23
11-12-2022 23:00;15.26
11-12-2022 23:15;15.39
11-12-2022 23:30;15.24
11-12-2022 23:45;15.35
12-12-2022 00:00;15.28
12-12-2022 00:15;15.33
12-12-2022 00:30;15.35
12-12-2022 00:45;15.2
12-12-2022 01:00;15.19
12-12-2022 01:15;15.19
12-12-2022 01:30;15.19
12-12-2022 01:45;14.93
12-12-2022 02:00;15.28
12-12-2022 02:15;15.29
12-12-2022 02:30;14.51
12-12-2022 02:45;14.43
12-12-2022 03:00;14.21
12-12-2022 03:15;14.2
12-12-2022 03:30;14.01
12-12-2022 03:45;14.12
12-12-2022 04:00;14.17
12-12-2022 04:15;14.55
12-12-2022 04:30;14.63
12-12-2022 04:45;14.64
12-12-2022 05:00;14.53
12-12-2022 05:15;14.66
12-12-2022 05:30;14.71
12-12-2022 05:45;14.56
12-12-2022 06:00;14.44
12-12-2022 06:15;13.04
12-12-2022 06:30;11.22
12-12-2022 06:45;10.82
12-12-2022 07:00;10.42
12-12-2022 07:15;10.35
12-12-2022 07:30;10.27
12-12-2022 07:45;10.11
12-12-2022 08:00;9.94
12-12-2022 08:15;9.8
12-12-2022 08:30;9.87
12-12-2022 08:45;9.72
12-12-2022 09:00;9.76
12-12-2022 09:15;10.26
12-12-2022 09:30;10.43
12-12-2022 09:45;9.04
12-12-2022 10:00;9.2
12-12-2022 10:15;9.36
12-12-2022 10:30;9.58
12-12-2022 10:45;9.63
12-12-2022 11:00;9.8
12-12-2022 11:15;9.93
12-12-2022 11:30;10.03
12-12-2022 11:45;10.22
12-12-2022 12:00;10.34
12-12-2022 12:15;10.61
12-12-2022 12:30;10.58
12-12-2022 12:45;10.85
12-12-2022 13:00;10.91
12-12-2022 13:15;11.06
12-12-2022 13:30;11.89
12-12-2022 13:45;12.31
12-12-2022 14:00;12.2
12-12-2022 14:15;12.24
12-12-2022 14:30;12.39
12-12-2022 14:45;12.49
12-12-2022 15:00;12.59
12-12-2022 15:15;12.74
12-12-2022 15:30;12.8
12-12-2022 15:45;14.79
12-12-2022 16:00;16.63
12-12-2022 16:15;16.41
12-12-2022 16:30;15.77
12-12-2022 16:45;15.37
12-12-2022 17:00;15.05
12-12-2022 17:15;14.58
12-12-2022 17:30;14.18
12-12-2022 17:45;13.87
12-12-2022 18:00;13.81
12-12-2022 18:15;13.37
12-12-2022 18:30;11.29
12-12-2022 18:45;9.84
12-12-2022 19:00;10.13
12-12-2022 19:15;10.43
12-12-2022 19:30;10.58
12-12-2022 19:45;10.87
12-12-2022 20:00;11.02
12-12-2022 20:15;11.18
12-12-2022 20:30;11.31
12-12-2022 20:45;12.61
12-12-2022 21:00;14.21
12-12-2022 21:15;14.46
12-12-2022 21:30;14.22
12-12-2022 21:45;14.04
12-12-2022 22:00;13.94
12-12-2022 22:15;13.84
12-12-2022 22:30;13.4
12-12-2022 22:45;13.25
12-12-2022 23:00;13.37
12-12-2022 23:15;13.35
12-12-2022 23:30;13.54
12-12-2022 23:45;13.88
13-12-2022 00:00;13.93
13-12-2022 00:15;13.95
13-12-2022 00:30;13.88
13-12-2022 00:45;13.82
13-12-2022 01:00;13.83
13-12-2022 01:15;13.92
13-12-2022 01:30;13.82
13-12-2022 01:45;14.54
13-12-2022 02:00;14.34
13-12-2022 02:15;14.15
13-12-2022 02:30;14.08
13-12-2022 02:45;13.86
13-12-2022 03:00;13.9
13-12-2022 03:15;13.72
13-12-2022 03:30;13.72
13-12-2022 03:45;13.43
13-12-2022 04:00;13.5
13-12-2022 04:15;13.76
13-12-2022 04:30;13.65
13-12-2022 04:45;13.44
13-12-2022 05:00;13.1
13-12-2022 05:15;13.23
13-12-2022 05:30;12.99
13-12-2022 05:45;13.02
13-12-2022 06:00;12.63
13-12-2022 06:15;12.52
13-12-2022 06:30;12.34
13-12-2022 06:45;12.73
13-12-2022 07:00;12.27
13-12-2022 07:15;11.51
13-12-2022 07:30;11.19
13-12-2022 07:45;10.84
13-12-2022 08:00;10.93
13-12-2022 08:15;10.69
13-12-2022 08:30;10.92
13-12-2022 08:45;10.68
13-12-2022 09:00;10.4
13-12-2022 09:15;10.53
13-12-2022 09:30;10.32
13-12-2022 09:45;9.93
13-12-2022 10:00;8.81
13-12-2022 10:15;8.28
13-12-2022 10:30;8.7
13-12-2022 10:45;9.02
13-12-2022 11:00;9.38
13-12-2022 11:15;9.66
13-12-2022 11:30;9.98
13-12-2022 11:45;10.18
13-12-2022 12:00;10.38
13-12-2022 12:15;11.52
13-12-2022 12:30;11.88
13-12-2022 12:45;12.05
13-12-2022 13:00;12.17
13-12-2022 13:15;12.32
13-12-2022 13:30;12.38
13-12-2022 13:45;12.51
13-12-2022 14:00;12.66
13-12-2022 14:15;12.74
13-12-2022 14:30;12.71
13-12-2022 14:45;12.6
13-12-2022 15:00;12.63
13-12-2022 15:15;12.61
13-12-2022 15:30;13.3
13-12-2022 15:45;15.91
13-12-2022 16:00;16.57
13-12-2022 16:15;16.36
13-12-2022 16:30;15.92
13-12-2022 16:45;15.84
13-12-2022 17:00;15.43
13-12-2022 17:15;15.25
13-12-2022 17:30;15.08
13-12-2022 17:45;15.86
13-12-2022 18:00;15.58
13-12-2022 18:15;14.59
13-12-2022 18:30;14.2
13-12-2022 18:45;13.89
13-12-2022 19:00;13.45
13-12-2022 19:15;12.63
13-12-2022 19:30;12.45
13-12-2022 19:45;12.34
13-12-2022 20:00;12.2
13-12-2022 20:15;12.26
13-12-2022 20:30;12.2
13-12-2022 20:45;12.2
13-12-2022 21:00;12.25
13-12-2022 21:15;12.37
13-12-2022 21:30;12.53
13-12-2022 21:45;12.86
13-12-2022 22:00;12.95
13-12-2022 22:15;13.06
13-12-2022 22:30;13.09
13-12-2022 22:45;13.2
13-12-2022 23:00;13.3
13-12-2022 23:15;13.36
13-12-2022 23:30;13.48
13-12-2022 23:45;13.63
14-12-2022 00:00;13.71
14-12-2022 00:15;13.69
14-12-2022 00:30;13.43
14-12-2022 00:45;13.46
14-12-2022 01:00;13.57
14-12-2022 01:15;13.65
14-12-2022 01:30;13.64
14-12-2022 01:45;13.39
14-12-2022 02:00;13.38
14-12-2022 02:15;13.38
14-12-2022 02:30;12.98
14-12-2022 02:45;12.82
14-12-2022 03:00;12.76
14-12-2022 03:15;13.02
14-12-2022 03:30;13.14
14-12-2022 03:45;12.97
14-12-2022 04:00;12.83
14-12-2022 04:15;12.72
14-12-2022 04:30;12.54
14-12-2022 04:45;12.76
14-12-2022 05:00;12.68
14-12-2022 05:15;12.52
14-12-2022 05:30;12.68
14-12-2022 05:45;12.55
14-12-2022 06:00;12.45
14-12-2022 06:15;12.39
14-12-2022 06:30;12.26
14-12-2022 06:45;11.62
14-12-2022 07:00;11.33
14-12-2022 07:15;11.16
14-12-2022 07:30;10.89
14-12-2022 07:45;10.67
14-12-2022 08:00;10.57
14-12-2022 08:15;10.54
14-12-2022 08:30;10.39
14-12-2022 08:45;10.64
14-12-2022 09:00;10.72
14-12-2022 09:15;10.87
14-12-2022 09:30;10.98
14-12-2022 09:45;10.9
14-12-2022 10:00;10.96
14-12-2022 10:15;11.12
14-12-2022 10:30;11.34
14-12-2022 10:45;11.45
14-12-2022 11:00;11.2
14-12-2022 11:15;11.2
14-12-2022 11:30;11.21
14-12-2022 11:45;11.5
14-12-2022 12:00;11.76
14-12-2022 12:15;12.07
14-12-2022 12:30;12.34
14-12-2022 12:45;12.78
14-12-2022 13:00;13.36
14-12-2022 13:15;12.33
14-12-2022 13:30;13.36
14-12-2022 13:45;12.7
14-12-2022 14:00;12.21
14-12-2022 14:15;12.31
14-12-2022 14:30;12.47
14-12-2022 14:45;12.66
14-12-2022 15:00;13.45
14-12-2022 15:15;14.02
14-12-2022 15:30;14.07
14-12-2022 15:45;13.89
14-12-2022 16:00;13.95
14-12-2022 16:15;13.62
14-12-2022 16:30;12.78
14-12-2022 16:45;12.25
14-12-2022 17:00;12.23
14-12-2022 17:15;12.28
14-12-2022 17:30;12.32
14-12-2022 17:45;11.93
14-12-2022 18:00;11.76
14-12-2022 18:15;11.9
14-12-2022 18:30;12.03
14-12-2022 18:45;12.05
14-12-2022 19:00;12.17
14-12-2022 19:15;12.27
14-12-2022 19:30;12.2
14-12-2022 19:45;12.07
14-12-2022 20:00;12.1
14-12-2022 20:15;12.04
14-12-2022 20:30;11.89
14-12-2022 20:45;11.99
14-12-2022 21:00;12
14-12-2022 21:15;12.2
14-12-2022 21:30;12.38
14-12-2022 21:45;12.53
14-12-2022 22:00;12.71
14-12-2022 22:15;13.27
14-12-2022 22:30;13.33
14-12-2022 22:45;12.75
14-12-2022 23:00;12.61
14-12-2022 23:15;12.64
14-12-2022 23:30;12.68
14-12-2022 23:45;12.67
15-12-2022 00:00;12.64
15-12-2022 00:15;12.68
15-12-2022 00:30;12.69
15-12-2022 00:45;12.69
15-12-2022 01:00;12.71
15-12-2022 01:15;12.73
15-12-2022 01:30;12.68
15-12-2022 01:45;12.71
15-12-2022 02:00;12.71
15-12-2022 02:15;12.71
15-12-2022 02:30;12.62
15-12-2022 02:45;12.63
15-12-2022 03:00;12.58
15-12-2022 03:15;12.45
15-12-2022 03:30;12.3
15-12-2022 03:45;12.2
15-12-2022 04:00;12.1
15-12-2022 04:15;11.94
15-12-2022 04:30;11.79
15-12-2022 04:45;11.67
15-12-2022 05:00;11.82
15-12-2022 05:15;11.87
15-12-2022 05:30;11.85
15-12-2022 05:45;11.81
15-12-2022 06:00;11.85
15-12-2022 06:15;11.84
15-12-2022 06:30;12.05
15-12-2022 06:45;12.8
15-12-2022 07:00;14
15-12-2022 07:15;12.85
15-12-2022 07:30;11.83
15-12-2022 07:45;12.12
15-12-2022 08:00;12.13
15-12-2022 08:15;12.01
15-12-2022 08:30;11.96
15-12-2022 08:45;12.21
15-12-2022 09:00;12.34
15-12-2022 09:15;12.34
15-12-2022 09:30;12.16
15-12-2022 09:45;12.04
15-12-2022 10:00;11.91
15-12-2022 10:15;12.21
15-12-2022 10:30;12.54
15-12-2022 10:45;12.84
15-12-2022 11:00;13.04
15-12-2022 11:15;13.08
15-12-2022 11:30;13.22
15-12-2022 11:45;13.42
15-12-2022 12:00;12.77
15-12-2022 12:15;12.25
15-12-2022 12:30;12.54
15-12-2022 12:45;12.95
15-12-2022 13:00;12.81
15-12-2022 13:15;12.66
15-12-2022 13:30;12.68
15-12-2022 13:45;13.03
15-12-2022 14:00;13.32
15-12-2022 14:15;13.35
15-12-2022 14:30;13.17
15-12-2022 14:45;12.69
15-12-2022 15:00;12.69
15-12-2022 15:15;12.85
15-12-2022 15:30;13.02
15-12-2022 15:45;12.99
15-12-2022 16:00;12.89
15-12-2022 16:15;12.98
15-12-2022 16:30;13.11
15-12-2022 16:45;13.23
15-12-2022 17:00;13.25
15-12-2022 17:15;13.13
15-12-2022 17:30;13.07
15-12-2022 17:45;13.09
15-12-2022 18:00;13.01
15-12-2022 18:15;12.69
15-12-2022 18:30;12.61
15-12-2022 18:45;12.31
15-12-2022 19:00;11.86
15-12-2022 19:15;11.53
15-12-2022 19:30;11.31
15-12-2022 19:45;11.17
15-12-2022 20:00;11.19
15-12-2022 20:15;11.21
15-12-2022 20:30;11.4
15-12-2022 20:45;11.52
15-12-2022 21:00;11.64
15-12-2022 21:15;11.9
15-12-2022 21:30;11.83
15-12-2022 21:45;11.95
15-12-2022 22:00;12.08
15-12-2022 22:15;12.12
15-12-2022 22:30;12.16
15-12-2022 22:45;12.28
15-12-2022 23:00;12.37
15-12-2022 23:15;12.6
15-12-2022 23:30;12.67
15-12-2022 23:45;13.01
16-12-2022 00:00;13.21
16-12-2022 00:15;13.18
16-12-2022 00:30;13.38
16-12-2022 00:45;13.45
16-12-2022 01:00;13.38
16-12-2022 01:15;13.35
16-12-2022 01:30;13.36
16-12-2022 01:45;13.29
16-12-2022 02:00;13.26
16-12-2022 02:15;13.2
16-12-2022 02:30;12.83
16-12-2022 02:45;12.82
16-12-2022 03:00;12.82
16-12-2022 03:15;12.84
16-12-2022 03:30;13.23
16-12-2022 03:45;13.24
16-12-2022 04:00;13.13
16-12-2022 04:15;13.02
16-12-2022 04:30;12.88
16-12-2022 04:45;13.09
16-12-2022 05:00;13.04
16-12-2022 05:15;12.86
16-12-2022 05:30;12.75
16-12-2022 05:45;12.56
16-12-2022 06:00;12.69
16-12-2022 06:15;13.19
16-12-2022 06:30;13.25
16-12-2022 06:45;13.73
16-12-2022 07:00;13.59
16-12-2022 07:15;13.24
16-12-2022 07:30;12.93
16-12-2022 07:45;12.73
16-12-2022 08:00;12.81
16-12-2022 08:15;12.88
16-12-2022 08:30;12.75
16-12-2022 08:45;12.68
16-12-2022 09:00;12.55
16-12-2022 09:15;12.68
16-12-2022 09:30;12.79
16-12-2022 09:45;12.87
16-12-2022 10:00;12.27
16-12-2022 10:15;11.74
16-12-2022 10:30;11.15
16-12-2022 10:45;10.1
16-12-2022 11:00;10.33
16-12-2022 11:15;9.66
16-12-2022 11:30;8.93
16-12-2022 11:45;7.79
16-12-2022 12:00;8.91
16-12-2022 12:15;10.19
16-12-2022 12:30;10.25
16-12-2022 12:45;11.41
16-12-2022 13:00;12.32
16-12-2022 13:15;10.63
16-12-2022 13:30;11.2
16-12-2022 13:45;12.83
16-12-2022 14:00;14.67
16-12-2022 14:15;14.78
16-12-2022 14:30;14.63
16-12-2022 14:45;14.66
16-12-2022 15:00;14.47
16-12-2022 15:15;14.27
16-12-2022 15:30;14.16
16-12-2022 15:45;13.94
16-12-2022 16:00;13.65
16-12-2022 16:15;13.39
16-12-2022 16:30;13.06
16-12-2022 16:45;12.94
16-12-2022 17:00;13.15
16-12-2022 17:15;12.34
16-12-2022 17:30;12.94
16-12-2022 17:45;12.43
16-12-2022 18:00;11.93
16-12-2022 18:15;12.2
16-12-2022 18:30;12.52
16-12-2022 18:45;12.88
16-12-2022 19:00;14.08
16-12-2022 19:15;14.02
16-12-2022 19:30;13.85
16-12-2022 19:45;13.67
16-12-2022 20:00;13.62
16-12-2022 20:15;13.52
16-12-2022 20:30;13.47
16-12-2022 20:45;13.22
16-12-2022 21:00;13.15
16-12-2022 21:15;13.18
16-12-2022 21:30;13.23
16-12-2022 21:45;13.26
16-12-2022 22:00;13.29
16-12-2022 22:15;13.34
16-12-2022 22:30;13.43
16-12-2022 22:45;13.63
16-12-2022 23:00;13.72
16-12-2022 23:15;13.98
16-12-2022 23:30;14.6
16-12-2022 23:45;14.05
17-12-2022 00:00;13.99
17-12-2022 00:15;13.98
17-12-2022 00:30;13.97
17-12-2022 00:45;13.94
17-12-2022 01:00;13.97
17-12-2022 01:15;13.92
17-12-2022 01:30;13.87
17-12-2022 01:45;13.81
17-12-2022 02:00;13.64
17-12-2022 02:15;13.63
17-12-2022 02:30;13.59
17-12-2022 02:45;13.48
17-12-2022 03:00;13.33
17-12-2022 03:15;13.21
17-12-2022 03:30;13.03
17-12-2022 03:45;12.97
17-12-2022 04:00;13.2
17-12-2022 04:15;13.06
17-12-2022 04:30;12.97
17-12-2022 04:45;12.88
17-12-2022 05:00;12.7
17-12-2022 05:15;12.66
17-12-2022 05:30;12.56
17-12-2022 05:45;12.43
17-12-2022 06:00;12.18
17-12-2022 06:15;12.1
17-12-2022 06:30;11.93
17-12-2022 06:45;11.67
17-12-2022 07:00;11.47
17-12-2022 07:15;11.23
17-12-2022 07:30;10.92
17-12-2022 07:45;9.46
17-12-2022 08:00;8.83
17-12-2022 08:15;8.72
17-12-2022 08:30;8.68
17-12-2022 08:45;8.62
17-12-2022 09:00;8.58
17-12-2022 09:15;8.56
17-12-2022 09:30;8.48
17-12-2022 09:45;8.58
17-12-2022 10:00;8.57
17-12-2022 10:15;8.48
17-12-2022 10:30;8.69
17-12-2022 10:45;8.84
17-12-2022 11:00;8.95
17-12-2022 11:15;9.03
17-12-2022 11:30;9.13
17-12-2022 11:45;9.43
17-12-2022 12:00;10.35
17-12-2022 12:15;10.1
17-12-2022 12:30;10.09
17-12-2022 12:45;10.1
17-12-2022 13:00;10.23
17-12-2022 13:15;10.48
17-12-2022 13:30;10.64
17-12-2022 13:45;11.62
17-12-2022 14:00;12.22
17-12-2022 14:15;14.8
17-12-2022 14:30;16.26
17-12-2022 14:45;17.02
17-12-2022 15:00;16.71
17-12-2022 15:15;16.14
17-12-2022 15:30;16.11
17-12-2022 15:45;15.93
17-12-2022 16:00;15.55
17-12-2022 16:15;15.49
17-12-2022 16:30;15.66
17-12-2022 16:45;15.58
17-12-2022 17:00;15.36
17-12-2022 17:15;15.22
17-12-2022 17:30;14.99
17-12-2022 17:45;14.87
17-12-2022 18:00;14.39
17-12-2022 18:15;14.38
17-12-2022 18:30;14.29
17-12-2022 18:45;14.06
17-12-2022 19:00;13.89
17-12-2022 19:15;13.5
17-12-2022 19:30;13.24
17-12-2022 19:45;13.17
17-12-2022 20:00;13.19
17-12-2022 20:15;13.05
17-12-2022 20:30;13.11
17-12-2022 20:45;13.1
17-12-2022 21:00;13.17
17-12-2022 21:15;13.18
17-12-2022 21:30;12.97
17-12-2022 21:45;13.19
17-12-2022 22:00;13.2
17-12-2022 22:15;13.31
17-12-2022 22:30;13.3
17-12-2022 22:45;13.52
17-12-2022 23:00;13.54
17-12-2022 23:15;13.54
17-12-2022 23:30;13.64
17-12-2022 23:45;13.68
18-12-2022 00:00;13.8
18-12-2022 00:15;13.63
18-12-2022 00:30;13.69
18-12-2022 00:45;13.59
18-12-2022 01:00;13.68
18-12-2022 01:15;13.59
18-12-2022 01:30;13.66
18-12-2022 01:45;13.98
18-12-2022 02:00;13.87
18-12-2022 02:15;13.77
18-12-2022 02:30;13.48
18-12-2022 02:45;13.4
18-12-2022 03:00;13.17
18-12-2022 03:15;13.13
18-12-2022 03:30;12.89
18-12-2022 03:45;12.73
18-12-2022 04:00;12.59
18-12-2022 04:15;12.4
18-12-2022 04:30;12.31
18-12-2022 04:45;12.03
18-12-2022 05:00;12.19
18-12-2022 05:15;12.41
18-12-2022 05:30;12.78
18-12-2022 05:45;12.73
18-12-2022 06:00;12.61
18-12-2022 06:15;12.73
18-12-2022 06:30;12.65
18-12-2022 06:45;12.58
18-12-2022 07:00;12.34
18-12-2022 07:15;12.42
18-12-2022 07:30;12.2
18-12-2022 07:45;12.08
18-12-2022 08:00;11.83
18-12-2022 08:15;11.6
18-12-2022 08:30;10.59
18-12-2022 08:45;9.16
18-12-2022 09:00;8.58
18-12-2022 09:15;9
18-12-2022 09:30;8.57
18-12-2022 09:45;8.68
18-12-2022 10:00;8.65
18-12-2022 10:15;8.67
18-12-2022 10:30;8.73
18-12-2022 10:45;8.69
18-12-2022 11:00;8.66
18-12-2022 11:15;8.67
18-12-2022 11:30;8.73
18-12-2022 11:45;8.78
18-12-2022 12:00;8.82
18-12-2022 12:15;8.92
18-12-2022 12:30;9.22
18-12-2022 12:45;10.36
18-12-2022 13:00;10.96
18-12-2022 13:15;10.69
18-12-2022 13:30;10.68
18-12-2022 13:45;10.78
18-12-2022 14:00;10.99
18-12-2022 14:15;11.14
18-12-2022 14:30;11.35
18-12-2022 14:45;11.5
18-12-2022 15:00;11.8
18-12-2022 15:15;11.85
18-12-2022 15:30;12.26
18-12-2022 15:45;12.9
18-12-2022 16:00;14.71
18-12-2022 16:15;16.14
18-12-2022 16:30;16.85
18-12-2022 16:45;18.21
18-12-2022 17:00;18.51
18-12-2022 17:15;18.67
18-12-2022 17:30;18.9
18-12-2022 17:45;18.71
18-12-2022 18:00;18.42
18-12-2022 18:15;18.97
18-12-2022 18:30;19.11
18-12-2022 18:45;19.02
18-12-2022 19:00;18.62
18-12-2022 19:15;18.7
18-12-2022 19:30;19.07
18-12-2022 19:45;18.96
18-12-2022 20:00;18.61
18-12-2022 20:15;18.84
18-12-2022 20:30;19.14
18-12-2022 20:45;19.04
18-12-2022 21:00;18.95
18-12-2022 21:15;19.36
18-12-2022 21:30;19.98
18-12-2022 21:45;20.56
18-12-2022 22:00;22
18-12-2022 22:15;21.5
18-12-2022 22:30;21.26
18-12-2022 22:45;20.47
18-12-2022 23:00;20.04
18-12-2022 23:15;20.45
18-12-2022 23:30;20.81
18-12-2022 23:45;20.24
19-12-2022 00:00;20.45
19-12-2022 00:15;21.38
19-12-2022 00:30;22.1
19-12-2022 00:45;21.25
19-12-2022 01:00;20.94
19-12-2022 01:15;21.05
19-12-2022 01:30;21.39
19-12-2022 01:45;21.68
19-12-2022 02:00;22.25
19-12-2022 02:15;22.09
19-12-2022 02:30;21.81
19-12-2022 02:45;21.63
19-12-2022 03:00;21.51
19-12-2022 03:15;21.27
19-12-2022 03:30;20.89
19-12-2022 03:45;20.42
19-12-2022 04:00;19.9
19-12-2022 04:15;20.86
19-12-2022 04:30;21.37
19-12-2022 04:45;20.94
19-12-2022 05:00;20.64
19-12-2022 05:15;20.32
19-12-2022 05:30;19.89
19-12-2022 05:45;18.55
19-12-2022 06:00;18.76
19-12-2022 06:15;19.32
19-12-2022 06:30;19.66
19-12-2022 06:45;20.15
19-12-2022 07:00;20.34
19-12-2022 07:15;20.72
19-12-2022 07:30;20.71
19-12-2022 07:45;20.71
19-12-2022 08:00;20.44
19-12-2022 08:15;20.82
19-12-2022 08:30;20.48
19-12-2022 08:45;20.29
19-12-2022 09:00;20.49
19-12-2022 09:15;20.78
19-12-2022 09:30;20.86
19-12-2022 09:45;19.82
19-12-2022 10:00;20.76
19-12-2022 10:15;20.68
19-12-2022 10:30;20.53
19-12-2022 10:45;20.58
19-12-2022 11:00;20.63
19-12-2022 11:15;20.41
19-12-2022 11:30;20
19-12-2022 11:45;20.19
19-12-2022 12:00;20.05
19-12-2022 12:15;20.07
19-12-2022 12:30;19.91
19-12-2022 12:45;19.84
19-12-2022 13:00;19.84
19-12-2022 13:15;19.75
19-12-2022 13:30;19.82
19-12-2022 13:45;19.83
19-12-2022 14:00;19.81
19-12-2022 14:15;19.83
19-12-2022 14:30;20.01
19-12-2022 14:45;20
19-12-2022 15:00;19.89
19-12-2022 15:15;19.91
19-12-2022 15:30;19.99
19-12-2022 15:45;19.92
19-12-2022 16:00;19.89
19-12-2022 16:15;19.9
19-12-2022 16:30;19.97
19-12-2022 16:45;19.84
19-12-2022 17:00;19.67
19-12-2022 17:15;20.04
19-12-2022 17:30;19.99
19-12-2022 17:45;19.8
19-12-2022 18:00;19.71
19-12-2022 18:15;19.72
19-12-2022 18:30;19.57
19-12-2022 18:45;19.48
19-12-2022 19:00;18.75
19-12-2022 19:15;18.37
19-12-2022 19:30;19.59
19-12-2022 19:45;18.72
19-12-2022 20:00;18.46
19-12-2022 20:15;17.57
19-12-2022 20:30;17.16
19-12-2022 20:45;16.32
19-12-2022 21:00;15.59
19-12-2022 21:15;15.27
19-12-2022 21:30;14.7
19-12-2022 21:45;14.41
19-12-2022 22:00;14.34
19-12-2022 22:15;14.33
19-12-2022 22:30;14.08
19-12-2022 22:45;13.73
19-12-2022 23:00;13.48
19-12-2022 23:15;13.49
19-12-2022 23:30;13.16
19-12-2022 23:45;13.35
20-12-2022 00:00;13.46
20-12-2022 00:15;13.6
20-12-2022 00:30;13.7
20-12-2022 00:45;13.78
20-12-2022 01:00;13.87
20-12-2022 01:15;13.85
20-12-2022 01:30;13.81
20-12-2022 01:45;13.72
20-12-2022 02:00;13.69
20-12-2022 02:15;13.59
20-12-2022 02:30;13.52
20-12-2022 02:45;13.38
20-12-2022 03:00;13.26
20-12-2022 03:15;13.13
20-12-2022 03:30;12.95
20-12-2022 03:45;12.76
20-12-2022 04:00;12.62
20-12-2022 04:15;12.52
20-12-2022 04:30;12.85
20-12-2022 04:45;12.7
20-12-2022 05:00;11.17
20-12-2022 05:15;11.75
20-12-2022 05:30;11.87
20-12-2022 05:45;12.22
20-12-2022 06:00;12.89
20-12-2022 06:15;13.02
20-12-2022 06:30;12.8
20-12-2022 06:45;12.84
20-12-2022 07:00;12.93
20-12-2022 07:15;13.94
20-12-2022 07:30;15.08
20-12-2022 07:45;14.25
20-12-2022 08:00;13.74
20-12-2022 08:15;13.54
20-12-2022 08:30;12.88
20-12-2022 08:45;11.13
20-12-2022 09:00;10.41
20-12-2022 09:15;8.73
20-12-2022 09:30;8.44
20-12-2022 09:45;8.53
20-12-2022 10:00;8.67
20-12-2022 10:15;8.91
20-12-2022 10:30;9.06
20-12-2022 10:45;9.3
20-12-2022 11:00;9.83
20-12-2022 11:15;10.71
20-12-2022 11:30;11.98
20-12-2022 11:45;13.79
20-12-2022 12:00;13.63
20-12-2022 12:15;14.09
20-12-2022 12:30;14.31
20-12-2022 12:45;14.65
20-12-2022 13:00;14.93
20-12-2022 13:15;16
20-12-2022 13:30;18.13
20-12-2022 13:45;16.27
20-12-2022 14:00;17.75
20-12-2022 14:15;17.71
20-12-2022 14:30;18.78
20-12-2022 14:45;19.36
20-12-2022 15:00;19.35
20-12-2022 15:15;19.5
20-12-2022 15:30;19.57
20-12-2022 15:45;19.57
20-12-2022 16:00;19.68
20-12-2022 16:15;19.75
20-12-2022 16:30;19.76
20-12-2022 16:45;19.81
20-12-2022 17:00;19.81
20-12-2022 17:15;20.09
20-12-2022 17:30;21.34
20-12-2022 17:45;21.78
20-12-2022 18:00;22.1
20-12-2022 18:15;22.49
20-12-2022 18:30;24.07
20-12-2022 18:45;25.64
20-12-2022 19:00;28.5
20-12-2022 19:15;28.21
20-12-2022 19:30;28.85
20-12-2022 19:45;30.4
20-12-2022 20:00;33.42
20-12-2022 20:15;35.16
20-12-2022 20:30;38.24
20-12-2022 20:45;41.11
20-12-2022 21:00;42.21
20-12-2022 21:15;42.07
20-12-2022 21:30;42.58
20-12-2022 21:45;42.43
20-12-2022 22:00;42.61
20-12-2022 22:15;42.58
20-12-2022 22:30;42.67
20-12-2022 22:45;42.68
20-12-2022 23:00;42.73
20-12-2022 23:15;44.29
20-12-2022 23:30;44.15
20-12-2022 23:45;43.75
21-12-2022 00:00;43.21
21-12-2022 00:15;43.04
21-12-2022 00:30;42.45
21-12-2022 00:45;41.35
21-12-2022 01:00;40.6
21-12-2022 01:15;38.95
21-12-2022 01:30;38.01
21-12-2022 01:45;38.46
21-12-2022 02:00;36.71
21-12-2022 02:15;35.88
21-12-2022 02:30;35.94
21-12-2022 02:45;35.16
21-12-2022 03:00;34.47
21-12-2022 03:15;33.87
21-12-2022 03:30;33.01
21-12-2022 03:45;30.85
21-12-2022 04:00;29.94
21-12-2022 04:15;29.54
21-12-2022 04:30;27.43
21-12-2022 04:45;25.68
21-12-2022 05:00;23.35
21-12-2022 05:15;19.89
21-12-2022 05:30;17.99
21-12-2022 05:45;17.29
21-12-2022 06:00;15.82
21-12-2022 06:15;15.52
21-12-2022 06:30;14.99
21-12-2022 06:45;14.67
21-12-2022 07:00;14.09
21-12-2022 07:15;12.93
21-12-2022 07:30;13.68
21-12-2022 07:45;13.7
21-12-2022 08:00;13.6
21-12-2022 08:15;12.53
21-12-2022 08:30;12.03
21-12-2022 08:45;10.79
21-12-2022 09:00;11.19
21-12-2022 09:15;11.11
21-12-2022 09:30;10.1
21-12-2022 09:45;10.42
21-12-2022 10:00;10.54
21-12-2022 10:15;10.67
21-12-2022 10:30;10.58
21-12-2022 10:45;12.31
21-12-2022 11:00;12.95
21-12-2022 11:15;13.25
21-12-2022 11:30;13.91
21-12-2022 11:45;12.81
21-12-2022 12:00;12.7
21-12-2022 12:15;12.57
21-12-2022 12:30;11.64
21-12-2022 12:45;15.64
21-12-2022 13:00;15.6
21-12-2022 13:15;14.79
21-12-2022 13:30;13.76
21-12-2022 13:45;16.8
21-12-2022 14:00;17.25
21-12-2022 14:15;17.92
21-12-2022 14:30;17.36
21-12-2022 14:45;18.23
21-12-2022 15:00;17.18
21-12-2022 15:15;15.21
21-12-2022 15:30;19.32
21-12-2022 15:45;16.97
21-12-2022 16:00;18.95
21-12-2022 16:15;18.02
21-12-2022 16:30;18.47
21-12-2022 16:45;18.4
21-12-2022 17:00;18.5
21-12-2022 17:15;18.63
21-12-2022 17:30;19.84
21-12-2022 17:45;18.99
21-12-2022 18:00;18.72
21-12-2022 18:15;18.82
21-12-2022 18:30;19.05
21-12-2022 18:45;19.29
21-12-2022 19:00;19.51
21-12-2022 19:15;20.04
21-12-2022 19:30;20.12
21-12-2022 19:45;20
21-12-2022 20:00;20.13
21-12-2022 20:15;20.76
21-12-2022 20:30;21.78
21-12-2022 20:45;22.94
21-12-2022 21:00;21.3
21-12-2022 21:15;25.96
21-12-2022 21:30;26.2
21-12-2022 21:45;26.36
21-12-2022 22:00;27.86
21-12-2022 22:15;30.93
21-12-2022 22:30;35.9
21-12-2022 22:45;42.94
21-12-2022 23:00;41.01
21-12-2022 23:15;42.56
21-12-2022 23:30;43.1
21-12-2022 23:45;43.51
22-12-2022 00:00;43.97
22-12-2022 00:15;44.9
22-12-2022 00:30;45.03
22-12-2022 00:45;45.12
22-12-2022 01:00;45.29
22-12-2022 01:15;45.2
22-12-2022 01:30;44.97
22-12-2022 01:45;44.61
22-12-2022 02:00;44.33
22-12-2022 02:15;43.53
22-12-2022 02:30;43.26
22-12-2022 02:45;42.47
22-12-2022 03:00;41.87
22-12-2022 03:15;41.29
22-12-2022 03:30;40.54
22-12-2022 03:45;39.06
22-12-2022 04:00;38.32
22-12-2022 04:15;37.6
22-12-2022 04:30;37.81
22-12-2022 04:45;37.1
22-12-2022 05:00;35.58
22-12-2022 05:15;34.58
22-12-2022 05:30;33.67
22-12-2022 05:45;32.78
22-12-2022 06:00;30.33
22-12-2022 06:15;28.68
22-12-2022 06:30;27.88
22-12-2022 06:45;27.15
22-12-2022 07:00;27.22
22-12-2022 07:15;26.34
22-12-2022 07:30;24.92
22-12-2022 07:45;23.95
22-12-2022 08:00;23.6
22-12-2022 08:15;21.51
22-12-2022 08:30;19.9
22-12-2022 08:45;19.02
22-12-2022 09:00;19.04
22-12-2022 09:15;19.21
22-12-2022 09:30;19.33
22-12-2022 09:45;19.85
22-12-2022 10:00;20.24
22-12-2022 10:15;22.06
22-12-2022 10:30;21.47
22-12-2022 10:45;21.6
22-12-2022 11:00;23.87
22-12-2022 11:15;25.39
22-12-2022 11:30;26.7
22-12-2022 11:45;28.86
22-12-2022 12:00;28.32
22-12-2022 12:15;28
22-12-2022 12:30;27.73
22-12-2022 12:45;26.83
22-12-2022 13:00;26.11
22-12-2022 13:15;25.37
22-12-2022 13:30;25.57
22-12-2022 13:45;24.9
22-12-2022 14:00;25.59
22-12-2022 14:15;24.54
22-12-2022 14:30;25.08
22-12-2022 14:45;24.25
22-12-2022 15:00;23.37
22-12-2022 15:15;22.98
22-12-2022 15:30;23.7
22-12-2022 15:45;24.44
22-12-2022 16:00;24.77
22-12-2022 16:15;25.45
22-12-2022 16:30;26.03
22-12-2022 16:45;26.58
22-12-2022 17:00;26.63
22-12-2022 17:15;26.99
22-12-2022 17:30;28.16
22-12-2022 17:45;29.26
22-12-2022 18:00;30.46
22-12-2022 18:15;33.46
22-12-2022 18:30;34.54
22-12-2022 18:45;35.42
22-12-2022 19:00;36.3
22-12-2022 19:15;36.84
22-12-2022 19:30;37.63
22-12-2022 19:45;37.15
22-12-2022 20:00;38.09
22-12-2022 20:15;39.69
22-12-2022 20:30;39.33
22-12-2022 20:45;39.04
22-12-2022 21:00;40.14
22-12-2022 21:15;43.47
22-12-2022 21:30;44.94
22-12-2022 21:45;44.94
22-12-2022 22:00;44.26
22-12-2022 22:15;42.06
22-12-2022 22:30;39.56
22-12-2022 22:45;37
22-12-2022 23:00;35.14
22-12-2022 23:15;33.82
22-12-2022 23:30;30.23
22-12-2022 23:45;30.7
23-12-2022 00:00;29.11
23-12-2022 00:15;28.71
23-12-2022 00:30;28
23-12-2022 00:45;27.77
23-12-2022 01:00;27.7
23-12-2022 01:15;27.15
23-12-2022 01:30;27.12
23-12-2022 01:45;27.17
23-12-2022 02:00;27.18
23-12-2022 02:15;27.28
23-12-2022 02:30;27.14
23-12-2022 02:45;26.55
23-12-2022 03:00;26.04
23-12-2022 03:15;24.69
23-12-2022 03:30;24.69
23-12-2022 03:45;24.74
23-12-2022 04:00;24.42
23-12-2022 04:15;24.35
23-12-2022 04:30;24.1
23-12-2022 04:45;23.93
23-12-2022 05:00;23.75
23-12-2022 05:15;23.58
23-12-2022 05:30;23.33
23-12-2022 05:45;22.94
23-12-2022 06:00;22.66
23-12-2022 06:15;22.62
23-12-2022 06:30;22.53
23-12-2022 06:45;22.72
23-12-2022 07:00;22.57
23-12-2022 07:15;22.18
23-12-2022 07:30;22.14
23-12-2022 07:45;18.72
23-12-2022 08:00;19.96
23-12-2022 08:15;19.23
23-12-2022 08:30;18.95
23-12-2022 08:45;18.58
23-12-2022 09:00;18.34
23-12-2022 09:15;17.58
23-12-2022 09:30;17.67
23-12-2022 09:45;17.9
23-12-2022 10:00;18.26
23-12-2022 10:15;17.89
23-12-2022 10:30;18.01
23-12-2022 10:45;17.83
23-12-2022 11:00;17.77
23-12-2022 11:15;17.54
23-12-2022 11:30;17.53
23-12-2022 11:45;17.9
23-12-2022 12:00;18.25
23-12-2022 12:15;17.93
23-12-2022 12:30;17.83
23-12-2022 12:45;17.79
23-12-2022 13:00;17.78
23-12-2022 13:15;17.79
23-12-2022 13:30;17.8
23-12-2022 13:45;17.85
23-12-2022 14:00;18.01
23-12-2022 14:15;18.34
23-12-2022 14:30;19.39
23-12-2022 14:45;17.36
23-12-2022 15:00;16.99
23-12-2022 15:15;16.75
23-12-2022 15:30;16.64
23-12-2022 15:45;15.93
23-12-2022 16:00;15.53
23-12-2022 16:15;15.15
23-12-2022 16:30;14.37
23-12-2022 16:45;14.46
23-12-2022 17:00;14.24
23-12-2022 17:15;14.39
23-12-2022 17:30;14.45
23-12-2022 17:45;14.45
23-12-2022 18:00;14.38
23-12-2022 18:15;14.24
23-12-2022 18:30;14.27
23-12-2022 18:45;14.34
23-12-2022 19:00;14.38
23-12-2022 19:15;14.37
23-12-2022 19:30;14.26
23-12-2022 19:45;14.08
23-12-2022 20:00;13.88
23-12-2022 20:15;13.84
23-12-2022 20:30;13.82
23-12-2022 20:45;13.84
23-12-2022 21:00;13.85
23-12-2022 21:15;13.88
23-12-2022 21:30;13.9
23-12-2022 21:45;16.15
23-12-2022 22:00;13.75
23-12-2022 22:15;14.05
23-12-2022 22:30;13.46
23-12-2022 22:45;12.46
23-12-2022 23:00;13.86
23-12-2022 23:15;11.23
23-12-2022 23:30;13.87
23-12-2022 23:45;11.28
24-12-2022 00:00;12.53
24-12-2022 00:15;12.7
24-12-2022 00:30;12.56
24-12-2022 00:45;12.6
24-12-2022 01:00;12.57
24-12-2022 01:15;12.53
24-12-2022 01:30;12.47
24-12-2022 01:45;12.45
24-12-2022 02:00;12.44
24-12-2022 02:15;12.37
24-12-2022 02:30;12.5
24-12-2022 02:45;12.58
24-12-2022 03:00;12.71
24-12-2022 03:15;12.24
24-12-2022 03:30;12.04
24-12-2022 03:45;11.95
24-12-2022 04:00;11.82
24-12-2022 04:15;11.8
24-12-2022 04:30;11.94
24-12-2022 04:45;11.65
24-12-2022 05:00;11.56
24-12-2022 05:15;11.72
24-12-2022 05:30;11.33
24-12-2022 05:45;11.39
24-12-2022 06:00;11.43
24-12-2022 06:15;11.38
24-12-2022 06:30;11.42
24-12-2022 06:45;11.3
24-12-2022 07:00;11.22
24-12-2022 07:15;11.12
24-12-2022 07:30;11
24-12-2022 07:45;10.99
24-12-2022 08:00;10.99
24-12-2022 08:15;10.85
24-12-2022 08:30;10.52
24-12-2022 08:45;10.83
24-12-2022 09:00;10.72
24-12-2022 09:15;10.75
24-12-2022 09:30;10.77
24-12-2022 09:45;10.75
24-12-2022 10:00;10.68
24-12-2022 10:15;10.76
24-12-2022 10:30;10.75
24-12-2022 10:45;10.79
24-12-2022 11:00;10.71
24-12-2022 11:15;10.81
24-12-2022 11:30;10.78
24-12-2022 11:45;10.9
24-12-2022 12:00;10.88
24-12-2022 12:15;11
24-12-2022 12:30;11.02
24-12-2022 12:45;11.21
24-12-2022 13:00;11.28
24-12-2022 13:15;11.44
24-12-2022 13:30;11.52
24-12-2022 13:45;11.68
24-12-2022 14:00;11.89
24-12-2022 14:15;12.96
24-12-2022 14:30;13.06
24-12-2022 14:45;13.16
24-12-2022 15:00;13.26
24-12-2022 15:15;13.79
24-12-2022 15:30;15.15
24-12-2022 15:45;14.98
24-12-2022 16:00;15.09
24-12-2022 16:15;15.04
24-12-2022 16:30;15.06
24-12-2022 16:45;15.02
24-12-2022 17:00;15.02
24-12-2022 17:15;15.02
24-12-2022 17:30;15.04
24-12-2022 17:45;15.05
24-12-2022 18:00;14.96
24-12-2022 18:15;15.02
24-12-2022 18:30;14.96
24-12-2022 18:45;14.44
24-12-2022 19:00;14.4
24-12-2022 19:15;14.35
24-12-2022 19:30;14.35
24-12-2022 19:45;14.31
24-12-2022 20:00;14.35
24-12-2022 20:15;13.92
24-12-2022 20:30;13.9
24-12-2022 20:45;12.78
24-12-2022 21:00;13.44
24-12-2022 21:15;13.37
24-12-2022 21:30;13.49
24-12-2022 21:45;13.54
24-12-2022 22:00;13.61
24-12-2022 22:15;13.67
24-12-2022 22:30;13.61
24-12-2022 22:45;13.65
24-12-2022 23:00;13.63
24-12-2022 23:15;13.64
24-12-2022 23:30;13.65
24-12-2022 23:45;13.68
25-12-2022 00:00;13.61
25-12-2022 00:15;13.59
25-12-2022 00:30;13.57
25-12-2022 00:45;13.57
25-12-2022 01:00;13.61
25-12-2022 01:15;13.54
25-12-2022 01:30;13.52
25-12-2022 01:45;13.46
25-12-2022 02:00;13.42
25-12-2022 02:15;13.41
25-12-2022 02:30;13.32
25-12-2022 02:45;13.31
25-12-2022 03:00;13.22
25-12-2022 03:15;13.19
25-12-2022 03:30;13.01
25-12-2022 03:45;13.34
25-12-2022 04:00;12.86
25-12-2022 04:15;12.61
25-12-2022 04:30;12.49
25-12-2022 04:45;12.55
25-12-2022 05:00;12.35
25-12-2022 05:15;12.35
25-12-2022 05:30;12.19
25-12-2022 05:45;12.11
25-12-2022 06:00;11.93
25-12-2022 06:15;11.52
25-12-2022 06:30;11.28
25-12-2022 06:45;11.28
25-12-2022 07:00;11.25
25-12-2022 07:15;11.24
25-12-2022 07:30;11.28
25-12-2022 07:45;11.39
25-12-2022 08:00;11.25
25-12-2022 08:15;11.48
25-12-2022 08:30;11.52
25-12-2022 08:45;11.86
25-12-2022 09:00;11.91
25-12-2022 09:15;11.86
25-12-2022 09:30;11.95
25-12-2022 09:45;12.05
25-12-2022 10:00;12.23
25-12-2022 10:15;12.31
25-12-2022 10:30;12.33
25-12-2022 10:45;12.3
25-12-2022 11:00;12.35
25-12-2022 11:15;12.31
25-12-2022 11:30;12.27
25-12-2022 11:45;12.34
25-12-2022 12:00;12.37
25-12-2022 12:15;12.34
25-12-2022 12:30;12.49
25-12-2022 12:45;12.51
25-12-2022 13:00;12.54
25-12-2022 13:15;12.71
25-12-2022 13:30;12.7
25-12-2022 13:45;12.81
25-12-2022 14:00;13.03
25-12-2022 14:15;13.43
25-12-2022 14:30;12.98
25-12-2022 14:45;12.87
25-12-2022 15:00;12.94
25-12-2022 15:15;12.88
25-12-2022 15:30;12.92
25-12-2022 15:45;12.85
25-12-2022 16:00;12.92
25-12-2022 16:15;13.29
25-12-2022 16:30;13.16
25-12-2022 16:45;12.89
25-12-2022 17:00;12.89
25-12-2022 17:15;12.82
25-12-2022 17:30;12.87
25-12-2022 17:45;12.89
25-12-2022 18:00;12.83
25-12-2022 18:15;12.91
25-12-2022 18:30;12.85
25-12-2022 18:45;12.85
25-12-2022 19:00;12.9
25-12-2022 19:15;12.92
25-12-2022 19:30;12.81
25-12-2022 19:45;12.86
25-12-2022 20:00;12.78
25-12-2022 20:15;12.8
25-12-2022 20:30;12.76
25-12-2022 20:45;12.74
25-12-2022 21:00;12.61
25-12-2022 21:15;12.69
25-12-2022 21:30;12.6
25-12-2022 21:45;12.62
25-12-2022 22:00;12.59
25-12-2022 22:15;12.59
25-12-2022 22:30;12.54
25-12-2022 22:45;12.51
25-12-2022 23:00;12.14
25-12-2022 23:15;11.84
25-12-2022 23:30;11.84
25-12-2022 23:45;11.82
26-12-2022 00:00;11.86
26-12-2022 00:15;11.84
26-12-2022 00:30;11.73
26-12-2022 00:45;11.71
26-12-2022 01:00;11.71
26-12-2022 01:15;11.66
26-12-2022 01:30;11.68
26-12-2022 01:45;11.61
26-12-2022 02:00;11.59
26-12-2022 02:15;11.58
26-12-2022 02:30;11.55
26-12-2022 02:45;11.47
26-12-2022 03:00;11.43
26-12-2022 03:15;11.37
26-12-2022 03:30;11.31
26-12-2022 03:45;11.19
26-12-2022 04:00;10.61
26-12-2022 04:15;10.96
26-12-2022 04:30;10.78
26-12-2022 04:45;10.99
26-12-2022 05:00;11.1
26-12-2022 05:15;10.62
26-12-2022 05:30;9.8
26-12-2022 05:45;9.84
26-12-2022 06:00;10.23
26-12-2022 06:15;10.26
26-12-2022 06:30;10.41
26-12-2022 06:45;10.48
26-12-2022 07:00;10.47
26-12-2022 07:15;11.14
26-12-2022 07:30;11.23
26-12-2022 07:45;11.12
26-12-2022 08:00;10.96
26-12-2022 08:15;10.73
26-12-2022 08:30;10.62
26-12-2022 08:45;10.5
26-12-2022 09:00;10.52
26-12-2022 09:15;10.26
26-12-2022 09:30;10.06
26-12-2022 09:45;8.53
26-12-2022 10:00;9.64
26-12-2022 10:15;10.3
26-12-2022 10:30;10.35
26-12-2022 10:45;10.29
26-12-2022 11:00;10.29
26-12-2022 11:15;10.37
26-12-2022 11:30;10.37
26-12-2022 11:45;10.38
26-12-2022 12:00;10.51
26-12-2022 12:15;10.66
26-12-2022 12:30;10.68
26-12-2022 12:45;10.84
26-12-2022 13:00;10.91
26-12-2022 13:15;11.15
26-12-2022 13:30;11.38
26-12-2022 13:45;11.42
26-12-2022 14:00;12.33
26-12-2022 14:15;12.97
26-12-2022 14:30;13.35
26-12-2022 14:45;13.68
26-12-2022 15:00;14.23
26-12-2022 15:15;14.57
26-12-2022 15:30;15.24
26-12-2022 15:45;15.52
26-12-2022 16:00;16.25
26-12-2022 16:15;16.39
26-12-2022 16:30;16.86
26-12-2022 16:45;17
26-12-2022 17:00;17.46
26-12-2022 17:15;17.47
26-12-2022 17:30;17.56
26-12-2022 17:45;17.35
26-12-2022 18:00;17.43
26-12-2022 18:15;17.38
26-12-2022 18:30;17.58
26-12-2022 18:45;17.41
26-12-2022 19:00;17.4
26-12-2022 19:15;17.25
26-12-2022 19:30;17.08
26-12-2022 19:45;16.94
26-12-2022 20:00;16.55
26-12-2022 20:15;16.41
26-12-2022 20:30;15.57
26-12-2022 20:45;15.12
26-12-2022 21:00;14.84
26-12-2022 21:15;14.6
26-12-2022 21:30;14.45
26-12-2022 21:45;14.49
26-12-2022 22:00;14.85
26-12-2022 22:15;14.33
26-12-2022 22:30;14.23
26-12-2022 22:45;14.12
26-12-2022 23:00;14.17
26-12-2022 23:15;14.02
26-12-2022 23:30;14.09
26-12-2022 23:45;13.91
27-12-2022 00:00;13.97
27-12-2022 00:15;13.93
27-12-2022 00:30;13.83
27-12-2022 00:45;13.83
27-12-2022 01:00;13.82
27-12-2022 01:15;13.54
27-12-2022 01:30;13.16
27-12-2022 01:45;13.1
27-12-2022 02:00;13.08
27-12-2022 02:15;13.05
27-12-2022 02:30;13.06
27-12-2022 02:45;12.94
27-12-2022 03:00;12.98
27-12-2022 03:15;12.84
27-12-2022 03:30;12.82
27-12-2022 03:45;12.4
27-12-2022 04:00;12.23
27-12-2022 04:15;11.93
27-12-2022 04:30;12.02
27-12-2022 04:45;12.07
27-12-2022 05:00;11.97
27-12-2022 05:15;11.96
27-12-2022 05:30;11.88
27-12-2022 05:45;12.02
27-12-2022 06:00;12.12
27-12-2022 06:15;12
27-12-2022 06:30;12.13
27-12-2022 06:45;11.92
27-12-2022 07:00;11.86
27-12-2022 07:15;11.73
27-12-2022 07:30;11.67
27-12-2022 07:45;11.56
27-12-2022 08:00;10.85
27-12-2022 08:15;10.02
27-12-2022 08:30;10.08
27-12-2022 08:45;10.24
27-12-2022 09:00;10.51
27-12-2022 09:15;10.71
27-12-2022 09:30;10.79
27-12-2022 09:45;10.78
27-12-2022 10:00;10.58
27-12-2022 10:15;11.79
27-12-2022 10:30;12.18
27-12-2022 10:45;12.23
27-12-2022 11:00;12.07
27-12-2022 11:15;11.98
27-12-2022 11:30;11.97
27-12-2022 11:45;11.95
27-12-2022 12:00;12.04
27-12-2022 12:15;12.06
27-12-2022 12:30;12.1
27-12-2022 12:45;12.1
27-12-2022 13:00;12.22
27-12-2022 13:15;12.22
27-12-2022 13:30;12.26
27-12-2022 13:45;12.39
27-12-2022 14:00;12.37
27-12-2022 14:15;12.59
27-12-2022 14:30;12.58
27-12-2022 14:45;12.95
27-12-2022 15:00;13.15
27-12-2022 15:15;12.98
27-12-2022 15:30;13.08
27-12-2022 15:45;13.1
27-12-2022 16:00;12.9
27-12-2022 16:15;12.63
27-12-2022 16:30;12.47
27-12-2022 16:45;12.36
27-12-2022 17:00;12.18
27-12-2022 17:15;12.13
27-12-2022 17:30;12.08
27-12-2022 17:45;12.07
27-12-2022 18:00;11.93
27-12-2022 18:15;11.84
27-12-2022 18:30;11.78
27-12-2022 18:45;11.76
27-12-2022 19:00;11.72
27-12-2022 19:15;11.67
27-12-2022 19:30;11.52
27-12-2022 19:45;11.31
27-12-2022 20:00;11.35
27-12-2022 20:15;11.56
27-12-2022 20:30;11.66
27-12-2022 20:45;11.32
27-12-2022 21:00;11.4
27-12-2022 21:15;11.25
27-12-2022 21:30;10.85
27-12-2022 21:45;10.97
27-12-2022 22:00;11.08
27-12-2022 22:15;11.08
27-12-2022 22:30;11.19
27-12-2022 22:45;11.28
27-12-2022 23:00;11.8
27-12-2022 23:15;11.82
27-12-2022 23:30;11.84
27-12-2022 23:45;11.89
28-12-2022 00:00;11.91
28-12-2022 00:15;11.95
28-12-2022 00:30;11.99
28-12-2022 00:45;11.99
28-12-2022 01:00;12.01
28-12-2022 01:15;12.05
28-12-2022 01:30;11.91
28-12-2022 01:45;11.98
28-12-2022 02:00;11.98
28-12-2022 02:15;11.97
28-12-2022 02:30;11.89
28-12-2022 02:45;11.88
28-12-2022 03:00;11.94
28-12-2022 03:15;11.84
28-12-2022 03:30;11.88
28-12-2022 03:45;11.87
28-12-2022 04:00;11.77
28-12-2022 04:15;11.9
28-12-2022 04:30;12.19
28-12-2022 04:45;12.13
28-12-2022 05:00;12.24
28-12-2022 05:15;12.81
28-12-2022 05:30;12.93
28-12-2022 05:45;13
28-12-2022 06:00;13.17
28-12-2022 06:15;13.1
28-12-2022 06:30;13.13
28-12-2022 06:45;13.05
28-12-2022 07:00;12.94
28-12-2022 07:15;12.68
28-12-2022 07:30;12.5
28-12-2022 07:45;12.34
28-12-2022 08:00;12.05
28-12-2022 08:15;11.96
28-12-2022 08:30;11.56
28-12-2022 08:45;11.73
28-12-2022 09:00;11.46
28-12-2022 09:15;11.25
28-12-2022 09:30;11.36
28-12-2022 09:45;10.73
28-12-2022 10:00;10.83
28-12-2022 10:15;10.91
28-12-2022 10:30;11.1
28-12-2022 10:45;11.14
28-12-2022 11:00;11.29
28-12-2022 11:15;11.42
28-12-2022 11:30;11.7
28-12-2022 11:45;11.76
28-12-2022 12:00;11.94
28-12-2022 12:15;12.24
28-12-2022 12:30;12.25
28-12-2022 12:45;12.33
28-12-2022 13:00;12.28
28-12-2022 13:15;12.48
28-12-2022 13:30;12.66
28-12-2022 13:45;12.79
28-12-2022 14:00;12.87
28-12-2022 14:15;12.98
28-12-2022 14:30;13.05
28-12-2022 14:45;13.12
28-12-2022 15:00;13.27
28-12-2022 15:15;13.62
28-12-2022 15:30;13.84
28-12-2022 15:45;14.18
28-12-2022 16:00;14.77
28-12-2022 16:15;14.87
28-12-2022 16:30;15
28-12-2022 16:45;15.78
28-12-2022 17:00;15.92
28-12-2022 17:15;16.06
28-12-2022 17:30;16
28-12-2022 17:45;16.21
28-12-2022 18:00;16.62
28-12-2022 18:15;17
28-12-2022 18:30;17.09
28-12-2022 18:45;17.45
28-12-2022 19:00;17.78
28-12-2022 19:15;18.2
28-12-2022 19:30;18.32
28-12-2022 19:45;18.79
28-12-2022 20:00;19.6
28-12-2022 20:15;19.82
28-12-2022 20:30;20.5
28-12-2022 20:45;20.62
28-12-2022 21:00;20.77
28-12-2022 21:15;20.67
28-12-2022 21:30;20.88
28-12-2022 21:45;21.36
28-12-2022 22:00;22.35
28-12-2022 22:15;22.43
28-12-2022 22:30;22.34
28-12-2022 22:45;21.62
28-12-2022 23:00;20.05
28-12-2022 23:15;18.66
28-12-2022 23:30;18.47
28-12-2022 23:45;18.35
29-12-2022 00:00;19
29-12-2022 00:15;17.69
29-12-2022 00:30;16.73
29-12-2022 00:45;16.23
29-12-2022 01:00;16.84
29-12-2022 01:15;16.46
29-12-2022 01:30;16.01
29-12-2022 01:45;14.85
29-12-2022 02:00;14.88
29-12-2022 02:15;14.29
29-12-2022 02:30;14.14
29-12-2022 02:45;14.28
29-12-2022 03:00;14.28
29-12-2022 03:15;14.75
29-12-2022 03:30;16
29-12-2022 03:45;16.24
29-12-2022 04:00;16.76
29-12-2022 04:15;17.83
29-12-2022 04:30;18.92
29-12-2022 04:45;19.77
29-12-2022 05:00;20.63
29-12-2022 05:15;21.32
29-12-2022 05:30;22.28
29-12-2022 05:45;23.28
29-12-2022 06:00;21.82
29-12-2022 06:15;21.48
29-12-2022 06:30;21.82
29-12-2022 06:45;22.39
29-12-2022 07:00;23
29-12-2022 07:15;22.82
29-12-2022 07:30;22.48
29-12-2022 07:45;22.33
29-12-2022 08:00;22.45
29-12-2022 08:15;22.05
29-12-2022 08:30;21.48
29-12-2022 08:45;21.46
29-12-2022 09:00;20.61
29-12-2022 09:15;19.83
29-12-2022 09:30;19.68
29-12-2022 09:45;19.6
29-12-2022 10:00;19.34
29-12-2022 10:15;19.28
29-12-2022 10:30;19.26
29-12-2022 10:45;19.1
29-12-2022 11:00;18.98
29-12-2022 11:15;18.88
29-12-2022 11:30;18.74
29-12-2022 11:45;18.45
29-12-2022 12:00;18.48
29-12-2022 12:15;18.43
29-12-2022 12:30;19.26
29-12-2022 12:45;18.93
29-12-2022 13:00;18.58
29-12-2022 13:15;18.53
29-12-2022 13:30;18.47
29-12-2022 13:45;18.74
29-12-2022 14:00;19.2
29-12-2022 14:15;18.71
29-12-2022 14:30;18.41
29-12-2022 14:45;18.12
29-12-2022 15:00;18.12
29-12-2022 15:15;17.74
29-12-2022 15:30;17.85
29-12-2022 15:45;17.77
29-12-2022 16:00;17.81
29-12-2022 16:15;17.8
29-12-2022 16:30;17.75
29-12-2022 16:45;17.71
29-12-2022 17:00;17.6
29-12-2022 17:15;17.68
29-12-2022 17:30;17.51
29-12-2022 17:45;16.45
29-12-2022 18:00;15.85
29-12-2022 18:15;15.82
29-12-2022 18:30;15.45
29-12-2022 18:45;14.29
29-12-2022 19:00;14.18
29-12-2022 19:15;13.61
29-12-2022 19:30;13.69
29-12-2022 19:45;13.69
29-12-2022 20:00;13.27
29-12-2022 20:15;12.87
29-12-2022 20:30;12.01
29-12-2022 20:45;12
29-12-2022 21:00;11.97
29-12-2022 21:15;11.97
29-12-2022 21:30;11.98
29-12-2022 21:45;12.08
29-12-2022 22:00;11.89
29-12-2022 22:15;11.59
29-12-2022 22:30;11.54
29-12-2022 22:45;11.6
29-12-2022 23:00;11.54
29-12-2022 23:15;11.55
29-12-2022 23:30;11.49
29-12-2022 23:45;11.55
30-12-2022 00:00;11.53
30-12-2022 00:15;11.51
30-12-2022 00:30;11.53
30-12-2022 00:45;11.59
30-12-2022 01:00;11.75
30-12-2022 01:15;11.7
30-12-2022 01:30;11.56
30-12-2022 01:45;11.63
30-12-2022 02:00;11.68
30-12-2022 02:15;11.95
30-12-2022 02:30;12.89
30-12-2022 02:45;13.34
30-12-2022 03:00;14.48
30-12-2022 03:15;14.73
30-12-2022 03:30;14.76
30-12-2022 03:45;14.5
30-12-2022 04:00;14.45
30-12-2022 04:15;14.5
30-12-2022 04:30;14.45
30-12-2022 04:45;14.27
30-12-2022 05:00;14.41
30-12-2022 05:15;14.85
30-12-2022 05:30;15.15
30-12-2022 05:45;14.74
30-12-2022 06:00;14.57
30-12-2022 06:15;14.17
30-12-2022 06:30;14.1
30-12-2022 06:45;14.06
30-12-2022 07:00;13.9
30-12-2022 07:15;13.67
30-12-2022 07:30;13.33
30-12-2022 07:45;13.13
30-12-2022 08:00;12.54
30-12-2022 08:15;11.75
30-12-2022 08:30;11.34
30-12-2022 08:45;10.84
30-12-2022 09:00;10.6
30-12-2022 09:15;10.39
30-12-2022 09:30;10.12
30-12-2022 09:45;9.08
30-12-2022 10:00;8.6
30-12-2022 10:15;9.09
30-12-2022 10:30;8.17
30-12-2022 10:45;8.52
30-12-2022 11:00;9.47
30-12-2022 11:15;11.2
30-12-2022 11:30;11.91
30-12-2022 11:45;13.29
30-12-2022 12:00;14.44
30-12-2022 12:15;15.25
30-12-2022 12:30;15.94
30-12-2022 12:45;16.36
30-12-2022 13:00;18.83
30-12-2022 13:15;19.68
30-12-2022 13:30;20.07
30-12-2022 13:45;20.5
30-12-2022 14:00;21
30-12-2022 14:15;21.5
30-12-2022 14:30;21.8
30-12-2022 14:45;22.05
30-12-2022 15:00;20.5
30-12-2022 15:15;19.9
30-12-2022 15:30;20.09
30-12-2022 15:45;20.59
30-12-2022 16:00;20.75
30-12-2022 16:15;21.21
30-12-2022 16:30;21.86
30-12-2022 16:45;21.92
30-12-2022 17:00;21.98
30-12-2022 17:15;21.92
30-12-2022 17:30;22.39
30-12-2022 17:45;22.53
30-12-2022 18:00;22.42
30-12-2022 18:15;22.8
30-12-2022 18:30;22.83
30-12-2022 18:45;22.96
30-12-2022 19:00;22.75
30-12-2022 19:15;22.6
30-12-2022 19:30;22.13
30-12-2022 19:45;21.97
30-12-2022 20:00;21.55
30-12-2022 20:15;21.33
30-12-2022 20:30;20.59
30-12-2022 20:45;20.1
30-12-2022 21:00;20.07
30-12-2022 21:15;20.06
30-12-2022 21:30;19.83
30-12-2022 21:45;20
30-12-2022 22:00;20.98
30-12-2022 22:15;20.77
30-12-2022 22:30;20.5
30-12-2022 22:45;20.08
30-12-2022 23:00;18.81
30-12-2022 23:15;17.8
30-12-2022 23:30;17.66
30-12-2022 23:45;16.68
31-12-2022 00:00;16.84
31-12-2022 00:15;16.63
31-12-2022 00:30;17.04
31-12-2022 00:45;16.88
31-12-2022 01:00;16.37
31-12-2022 01:15;16.18
31-12-2022 01:30;15.89
31-12-2022 01:45;14.61
31-12-2022 02:00;14.37
31-12-2022 02:15;13.94
31-12-2022 02:30;13.42
31-12-2022 02:45;12.76
31-12-2022 03:00;12.64
31-12-2022 03:15;12.27
31-12-2022 03:30;12.45
31-12-2022 03:45;12.26
31-12-2022 04:00;12.11
31-12-2022 04:15;12.07
31-12-2022 04:30;11.93
31-12-2022 04:45;11.74
31-12-2022 05:00;11.67
31-12-2022 05:15;11.51
31-12-2022 05:30;11.42
31-12-2022 05:45;10.66
31-12-2022 06:00;10.67
31-12-2022 06:15;10.4
31-12-2022 06:30;10.35
31-12-2022 06:45;9.41
31-12-2022 07:00;9.21
31-12-2022 07:15;9.23
31-12-2022 07:30;9.29
31-12-2022 07:45;9.34
31-12-2022 08:00;9.32
31-12-2022 08:15;9.25
31-12-2022 08:30;9.3
31-12-2022 08:45;9.35
31-12-2022 09:00;9.59
31-12-2022 09:15;9.7
31-12-2022 09:30;9.8
31-12-2022 09:45;9.84
31-12-2022 10:00;9.88
31-12-2022 10:15;9.93
31-12-2022 10:30;9.95
31-12-2022 10:45;10.05
31-12-2022 11:00;9.9
31-12-2022 11:15;10.31
31-12-2022 11:30;10.74
31-12-2022 11:45;9.71
31-12-2022 12:00;9.74
31-12-2022 12:15;9.84
31-12-2022 12:30;10
31-12-2022 12:45;10.09
31-12-2022 13:00;10.2
31-12-2022 13:15;10.37
31-12-2022 13:30;10.54
31-12-2022 13:45;11.39
31-12-2022 14:00;12.01
31-12-2022 14:15;13.98
31-12-2022 14:30;15.34
31-12-2022 14:45;15.77
31-12-2022 15:00;15.74
31-12-2022 15:15;15.72
31-12-2022 15:30;15.67
31-12-2022 15:45;15.5
31-12-2022 16:00;14.98
31-12-2022 16:15;14.74
31-12-2022 16:30;14.43
31-12-2022 16:45;14.13
31-12-2022 17:00;14
31-12-2022 17:15;13.99
31-12-2022 17:30;13.82
31-12-2022 17:45;13.65
31-12-2022 18:00;13.66
31-12-2022 18:15;13.52
31-12-2022 18:30;13.54
31-12-2022 18:45;13.66
31-12-2022 19:00;13.56
31-12-2022 19:15;13.62
31-12-2022 19:30;13.56
31-12-2022 19:45;13.61
31-12-2022 20:00;13.69
31-12-2022 20:15;13.93
31-12-2022 20:30;13.82
31-12-2022 20:45;13.85
31-12-2022 21:00;13.92
31-12-2022 21:15;13.8
31-12-2022 21:30;13.85
31-12-2022 21:45;13.9
31-12-2022 22:00;13.98
31-12-2022 22:15;14.13
31-12-2022 22:30;14.22
31-12-2022 22:45;14.11
31-12-2022 23:00;14.13
31-12-2022 23:15;14.06
31-12-2022 23:30;14.06
31-12-2022 23:45;14.15